first_name,last_name,email,phone,status,lead_source,location,interest_type,training_goals,start_timeline,preferred_contact,how_did_you_hear_about_us,notes,tags,date_of_birth,address,city,state,zip_code,created_at
Test,User162018,test162018@test.com,(831) 555-0100,Joined,website_form,santa_cruz,General Membership,Get stronger,ASAP,call,,,,,,,,,2026-03-08T16:20:18.415082+00:00
Manual,Lead162018,manual162018@test.com,(831) 555-0200,Lost,manual_entry,santa_cruz,Personal Training,,Just exploring,call,,Created manually via API test,,,,,,,2026-03-08T16:20:19.020815+00:00
John,Doe,john.doe@test.com,(831) 555-1234,Booked Visit,book_a_visit,santa_cruz,General Membership,Want to get stronger for surfing,ASAP,call,,,,,,,,,2026-03-08T16:21:32.735901+00:00
Test,User164516,test164516@test.com,(831) 555-0100,Booked Visit,website_form,santa_cruz,General Membership,Get stronger,ASAP,call,,,,,,,,,2026-03-08T16:45:16.324406+00:00
Manual,Lead164516,manual164516@test.com,(831) 555-0200,Booked Visit,manual_entry,santa_cruz,Personal Training,,Just exploring,call,,Created manually via API test,,,,,,,2026-03-08T16:45:16.929504+00:00
Fabiola,Gutierrez,fabiola_gutierrez15@yahoo.com,5103616605,Joined,manual_entry,santa_cruz,General Membership,,ASAP,call,,Walk-in,,,,,,,2026-03-08T21:27:43.396173+00:00
Kai,stas,kai@nightmaremuscle.co,51012345678,Joined,book_a_tour,santa_cruz,Personal Training,I am scared to come in the gym,ASAP,text,,,,,,,,,2026-03-09T16:36:46.502361+00:00
Test,Lead,test@example.com,(831) 555-0123,New,website_form,santa_cruz,General Membership,,ASAP,call,,,,,,,,,2026-03-09T19:26:37.305942+00:00
Email,Test,emailtest2@example.com,(831) 555-9999,New,website_form,santa_cruz,Personal Training,,1-2 weeks,call,,,,,,,,,2026-03-09T19:27:27.029353+00:00
Final,Test,finaltest@example.com,(831) 555-1234,Booked Visit,website_form,santa_cruz,General Membership,,ASAP,call,,,,,,,,,2026-03-09T19:28:11.149679+00:00
SMS,Test,smstest@example.com,+15103616605,New,website_form,santa_cruz,Personal Training,,ASAP,call,,,,,,,,,2026-03-11T04:47:51.058610+00:00
Wilmer,,wilmer@breakingprs.com,+15103616605,Attempted Call,website_form,santa_cruz,General Membership,,ASAP,call,,,,,,,,,2026-03-12T18:54:02.821541+00:00
TestLead,ApiTest,testlead_1773441349@example.com,+14083376709,New,api_test,santa_cruz,General Membership,Get stronger for surfing,ASAP,email,,,,,,,,,2026-03-13T22:35:49.333848+00:00
TestLead,ApiTest,testlead_1773441384@example.com,+14083376709,New,api_test,santa_cruz,General Membership,Get stronger for surfing,ASAP,email,,,,,,,,,2026-03-13T22:36:24.528690+00:00
Deploy,Ready,deploy@test.com,+15103616605,New,website_form,santa_cruz,General Membership,,ASAP,call,,,,,,,,,2026-03-13T22:39:34.214951+00:00
SMS,Test,smstest-live@example.com,+15103616605,New,website_form,santa_cruz,General Membership,,ASAP,call,,,,,,,,,2026-03-14T05:41:35.558913+00:00
Live,Test,livetest-sms@example.com,+14083376709,New,website_form,santa_cruz,General Membership,,ASAP,call,,,,,,,,,2026-03-14T05:43:24.720728+00:00
Phone,Test,phonetest@example.com,(831) 555-0100,New,website_form,santa_cruz,General Membership,,ASAP,call,,,,,,,,,2026-03-28T19:49:50.915564+00:00
Virginia S Jutson,,ginnies@comcast.net,(831) 588-4889,New,csv_import,santa_cruz,General Membership,Build strength,ASAP,call,Facebook,"Previous member
Address: 815 Redwood Rd, Santa Cruz, CA, 95018
How heard: Facebook",imported,3/24/1958,815 Redwood Rd,Santa Cruz,CA,95018,2026-03-29T18:54:50.933464+00:00
Marte Olborg,,marteolborg@gmail.com,(004) 799-4663,New,csv_import,santa_cruz,General Membership,,Just exploring,call,DROP IN,"Address: Blas Silurveien 8B, ""OSLO, NORWAY"", 873
How heard: DROP IN",imported,7/15/1991,Blas Silurveien 8B,"""OSLO, NORWAY""",,873,2026-03-29T18:54:50.933464+00:00
Kjell Egil Bakkelund,,kjell.e.bakkelund@hotmail.com,(004) 741-4759,New,csv_import,santa_cruz,General Membership,,Just exploring,call,DROP IN,"Address: Silurveien 8B, ""Oslo, NORWAY"", 380
How heard: DROP IN",imported,7/18/1988,Silurveien 8B,"""Oslo, NORWAY""",,380,2026-03-29T18:54:50.933464+00:00
JAKOB MAINZ,,jakob-mainz@hotmail.com,0045 28120844,New,csv_import,santa_cruz,General Membership,,Just exploring,call,Google,"Address: Aaparken 12, Aalborg, DK, 9000
How heard: Google",imported,10/2/1993,Aaparken 12,Aalborg,DK,9000,2026-03-29T18:54:50.933464+00:00
Alex Chay,,alexmchay@gmail.com,(310) 968-4872,New,csv_import,santa_cruz,General Membership,,Just exploring,call,Barbell Medicine,"Address: ""1810 Alameda Ave, Apt E"", Alameda, CA, 94501
How heard: Barbell Medicine",imported,9/15/1982,"""1810 Alameda Ave, Apt E""",Alameda,CA,94501,2026-03-29T18:54:50.933464+00:00
Elijah Grimaldi,,eli.grimaldi123@gmail.com,(510) 919-5863,New,csv_import,santa_cruz,General Membership,,Just exploring,call,Friend,"Address: 2033 Encinal Avenue, Alameda, CA, 94501
How heard: Friend",imported,2/25/2000,2033 Encinal Avenue,Alameda,CA,94501,2026-03-29T18:54:50.933464+00:00
Tessa Scott,,tessascott94@gmail.com,(913) 904-8889,New,csv_import,santa_cruz,General Membership,,Just exploring,call,Friend!,"Address: 725 Kula Gulf Way Apt 301, Albany, CA, 94706
How heard: Friend!",imported,8/27/1994,725 Kula Gulf Way Apt 301,Albany,CA,94706,2026-03-29T18:54:50.933464+00:00
Max Meyers,,yourpoliticsarewrong@protonmail.com,(510) 577-2483,New,csv_import,santa_cruz,General Membership,,Just exploring,call,Strength club,"Address: 952 Ventura Ave, Albany, CA, 94707
How heard: Strength club",imported,7/1/2001,952 Ventura Ave,Albany,CA,94707,2026-03-29T18:54:50.933464+00:00
Max Meyers,,mmeyers37@protonmail.com,(510) 512-2183,New,csv_import,santa_cruz,General Membership,,Just exploring,call,,"Address: 952 Ventura, Albany, CA, 94707",imported,7/9/2001,952 Ventura,Albany,CA,94707,2026-03-29T18:54:50.933464+00:00
Max Meyers,,mmeyers32@pm.me,(510) 517-2183,New,csv_import,santa_cruz,General Membership,,Just exploring,call,,"Address: 952 Ventura Ave, Albany, CA, 94707",imported,7/4/2001,952 Ventura Ave,Albany,CA,94707,2026-03-29T18:54:50.933464+00:00
Max Meyers,,mmeyers32@protonmail.com,(510) 512-2183,New,csv_import,santa_cruz,General Membership,,Just exploring,call,,"Address: 952 Ventura, Albany, CA, 94707",imported,7/4/2001,952 Ventura,Albany,CA,94707,2026-03-29T18:54:50.933464+00:00
Kyle Lotfi,,k.m.lotfi@gmail.com,(410) 279-6657,New,csv_import,santa_cruz,General Membership,,Just exploring,call,,"Address: 306 Adams Avenue Apt 204, Alexandria, 22301",imported,1/3/1986,306 Adams Avenue Apt 204,Alexandria,,22301,2026-03-29T18:54:50.933464+00:00
Melis Peker,,melisvpeker@gmail.com,(949) 304-9799,New,csv_import,santa_cruz,General Membership,,Just exploring,call,Friends,"Address: 17 Coffeeberry, Aliso Viejo, CA, 92656
How heard: Friends",imported,1/30/2003,17 Coffeeberry,Aliso Viejo,CA,92656,2026-03-29T18:54:50.933464+00:00
Chris Alegria,,,(626) 696-3727,New,csv_import,santa_cruz,General Membership,,Just exploring,call,Google,"Address: 3829 Loma Court, Altadena, CA, 91001
How heard: Google",imported,10/11/1984,3829 Loma Court,Altadena,CA,91001,2026-03-29T18:54:50.933464+00:00
Dan Greenberg,,daneli@umich.edu,(734) 660-2634,New,csv_import,santa_cruz,General Membership,,Just exploring,call,,"Address: 1850 E. Altadena, Altadena, CA, 91001",imported,3/26/1956,1850 E. Altadena,Altadena,CA,91001,2026-03-29T18:54:50.933464+00:00
INGRID LUDWIG,,ingridpauline@gmail,(702) 690-8752,New,csv_import,santa_cruz,General Membership,,Just exploring,call,Google,"Address: 3829 LUNA CT, ALTADENA, CA, 91001
How heard: Google",imported,7/25/1986,3829 LUNA CT,ALTADENA,CA,91001,2026-03-29T18:54:50.933464+00:00
LUCY HART,,lah67@cam.ac.uk,(447) 512-748552,New,csv_import,santa_cruz,General Membership,,Just exploring,call,google,"Address: 59 BOROVERE LANE, ALTON
How heard: google",imported,4/23/1995,59 BOROVERE LANE,ALTON,,,2026-03-29T18:54:50.933464+00:00
Gwen Fletcher,,gwenfletcher01@gmail.com,(530) 744-4232,New,csv_import,santa_cruz,General Membership,,Just exploring,call,,"Address: 19832 Loop St, Anderson, CA, 96007",imported,12/28/2001,19832 Loop St,Anderson,CA,96007,2026-03-29T18:54:50.933464+00:00
Rhiannon Ricketts,,lilbit0622@gmail.com,(530) 338-5187,New,csv_import,santa_cruz,General Membership,,Just exploring,call,Olivia Stimpel,"Address: 16604 Whispering, Anderson, CA, 96007
How heard: Olivia Stimpel",imported,3/22/1978,16604 Whispering,Anderson,CA,96007,2026-03-29T18:54:50.933464+00:00
Leo Martin,,leohidas@gmail.com,(515) 333-1509,New,csv_import,santa_cruz,General Membership,,Just exploring,call,online,"Address: 2527 SW 20th Circle, Ankeny, IA, 50023
How heard: online",imported,5/31/2008,2527 SW 20th Circle,Ankeny,IA,50023,2026-03-29T18:54:50.933464+00:00
Leo Martin,,leonidas@gmail.com,(515) 333-1559,New,csv_import,santa_cruz,General Membership,,Just exploring,call,online,"Address: 2527 SW 20th circle, Ankeny, IA, 50023
How heard: online",imported,5/31/2008,2527 SW 20th circle,Ankeny,IA,50023,2026-03-29T18:54:50.933464+00:00
Jack O'Brien,,mysteryjack931@gmail.com,(916) 477-1339,New,csv_import,santa_cruz,General Membership,,Just exploring,call,other people,"Address: Forsythia Way, Antelope, CA, 95843
How heard: other people",imported,8/28/2003,Forsythia Way,Antelope,CA,95843,2026-03-29T18:54:50.933464+00:00
Mason Ross,,masonross411@gmail.com,(831) 588-0974,New,csv_import,santa_cruz,General Membership,,Just exploring,call,online,"Address: 3063 Artic Dr, Antos, CA, 95007
How heard: online",imported,4/11/2007,3063 Artic Dr,Antos,CA,95007,2026-03-29T18:54:50.933464+00:00
MARCUS SANDBERG,,marcusjsandberg@gmail.com,(831) 246-2810,New,csv_import,santa_cruz,General Membership,,Just exploring,call,Websearch,"Address: 124 Falmouth Court, Aptos, CA, 95003
How heard: Websearch",imported,2/22/1980,124 Falmouth Court,Aptos,CA,95003,2026-03-29T18:54:50.933464+00:00
Gavin Stilwell,,desiree@gearbettys.com,(831) 231-5820,New,csv_import,santa_cruz,General Membership,,Just exploring,call,,"Address: 3025 Pacific Hts. Dr., Aptos, CA, 95003",imported,7/12/2003,3025 Pacific Hts. Dr.,Aptos,CA,95003,2026-03-29T18:54:50.933464+00:00
Tony Stilwell,,stilwellohana@gmail.com,(831) 251-4696,New,csv_import,santa_cruz,General Membership,,Just exploring,call,,"Address: 3025 Pacific Heights, Aptos, CA, 95003",imported,12/11/1965,3025 Pacific Heights,Aptos,CA,95003,2026-03-29T18:54:50.933464+00:00
DEDE SOEKARDI,,dedesoekardi@yahoo.com,(307) 494-6202,New,csv_import,santa_cruz,General Membership,,Just exploring,call,,"Address: 3175 Merrill RD., Aptos, CA, 95003",imported,3/11/1972,3175 Merrill RD.,Aptos,CA,95003,2026-03-29T18:54:50.933464+00:00
Desiree Stilwell,,dearced@gearbetty's.com,(831) 334-5990,New,csv_import,santa_cruz,General Membership,,Just exploring,call,,"Address: 3025 Pacific Hts Pk, Aptos, CA, 95003",imported,8/9/1978,3025 Pacific Hts Pk,Aptos,CA,95003,2026-03-29T18:54:50.933464+00:00
Sierra Stilwell,,stilwell.shana@gmail.com,(831) 251-4696,New,csv_import,santa_cruz,General Membership,,Just exploring,call,,"Address: 3025 Pacific Heights, Aptos, CA, 95003",imported,12/11/2005,3025 Pacific Heights,Aptos,CA,95003,2026-03-29T18:54:50.933464+00:00
Ben Snyder,,benm.snyder@gmail.com,(715) 707-1356,New,csv_import,santa_cruz,General Membership,,Just exploring,call,Hugh Quigley,"Address: 160 Hawks Peak, Aptos, CA, 95003
How heard: Hugh Quigley",imported,7/7/2016,160 Hawks Peak,Aptos,CA,95003,2026-03-29T18:54:50.933464+00:00
Sophie Merli,,sophmerli2@gmail.com,(602) 549-0697,New,csv_import,santa_cruz,General Membership,,Just exploring,call,Friend,"Address: 216 Florence Dr, Aptos, CA, 95003
How heard: Friend",imported,7/22/1994,216 Florence Dr,Aptos,CA,95003,2026-03-29T18:54:50.933464+00:00
Julie Moseley,,jmoseley@fastmail.fm,(831) 345-7377,New,csv_import,santa_cruz,General Membership,,Just exploring,call,,"Address: 515 Yoshiko Way, Aptos, CA, 95003",imported,10/31/1950,515 Yoshiko Way,Aptos,CA,95003,2026-03-29T18:54:50.933464+00:00
Bret Millar,,bootsmiller@gmail.com,(871) 331-7768,New,csv_import,santa_cruz,General Membership,,Just exploring,call,Wife,"Address: 2541 Redwood Dr., Aptos, CA, 95003
How heard: Wife",imported,12/9/1981,2541 Redwood Dr.,Aptos,CA,95003,2026-03-29T18:54:50.933464+00:00
Charlie Millar,,charliemillar.aptos@gmail.com,(831) 291-8070,New,csv_import,santa_cruz,General Membership,,Just exploring,call,Stacey / Jenna,"Address: 2541 Redwood Dr, Aptos, CA, 95003
How heard: Stacey / Jenna",imported,4/3/1983,2541 Redwood Dr,Aptos,CA,95003,2026-03-29T18:54:50.933464+00:00
Judy Muir,,jmuir88@gmail.com,(925) 336-2828,New,csv_import,santa_cruz,General Membership,,Just exploring,call,Online,"Address: 9667 Monroe Ave, Aptos, CA, 95003
How heard: Online",imported,12/19/1958,9667 Monroe Ave,Aptos,CA,95003,2026-03-29T18:54:50.933464+00:00
Jay M Mims,,jmmims@hotmail.com,(831) 332-6614,New,csv_import,santa_cruz,General Membership,,Just exploring,call,My wife Rhonda knows Stacy!,"Address: 990 Cathedral Dr, Aptos, CA, 95003
How heard: My wife Rhonda knows Stacy!",imported,5/15/1979,990 Cathedral Dr,Aptos,CA,95003,2026-03-29T18:54:50.933464+00:00
Alexis Medeiros,,superlex99@yahoo.com,(209) 535-0246,New,csv_import,santa_cruz,General Membership,,Just exploring,call,SC Health Fair,"Address: 170 Carol Way, Aptos, CA, 95003
How heard: SC Health Fair",imported,,170 Carol Way,Aptos,CA,95003,2026-03-29T18:54:50.933464+00:00
Tommy McWeeney,,willh79@gmail.com,(407) 242-9436,New,csv_import,santa_cruz,General Membership,,Just exploring,call,Narine,"Address: 2091 Huntington Dr., Aptos, CA, 95003
How heard: Narine",imported,11/12/1979,2091 Huntington Dr.,Aptos,CA,95003,2026-03-29T18:54:50.933464+00:00
Ben Snyder,,ben m snyder@gmail.com,(715) 707-1356,New,csv_import,santa_cruz,General Membership,,Just exploring,call,Hugh Quigley,"Address: 160 Hawks Peak, Aptos, CA, 95003
How heard: Hugh Quigley",imported,7/7/1976,160 Hawks Peak,Aptos,CA,95003,2026-03-29T18:54:50.933464+00:00
Sophie Mertz,,sophmertz@gmail.com,(602) 549-0697,New,csv_import,santa_cruz,General Membership,,Just exploring,call,Friend,"Address: 216 Florence Dr., Aptos, CA, 95003
How heard: Friend",imported,7/22/1994,216 Florence Dr.,Aptos,CA,95003,2026-03-29T18:54:50.933464+00:00
Bret Millar,,bretsmillar@gmail.com,(831) 331-7768,New,csv_import,santa_cruz,General Membership,,Just exploring,call,wife,"Address: 2541 Redwood Dr., Aptos, CA, 95003
How heard: wife",imported,12/9/1981,2541 Redwood Dr.,Aptos,CA,95003,2026-03-29T18:54:50.933464+00:00
JUDY MUI,,judymui88@gmail.com,(925) 336-0828,New,csv_import,santa_cruz,General Membership,,Just exploring,call,Online,"Address: 9667 MONROE AVE, APTOS, CA, 95003
How heard: Online",imported,12/19/1988,9667 MONROE AVE,APTOS,CA,95003,2026-03-29T18:54:50.933464+00:00
Alexis Medeiros,,superlex94@yahoo.com,(209) 535-0246,New,csv_import,santa_cruz,General Membership,,Just exploring,call,SC Health Fair,"Address: 170 Carol way, APTOS, CA, 95003
How heard: SC Health Fair",imported,,170 Carol way,APTOS,CA,95003,2026-03-29T18:54:50.933464+00:00
Tommy McWeeney,,willt79@gmail.com,(407) 242-9436,New,csv_import,santa_cruz,General Membership,,Just exploring,call,Narine,"Address: 2091 Huntington Dr., Aptos, CA, 95003
How heard: Narine",imported,11/12/1979,2091 Huntington Dr.,Aptos,CA,95003,2026-03-29T18:54:50.933464+00:00
Sue Neary,,rneary675@protonmail.com,(831) 428-1535,New,csv_import,santa_cruz,General Membership,,Just exploring,call,online,"Address: Po Box 1732, Aptos, CA, 95001
How heard: online",imported,1/25/1958,Po Box 1732,Aptos,CA,95001,2026-03-29T18:54:50.933464+00:00
Serandy Parra,,,(831) 219-5556,New,csv_import,santa_cruz,General Membership,,Just exploring,call,,"Address: Haven of Hope, APTOS, CA, 95003",imported,5/25/2006,Haven of Hope,APTOS,CA,95003,2026-03-29T18:54:50.933464+00:00
Julie Pimentel,,julie@delaveagacollision.com,(831) 251-4462,New,csv_import,santa_cruz,General Membership,,Just exploring,call,Online,"Address: 147 Venetian Rd., Aptos, CA, 95003
How heard: Online",imported,7/23/1985,147 Venetian Rd.,Aptos,CA,95003,2026-03-29T18:54:50.933464+00:00
Adam Peterson,,abpeters1@gmail.com,(805) 704-6038,New,csv_import,santa_cruz,General Membership,,Just exploring,call,Instagram,"Address: 200 Center Ave, Aptos, CA, 95003
How heard: Instagram",imported,12/14/1985,200 Center Ave,Aptos,CA,95003,2026-03-29T18:54:50.933464+00:00
Jessica Palomino,,jessicamariepalomino@gmail.com,(925) 389-1689,New,csv_import,santa_cruz,General Membership,,Just exploring,call,,"Address: 214 Elva Dr., Aptos, CA, 95003",imported,11/11/1986,214 Elva Dr.,Aptos,CA,95003,2026-03-29T18:54:50.933464+00:00
Rafael Palomino,,rafael.palomino1@gmail.com,(209) 262-8169,New,csv_import,santa_cruz,General Membership,,Just exploring,call,PL meets,"Address: 214 Elva Dr., Aptos, CA, 95063
How heard: PL meets",imported,12/24/1986,214 Elva Dr.,Aptos,CA,95063,2026-03-29T18:54:50.933464+00:00
Frederick Clock,,fcrecovery14@gmail.com,(831) 439-4588,New,csv_import,santa_cruz,General Membership,,Just exploring,call,I'm a returning OG member,"Address: 812 loma prieta DR, Aptos, CA, 95060
How heard: I'm a returning OG member",imported,4/14/1998,812 loma prieta DR,Aptos,CA,95060,2026-03-29T18:54:50.933464+00:00
Kelly Clark,,kclark316@gmail.com,(408) 656-3978,New,csv_import,santa_cruz,General Membership,,Just exploring,call,My husband - Lance Kelly,"Address: 1170 Redwood Heights Rd, Aptos, CA, 95003
How heard: My husband - Lance Kelly",imported,3/16/1987,1170 Redwood Heights Rd,Aptos,CA,95003,2026-03-29T18:54:50.933464+00:00
Trevor Bebee,,trevorb88@yahoo.com,(805) 770-0799,New,csv_import,santa_cruz,General Membership,,Just exploring,call,,"Address: 975 Pinetree Ln, Aptos, CA, 95003",imported,9/13/1988,975 Pinetree Ln,Aptos,CA,95003,2026-03-29T18:54:50.933464+00:00
Mary Anderson,,marylwanderson@gmail.com,(831) 600-5328,New,csv_import,santa_cruz,General Membership,,Just exploring,call,,"Address: 2120 Wallace Ave, Aptos, CA, 95003",imported,5/26/1997,2120 Wallace Ave,Aptos,CA,95003,2026-03-29T18:54:50.933464+00:00
Alex (HOH) Arredondo,,,(831) 331-3676,New,csv_import,santa_cruz,General Membership,,Just exploring,call,,"Address: Valencia Rd, Aptos, CA, 95003",imported,,Valencia Rd,Aptos,CA,95003,2026-03-29T18:54:50.933464+00:00
KAT GIRARD,,katgirard33@gmail.com,(831) 239-7437,New,csv_import,santa_cruz,General Membership,,Just exploring,call,,"Address: 644 Hidden Beach Way, APTOS, CA, 95003",imported,7/19/1983,644 Hidden Beach Way,APTOS,CA,95003,2026-03-29T18:54:50.933464+00:00
Chris Girard,,cgirard@nordicnaturals.com,(831) 239-3553,New,csv_import,santa_cruz,General Membership,,Just exploring,call,,"Address: 699 Hidden Beach Way, Aptos, CA, 95003",imported,6/7/1981,699 Hidden Beach Way,Aptos,CA,95003,2026-03-29T18:54:50.933464+00:00
Kai Golden,,ksgolden98@gmail.com,(831) 325-3371,New,csv_import,santa_cruz,General Membership,,Just exploring,call,Trent Knebel,"Address: 7311 Viewpoint Road, Aptos, CA, 95001
How heard: Trent Knebel",imported,4/5/1998,7311 Viewpoint Road,Aptos,CA,95001,2026-03-29T18:54:50.933464+00:00
ADAM GIARD,,adam.giard@gmail.com,(978) 697-7400,New,csv_import,santa_cruz,General Membership,,Just exploring,call,INSTAGRAM,"Address: 92 Seacliff Dr, APTOS, CA, 95003
How heard: INSTAGRAM",imported,,92 Seacliff Dr,APTOS,CA,95003,2026-03-29T18:54:50.933464+00:00
Tom Feldhäuser,,tomfeldi@hotmail.de,(831) 419-3409,New,csv_import,santa_cruz,General Membership,,Just exploring,call,,"Address: 382 Belle Monti Ave, Aptos, CA, 95003",imported,1/11/1995,382 Belle Monti Ave,Aptos,CA,95003,2026-03-29T18:54:50.933464+00:00
Katie Filson,,katiefilson@ymail.com,(831) 588-3270,New,csv_import,santa_cruz,General Membership,,Just exploring,call,love 3 internet.,"Address: 390 Poppy Way, Aptos, CA, 95003
How heard: love 3 internet.",imported,7/12/1977,390 Poppy Way,Aptos,CA,95003,2026-03-29T18:54:50.933464+00:00
Beatrize Elizondo,,beatrize1410@gmail.com,(830) 313-2927,New,csv_import,santa_cruz,General Membership,,Just exploring,call,HotH,"Address: 262 North Ave, Aptos, CA, 95003
How heard: HotH",imported,10/14/1999,262 North Ave,Aptos,CA,95003,2026-03-29T18:54:50.933464+00:00
Christian Dolov,,saejinquan@yahoo.com,(831) 521-6127,New,csv_import,santa_cruz,General Membership,,Just exploring,call,Internet,"Address: 283 Rio Del Mar Apt A1, Aptos, CA, 95003
How heard: Internet",imported,11/25/1980,283 Rio Del Mar Apt A1,Aptos,CA,95003,2026-03-29T18:54:50.933464+00:00
David Durbin,,daviddurbin@hotmail.com,(619) 204-6272,New,csv_import,santa_cruz,General Membership,,Just exploring,call,Former member,"Address: 112 Village Dr, Aptos, CA, 95003
How heard: Former member",imported,7/23/1991,112 Village Dr,Aptos,CA,95003,2026-03-29T18:54:50.933464+00:00
Matthew DeLora,,matthewdelora123@gmail.com,(831) 431-3756,New,csv_import,santa_cruz,General Membership,,Just exploring,call,Through Geoff,"Address: 379 Danube Drive, Aptos, CA, 95003
How heard: Through Geoff",imported,1/13/2002,379 Danube Drive,Aptos,CA,95003,2026-03-29T18:54:50.933464+00:00
John Dufek,,johndufek9@gmail.com,(831) 713-9088,New,csv_import,santa_cruz,General Membership,,Just exploring,call,google,"Address: 195 Siesta Dr, Aptos, CA, 95003
How heard: google",imported,,195 Siesta Dr,Aptos,CA,95003,2026-03-29T18:54:50.933464+00:00
Chloe Lakussia,,chloe_west@live.com,(831) 740-2861,New,csv_import,santa_cruz,General Membership,,Just exploring,call,sister & bro-in-law,"Address: 210 Calabria St., Aptos, CA, 95003
How heard: sister & bro-in-law",imported,3/9/1991,210 Calabria St.,Aptos,CA,95003,2026-03-29T18:54:50.933464+00:00
DAVE LOOP,,deloop1@gmail.com,(831) 688-1293,New,csv_import,santa_cruz,General Membership,,Just exploring,call,"""""""My Son, The Trainer""""""","Address: 46 KNOLLWOOD DR, APTOS, CA, 95003
How heard: """"""My Son, The Trainer""""""",imported,9/20/1946,46 KNOLLWOOD DR,APTOS,CA,95003,2026-03-29T18:54:50.933464+00:00
IAN JB LAINE,,ijbl72@gmail.com,(831) 235-8270,New,csv_import,santa_cruz,General Membership,,Just exploring,call,google maps,"Address: 6115 SEACLIFF DR, APTOS, CA, 95003
How heard: google maps",imported,8/1/1996,6115 SEACLIFF DR,APTOS,CA,95003,2026-03-29T18:54:50.933464+00:00
IAN LANE,,ijb172@gmail.com,(831) 755-8270,New,csv_import,santa_cruz,General Membership,,Just exploring,call,google,"Address: 415 seacliff dr, Aptos, CA, 95003
How heard: google",imported,8/11/1996,415 seacliff dr,Aptos,CA,95003,2026-03-29T18:54:50.933464+00:00
Donna LeFever,,dlefever87@gmail.com,(831) 331-5196,New,csv_import,santa_cruz,General Membership,,Just exploring,call,CASA,"Address: 244 North Ave, Aptos, CA, 95003
How heard: CASA",imported,6/10/1987,244 North Ave,Aptos,CA,95003,2026-03-29T18:54:50.933464+00:00
Susannah Lee,,enchantedfig@gmail.com,(303) 819-1416,New,csv_import,santa_cruz,General Membership,,Just exploring,call,Faith Reid,"Address: 2623 Willowbrook Ln Unit 122, Aptos, CA, 95003
How heard: Faith Reid",imported,11/14/1978,2623 Willowbrook Ln Unit 122,Aptos,CA,95003,2026-03-29T18:54:50.933464+00:00
Rose Locke,,allshookupclothing@gmail.com,(831) 818-8549,New,csv_import,santa_cruz,General Membership,,Just exploring,call,cyndi reeves / on line,"Address: 120 Indian Hollow rd, Aptos, CA, 95003
How heard: cyndi reeves / on line",imported,12/19/1968,120 Indian Hollow rd,Aptos,CA,95003,2026-03-29T18:54:50.933464+00:00
Lance Kelly,,lancekelly556@gmail.com,(831) 419-1366,New,csv_import,santa_cruz,General Membership,,Just exploring,call,IG,"Address: 1170 Redwood heights, Aptos, CA, 95003
How heard: IG",imported,1/14/1988,1170 Redwood heights,Aptos,CA,95003,2026-03-29T18:54:50.933464+00:00
Adam Keasey,,keaseyadam@gmail.com,(408) 674-1977,New,csv_import,santa_cruz,General Membership,,Just exploring,call,internet,"Address: 903 Redwood Drive, Aptos, CA, 95003
How heard: internet",imported,7/5/1985,903 Redwood Drive,Aptos,CA,95003,2026-03-29T18:54:50.933464+00:00
Haruki Kohama-King,,,(831) 220-4944,New,csv_import,santa_cruz,General Membership,,Just exploring,call,Teresa,"Address: 114 Village Dr., Aptos, CA, 95003
How heard: Teresa",imported,10/27/2006,114 Village Dr.,Aptos,CA,95003,2026-03-29T18:54:50.933464+00:00
Drake Harrell,,j.loves.her.boys@gmail.com,(831) 251-4462,New,csv_import,santa_cruz,General Membership,,Just exploring,call,Online,"Address: 147 Venetian Rd., Aptos, CA, 95003
How heard: Online",imported,6/13/2008,147 Venetian Rd.,Aptos,CA,95003,2026-03-29T18:54:50.933464+00:00
Mish Holliester,,abeonastaff@gmail.com,(831) 688-8465,New,csv_import,santa_cruz,General Membership,,Just exploring,call,Stacey,"Address: 2769 Valencia Road, Aptos, CA, 95060
How heard: Stacey",imported,7/8/2006,2769 Valencia Road,Aptos,CA,95060,2026-03-29T18:54:50.933464+00:00
Emily Riechel,,emilyriechel@gmail.com,(415) 745-0854,New,csv_import,santa_cruz,General Membership,,Just exploring,call,INTERNET,"Address: 305 Treasure Island Unit A, Aptos, CA, 95003
How heard: INTERNET",imported,2/12/1987,305 Treasure Island Unit A,Aptos,CA,95003,2026-03-29T18:54:50.933464+00:00
Mark Ruggieri,,mkr105@hotmail.com,(831) 325-4343,New,csv_import,santa_cruz,General Membership,,Just exploring,call,internet,"Address: 141 Aptos Village #305, Aptos, CA, 95005
How heard: internet",imported,10/2/1963,141 Aptos Village #305,Aptos,CA,95005,2026-03-29T18:54:50.933464+00:00
Faith Reid,,faith.a.reid@gmail.com,(831) 869-4264,New,csv_import,santa_cruz,General Membership,,Just exploring,call,former member,"Address: 112 Don Carlos Drive, Aptos, CA, 95003
How heard: former member",imported,3/11/1978,112 Don Carlos Drive,Aptos,CA,95003,2026-03-29T18:54:50.933464+00:00
Rafael Palomino,,rafael.palomino12@gmail.com,(209) 262-8169,New,csv_import,santa_cruz,General Membership,,Just exploring,call,,"Address: 214 Elva Dr., Aptos, CA, 95003",imported,12/27/1986,214 Elva Dr.,Aptos,CA,95003,2026-03-29T18:54:50.933464+00:00
Hugh S. Quigley,,superretsy@gmail.com,(970) 201-4524,New,csv_import,santa_cruz,General Membership,,Just exploring,call,"""Word of Mouth (Julia, KC In low)""","Address: 250 North Ave., Aptos, CA, 95003
How heard: ""Word of Mouth (Julia, KC In low)""",imported,1/9/1997,250 North Ave.,Aptos,CA,95003,2026-03-29T18:54:50.933464+00:00
Esperanza Castrellon,,,(682) 365-8443,New,csv_import,santa_cruz,General Membership,,Just exploring,call,,"Address: 3627 Roosevelt, Arlington, TX, 76016",imported,2/16/1993,3627 Roosevelt,Arlington,TX,76016,2026-03-29T18:54:50.933464+00:00
Alexander Argueta,,arguetaa1220@yahoo.com,(571) 224-2500,New,csv_import,santa_cruz,General Membership,,Just exploring,call,,"Address: 3330 South Wakefield St., Arlington, VA, 22206",imported,12/20/1984,3330 South Wakefield St.,Arlington,VA,22206,2026-03-29T18:54:50.933464+00:00
Alex Karaer,,alexelif@hotmail.com,(703) 307-3716,New,csv_import,santa_cruz,General Membership,,Just exploring,call,,"Address: 3330 S Wakefield St, Arlington, VA, 22206",imported,10/23/1975,3330 S Wakefield St,Arlington,VA,22206,2026-03-29T18:54:50.933464+00:00
Paul Pateman,,prpateman@gmail.com,(021) 842-865,New,csv_import,santa_cruz,General Membership,,Just exploring,call,Internet - Drop IN,"Address: 350 barnet road wetree, Ashland, 1022
How heard: Internet - Drop IN",imported,8/3/1989,350 barnet road wetree,Ashland,,1022,2026-03-29T18:54:50.933464+00:00
Kelsey Martin,,kelseylynnmartin.23@gmail.com,(931) 453-4706,New,csv_import,santa_cruz,General Membership,,Just exploring,call,online - Google Search,"Address: ""640 El Camino Real, 206"", Atascadero, CA, 93423
How heard: online - Google Search",imported,1/10/1996,"""640 El Camino Real, 206""",Atascadero,CA,93423,2026-03-29T18:54:50.933464+00:00
Susanna Spiccia,,sspiccia@gmail.com,(678) 522-5698,New,csv_import,santa_cruz,General Membership,,Just exploring,call,Friend,"Address: 8 Clifton Spiccia St. Apt 2, Atlanta, GA, 30307
How heard: Friend",imported,9/3/1986,8 Clifton Spiccia St. Apt 2,Atlanta,GA,30307,2026-03-29T18:54:50.933464+00:00
Clark Gearig,,,(706) 993-null,New,csv_import,santa_cruz,General Membership,,Just exploring,call,Internet,"Address: 298 Buckhead Ave, Atlanta, GA, 30308
How heard: Internet",imported,5/27/1982,298 Buckhead Ave,Atlanta,GA,30308,2026-03-29T18:54:50.933464+00:00
Adriano Penco,,adrianopenco@gmail.com,(214) 697-4037,New,csv_import,santa_cruz,General Membership,,Just exploring,call,website & friend,"Address: 6083 Northview Ct, Aubrey, TX, 76227
How heard: website & friend",imported,7/10/1975,6083 Northview Ct,Aubrey,TX,76227,2026-03-29T18:54:50.933464+00:00
Kyle Schuck,,kschuck96@gmail.com,(530) 863-8528,New,csv_import,santa_cruz,General Membership,,Just exploring,call,Online,"Address: 2519 Laguna Vista Dr, Auburn, CA, 95603
How heard: Online",imported,6/9/1996,2519 Laguna Vista Dr,Auburn,CA,95603,2026-03-29T18:54:50.933464+00:00
Austin Brawner,,austin.brawner@gmail.com,(206) 909-6058,New,csv_import,santa_cruz,General Membership,,Just exploring,call,,"Address: 2512 E 4th, Austin, TX, 78702",imported,12/27/1980,2512 E 4th,Austin,TX,78702,2026-03-29T18:54:50.933464+00:00
Max Lindemann,,maxlindemann15@gmail.com,(203) 521-4283,New,csv_import,santa_cruz,General Membership,,Just exploring,call,Google Search,"Address: 1303 Berkshire Dr, Austin, TX, 78723
How heard: Google Search",imported,4/4/1992,1303 Berkshire Dr,Austin,TX,78723,2026-03-29T18:54:50.933464+00:00
Todd Eames Katie Eames,,toddeamesmusic@gmail.com,(206) 419-5109,New,csv_import,santa_cruz,General Membership,,Just exploring,call,,"Address: 725 W Hollyvale St, Azusa, CA, 91702",imported,8/12/1987,725 W Hollyvale St,Azusa,CA,91702,2026-03-29T18:54:50.933464+00:00
"""Gonzalez, Guadalupe""",,,(559) 381-7420,New,csv_import,santa_cruz,General Membership,,Just exploring,call,Online,"Address: 4930 Gosford Rd, Bakersfield, CA, 93313
How heard: Online",imported,10/26/1989,4930 Gosford Rd,Bakersfield,CA,93313,2026-03-29T18:54:50.933464+00:00
Jack Kelly,,jackwkelly2002@gmail.com,(661) 599-7578,New,csv_import,santa_cruz,General Membership,,Just exploring,call,Jake (friend),"Address: 15901 Arabella Ave, Bakersfield, CA, 93314
How heard: Jake (friend)",imported,6/24/2002,15901 Arabella Ave,Bakersfield,CA,93314,2026-03-29T18:54:50.933464+00:00
Clayton Otto,,clayton.s.otto@gmail.com,(314) 308-6979,New,csv_import,santa_cruz,General Membership,,Just exploring,call,Found online,"Address: 127 Coral Ter, Ballwin, MO, 63011
How heard: Found online",imported,12/11/1990,127 Coral Ter,Ballwin,MO,63011,2026-03-29T18:54:50.933464+00:00
Heather Rey,,reyheather@yahoo.com,(314) 920-5771,New,csv_import,santa_cruz,General Membership,,Just exploring,call,Instagram,"Address: 127 Coral Terr, Ballwin, MO, 63011
How heard: Instagram",imported,4/13/1993,127 Coral Terr,Ballwin,MO,63011,2026-03-29T18:54:50.933464+00:00
Collin DeBarber,,collindebarber@gmail.com,(567) 230-3892,New,csv_import,santa_cruz,General Membership,,Just exploring,call,,"Address: 12531 TX-71, Bee Cave, TX, 78738",imported,11/5/1991,12531 TX-71,Bee Cave,TX,78738,2026-03-29T18:54:50.933464+00:00
Evgeni Gurevich,,evadgurevich@gmail.com,(303) 885-9464,New,csv_import,santa_cruz,General Membership,,Just exploring,call,google,"Address: 2123 Pullman ave, Belmont, CA, 94002
How heard: google",imported,1/2/1989,2123 Pullman ave,Belmont,CA,94002,2026-03-29T18:54:50.933464+00:00
Cassie Stevens,,cassie.stevens@gmail.com,(831) 278-2987,New,csv_import,santa_cruz,General Membership,,Just exploring,call,Friend,"Address: 183 Brown Caldes Rd., Ben Lomond, CA, 95005
How heard: Friend",imported,8/2/1997,183 Brown Caldes Rd.,Ben Lomond,CA,95005,2026-03-29T18:54:50.933464+00:00
KARL SCHMITTMAKER,,karl.m.schittmaker@gmail.com,(510) 326-9455,New,csv_import,santa_cruz,General Membership,,Just exploring,call,"""Friends, Insta""","Address: 9525 Brookside Ave #3, Ben Lomond, CA, 95005
How heard: ""Friends, Insta""",imported,7/26/1967,9525 Brookside Ave #3,Ben Lomond,CA,95005,2026-03-29T18:54:50.933464+00:00
SARA SCHOEPP,,saraschoepp@gmail.com,(831) 332-5640,New,csv_import,santa_cruz,General Membership,,Just exploring,call,sister,"Address: 10010 Hwy 9, Ben Lomond, CA, 95005
How heard: sister",imported,11/21/1999,10010 Hwy 9,Ben Lomond,CA,95005,2026-03-29T18:54:50.933464+00:00
HOLLY SCHUIRMANACLER,,shanghimama@gmail.com,(831) 252-1900,New,csv_import,santa_cruz,General Membership,,Just exploring,call,KARL & JASON,"Address: ""9525 BROOKSIDERIVE, BEN"", Ben Lomond, CA, 95005
How heard: KARL & JASON",imported,5/29/1977,"""9525 BROOKSIDERIVE, BEN""",Ben Lomond,CA,95005,2026-03-29T18:54:50.933464+00:00
MARIE SCHOEPP,,marieeelena97@gmail.com,(831) 334-4840,New,csv_import,santa_cruz,General Membership,,Just exploring,call,""",null""","Address: 10010 Hwy 9, Ben Lomond, CA, 95005
How heard: "",null""",imported,6/9/1997,10010 Hwy 9,Ben Lomond,CA,95005,2026-03-29T18:54:50.933464+00:00
MARIE ELENA SCHOEP,,marieelena97@gmail.com,(831) 334-4840,New,csv_import,santa_cruz,General Membership,,Just exploring,call,,"Address: 10010 HWY 9, BEN LOMOND, CA, 95005",imported,6/9/1997,10010 HWY 9,BEN LOMOND,CA,95005,2026-03-29T18:54:50.933464+00:00
Sophia Sholtz,,sophia.sholtz@gmail.com,(650) 380-7026,New,csv_import,santa_cruz,General Membership,,Just exploring,call,other person,"Address: 474 Scenic Way, Ben Lomond, CA, 95005
How heard: other person",imported,10/20/1995,474 Scenic Way,Ben Lomond,CA,95005,2026-03-29T18:54:50.933464+00:00
MARIE SCHOEPP,,marieevana97@gmail.com,(831) 334-4840,New,csv_import,santa_cruz,General Membership,,Just exploring,call,ELIJAH SCHOEPP - BROTHER,"Address: 10010 Hwy 9, Ben Lomond, CA, 95005
How heard: ELIJAH SCHOEPP - BROTHER",imported,6/9/1997,10010 Hwy 9,Ben Lomond,CA,95005,2026-03-29T18:54:50.933464+00:00
Anne-Marie Morey,,annemarie.becker@gmail.com,(650) 248-1433,New,csv_import,santa_cruz,General Membership,,Just exploring,call,,"Address: 885 Park Dr., Ben Lomond, CA, 95005",imported,12/24/1984,885 Park Dr.,Ben Lomond,CA,95005,2026-03-29T18:54:50.933464+00:00
Oliver Precht,,madeline.cavalieri@gmail.com,(831) 252-1535,New,csv_import,santa_cruz,General Membership,,Just exploring,call,Online,"Address: 285 Vista Robles Dr., Ben Lomond, CA, 95005
How heard: Online",imported,2/16/2009,285 Vista Robles Dr.,Ben Lomond,CA,95005,2026-03-29T18:54:50.933464+00:00
Tyler O'Conner,,tyleroc831@gmail.com,(831) 359-9384,New,csv_import,santa_cruz,General Membership,,Just exploring,call,Friend,"Address: 344 Harmony Hill Rd, Ben Lomond, CA, 95005
How heard: Friend",imported,12/29/1989,344 Harmony Hill Rd,Ben Lomond,CA,95005,2026-03-29T18:54:50.933464+00:00
Kristina Carr,,kristinaleaaa@gmail.com,(623) 888-1036,New,csv_import,santa_cruz,General Membership,,Just exploring,call,friend,"Address: 8211 Glen Arbor Rd, Ben Lomond, CA, 95005
How heard: friend",imported,10/24/1990,8211 Glen Arbor Rd,Ben Lomond,CA,95005,2026-03-29T18:54:50.933464+00:00
Brittany Boynton,,bkboynton@gmail,(831) 818-8802,New,csv_import,santa_cruz,General Membership,,Just exploring,call,,"Address: 220 Brackney Rd, Ben Lomond, CA, 95005",imported,7/18/1987,220 Brackney Rd,Ben Lomond,CA,95005,2026-03-29T18:54:50.933464+00:00
SEAVANA GARCIA,,seavana795@gmail.com,(209) 201-1505,New,csv_import,santa_cruz,General Membership,,Just exploring,call,FRIEND / COWORKER,"Address: 105 HILLSIDE APT A, BEN LOMOND, CA, 95060
How heard: FRIEND / COWORKER",imported,11/10/1995,105 HILLSIDE APT A,BEN LOMOND,CA,95060,2026-03-29T18:54:50.933464+00:00
JOSH EARNEST,,earnest@apple.com,(408) 202-1026,New,csv_import,santa_cruz,General Membership,,Just exploring,call,,"Address: 185 LARITA DR., BEN LOMOND, CA, 95005",imported,5/12/1981,185 LARITA DR.,BEN LOMOND,CA,95005,2026-03-29T18:54:50.933464+00:00
Aiden le Roux,,aidenlrx@gmail.com,(831) 252-0422,New,csv_import,santa_cruz,General Membership,,Just exploring,call,,"Address: 225 Woodston Way, Ben Lomond, CA, 95005",imported,3/8/2000,225 Woodston Way,Ben Lomond,CA,95005,2026-03-29T18:54:50.933464+00:00
Greg Holm,,1150rkingpin@gmail.com,(408) 202-3579,New,csv_import,santa_cruz,General Membership,,Just exploring,call,Hailey Holm,"Address: 9787 Manzanita Ave, Ben Lomond, CA, 95005
How heard: Hailey Holm",imported,8/9/1959,9787 Manzanita Ave,Ben Lomond,CA,95005,2026-03-29T18:54:50.933464+00:00
Miles Hughes,,mhughes1214@gmail.com,(831) 252-8678,New,csv_import,santa_cruz,General Membership,,Just exploring,call,friend,"Address: 9369 Manzanita Ave, Ben Lomond, CA, 95005
How heard: friend",imported,2/14/2009,9369 Manzanita Ave,Ben Lomond,CA,95005,2026-03-29T18:54:50.933464+00:00
BRITTENY RAYNOR,,brittenyraynor@gmail.com,(408) 476-5364,New,csv_import,santa_cruz,General Membership,,Just exploring,call,,"Address: 530 SCENIC WAY, BEN LOMOND, CA, 95005",imported,3/3/1988,530 SCENIC WAY,BEN LOMOND,CA,95005,2026-03-29T18:54:50.933464+00:00
Cindy Richter,,cindy.richter@cbre.com,(831) 566-2451,New,csv_import,santa_cruz,General Membership,,Just exploring,call,Nadine Kadeklan,"Address: 416 Bahr Dr., Ben Lomond, CA, 95005
How heard: Nadine Kadeklan",imported,3/21/1961,416 Bahr Dr.,Ben Lomond,CA,95005,2026-03-29T18:54:50.933464+00:00
Aaron Piazza,,aaronpiazza@sbcglobal.net,(831) 325-6642,New,csv_import,santa_cruz,General Membership,,Just exploring,call,CrossFit Coach,"Address: 9655 Glen Arbor Rd, Ben Lomond, CA, 95005
How heard: CrossFit Coach",imported,11/13/1970,9655 Glen Arbor Rd,Ben Lomond,CA,95005,2026-03-29T18:54:50.933464+00:00
Wallace Baker,,acegriff1@gmail.com,(831) 251-3331,New,csv_import,santa_cruz,General Membership,,Just exploring,call,MY previous trainer,"Address: 150 Riverside Ave., Ben Lomond, cal, 95005
How heard: MY previous trainer",imported,1/11/2004,150 Riverside Ave.,Ben Lomond,cal,95005,2026-03-29T18:54:50.933464+00:00
Shelby Cutter,,cuttersbk@gmail.com,(541) 280-8475,New,csv_import,santa_cruz,General Membership,,Just exploring,call,internet search,"Address: 22055 Butler Mkt Rd, Bend, OR, 97701
How heard: internet search",imported,4/25/1997,22055 Butler Mkt Rd,Bend,OR,97701,2026-03-29T18:54:50.933464+00:00
Alla Rostomyan,,rostomyanalla15@gmail.com,(216) 200-9005,New,csv_import,santa_cruz,General Membership,,Just exploring,call,Dan,"Address: 20195 Westmore Ln, Berea, OH, 44017
How heard: Dan",imported,10/3/1997,20195 Westmore Ln,Berea,OH,44017,2026-03-29T18:54:50.933464+00:00
Chris Salemke for Isaac Salem,,chris@studycell.com,(510) 365-9201,New,csv_import,santa_cruz,General Membership,,Just exploring,call,web,"Address: 2742 Prince St, Berkeley, CA, 94705
How heard: web",imported,4/12/2004,2742 Prince St,Berkeley,CA,94705,2026-03-29T18:54:50.933464+00:00
Christopher Salemke,,chris@studycell,(510) 365-9201,New,csv_import,santa_cruz,General Membership,,Just exploring,call,web,"Address: 2742 Prince, Berkeley, CA, 94705
How heard: web",imported,4/12/2004,2742 Prince,Berkeley,CA,94705,2026-03-29T18:54:50.933464+00:00
Michael Mannik,,mt.mannik@gmail.com,(510) 775-4817,New,csv_import,santa_cruz,General Membership,,Just exploring,call,,"Address: 2246 Hillegass Ave, Berkeley, CA, 94705",imported,5/16/2003,2246 Hillegass Ave,Berkeley,CA,94705,2026-03-29T18:54:50.933464+00:00
Marlen Brewer,,mjdbrown@gmail.com,(510) 631-1484,New,csv_import,santa_cruz,General Membership,,Just exploring,call,Social Media,"Address: 1077 Park Hills Road, Berkeley, CA, 94708
How heard: Social Media",imported,11/4/2002,1077 Park Hills Road,Berkeley,CA,94708,2026-03-29T18:54:50.933464+00:00
Paul Randall,,randalizur@yahoo.com,(510) 295-7461,New,csv_import,santa_cruz,General Membership,,Just exploring,call,Strongwomen,"Address: 1108 Channing, Berkeley, CA, 94702
How heard: Strongwomen",imported,8/7/1964,1108 Channing,Berkeley,CA,94702,2026-03-29T18:54:50.933464+00:00
Liam Berryman,,berryman.liam@gmail.com,(650) 576-9795,New,csv_import,santa_cruz,General Membership,,Just exploring,call,online,"Address: 7717 Claremont Ave, Berkeley, 94705
How heard: online",imported,10/20/1996,7717 Claremont Ave,Berkeley,,94705,2026-03-29T18:54:50.933464+00:00
Romy Ben-David,,bendavid.romy@gmail.com,(614) 270-6944,New,csv_import,santa_cruz,General Membership,,Just exploring,call,COUSIN,"Address: 255 S. Drexel Ave, Bexley, OH, 43209
How heard: COUSIN",imported,6/8/2007,255 S. Drexel Ave,Bexley,OH,43209,2026-03-29T18:54:50.933464+00:00
Itzhak BenDavid,,bendavid.itzhak@gmail.com,(773) 908-1353,New,csv_import,santa_cruz,General Membership,,Just exploring,call,Google,"Address: 255 S Drexel Ave, Bexley, OH, 43209
How heard: Google",imported,2/26/1971,255 S Drexel Ave,Bexley,OH,43209,2026-03-29T18:54:50.933464+00:00
Athena Schrijver,,aschrijverrvms@gmail.com,(707) 322-4371,New,csv_import,santa_cruz,General Membership,,Just exploring,call,,"Address: 1553 Magnolia Ave, Bonny Doon, CA, 94928",imported,1/19/2001,1553 Magnolia Ave,Bonny Doon,CA,94928,2026-03-29T18:54:50.933464+00:00
Devin M Hoover,,devinhoo@mac.com,(831) 419-1760,New,csv_import,santa_cruz,General Membership,,Just exploring,call,Instagram,"Address: 725 Quail Drive, Bonny Doon, CA, 95060
How heard: Instagram",imported,1/6/1993,725 Quail Drive,Bonny Doon,CA,95060,2026-03-29T18:54:50.933464+00:00
Annie Nguyen,,angelannie92@gmail.com,(425) 908-7620,New,csv_import,santa_cruz,General Membership,,Just exploring,call,online,"Address: 3908 217th ST SE, Bothell, WA, 98021
How heard: online",imported,6/12/1992,3908 217th ST SE,Bothell,WA,98021,2026-03-29T18:54:50.933464+00:00
Henry Slayer,,csc.slug@gmail.com,(408) 313-2779,New,csv_import,santa_cruz,General Membership,,Just exploring,call,internet,"Address: 12801 Balder St., Boulder, CA, 95006
How heard: internet",imported,5/4/2000,12801 Balder St.,Boulder,CA,95006,2026-03-29T18:54:50.933464+00:00
Natalia Garcia Roba,,nat.118@hotmail.com,(831) 334-1670,New,csv_import,santa_cruz,General Membership,,Just exploring,call,friend,"Address: 900 Harmon Gulch RD, Boulder, CA, 95006
How heard: friend",imported,8/26/1999,900 Harmon Gulch RD,Boulder,CA,95006,2026-03-29T18:54:50.933464+00:00
MICHAEL STOVER,,mudatx@gmail.com,(210) 757-8015,New,csv_import,santa_cruz,General Membership,,Just exploring,call,WORK R. SNAPBACK NEXT DOOR,"Address: 160 BEIER DR., BOULDER CREEK, CA, 95006
How heard: WORK R. SNAPBACK NEXT DOOR",imported,4/28/1980,160 BEIER DR.,BOULDER CREEK,CA,95006,2026-03-29T18:54:50.933464+00:00
Rhett Perkins,,duke21974@yahoo.com,(408) 547-7241,New,csv_import,santa_cruz,General Membership,,Just exploring,call,,"Address: 141 Leafwood Dr, Boulder Creek, CA, 95006",imported,2/19/1974,141 Leafwood Dr,Boulder Creek,CA,95006,2026-03-29T18:54:50.933464+00:00
Travis Champion,,tchampfritz@gmail.com,(530) 902-0771,New,csv_import,santa_cruz,General Membership,,Just exploring,call,Sign,"Address: 14620 Loma Linda, Boulder Creek, CA, 95006
How heard: Sign",imported,11/19/1987,14620 Loma Linda,Boulder Creek,CA,95006,2026-03-29T18:54:50.933464+00:00
Ben Gordon,,bengordie@gmail.com,(831) 238-6999,New,csv_import,santa_cruz,General Membership,,Just exploring,call,through Rachel:,"Address: 14475 Highway 9, Boulder Creek, CA, 95006
How heard: through Rachel:",imported,,14475 Highway 9,Boulder Creek,CA,95006,2026-03-29T18:54:50.933464+00:00
Casey Flom,,clflom@gmail.com,(507) 990-1653,New,csv_import,santa_cruz,General Membership,,Just exploring,call,Referral,"Address: 625 Nottingham Way, Boulder Creek, CA, 95006
How heard: Referral",imported,9/26/1983,625 Nottingham Way,Boulder Creek,CA,95006,2026-03-29T18:54:50.933464+00:00
MARIA ESQUIVIAS,,esquivias19@gmail.com,(831) 359-5644,New,csv_import,santa_cruz,General Membership,,Just exploring,call,,"Address: 13100 OAK ST., BOULDER CREEK, CA, 95006",imported,1/18/1990,13100 OAK ST.,BOULDER CREEK,CA,95006,2026-03-29T18:54:50.933464+00:00
Marlene Dabestan,,mdabestan93@gmail.com,(310) 299-6487,New,csv_import,santa_cruz,General Membership,,Just exploring,call,Stacey,"Address: 16275 CA-9, Boulder Creek, CA, 95006
How heard: Stacey",imported,10/18/1993,16275 CA-9,Boulder Creek,CA,95006,2026-03-29T18:54:50.933464+00:00
David J. Durbin,,davdurbin@hotmail.com,(619) 204-6272,New,csv_import,santa_cruz,General Membership,,Just exploring,call,,"Address: 425 Sylvan Ave Unit B, Boulder Creek, CA, 95006",imported,7/23/1991,425 Sylvan Ave Unit B,Boulder Creek,CA,95006,2026-03-29T18:54:50.933464+00:00
"""Rhiannon """"Rhio"""" Lundell""",,rhiannon_ml@yahoo.com,(650) 716-7562,New,csv_import,santa_cruz,General Membership,,Just exploring,call,Mike Stover,"Address: 160 Brier Dr., Boulder Creek, CA, 95006
How heard: Mike Stover",imported,6/9/1981,160 Brier Dr.,Boulder Creek,CA,95006,2026-03-29T18:54:50.933464+00:00
Lisi Johnson,,lisijohnson93@gmail.com,(831) 454-6032,New,csv_import,santa_cruz,General Membership,,Just exploring,call,Friend - Keven F,"Address: 151 Mountain St, Boulder Creek, CA, 95006
How heard: Friend - Keven F",imported,9/7/1993,151 Mountain St,Boulder Creek,CA,95006,2026-03-29T18:54:50.933464+00:00
Gloria Hammad,,gloriahammad@gmail.com,(707) 386-3991,New,csv_import,santa_cruz,General Membership,,Just exploring,call,,"Address: 12005 Highway 9, Boulder Creek, CA, 95006",imported,10/22/1974,12005 Highway 9,Boulder Creek,CA,95006,2026-03-29T18:54:50.933464+00:00
Evin Himan,,evinhiman@gmail.com,(408) 836-6470,New,csv_import,santa_cruz,General Membership,,Just exploring,call,Mari,"Address: 13781 Bearcreek Rd, Boulder Creek, CA, 95006
How heard: Mari",imported,8/10/1999,13781 Bearcreek Rd,Boulder Creek,CA,95006,2026-03-29T18:54:50.933464+00:00
Ashley Rutherford,,ashley_rutherford@gmail.com,(831) 706-6674,New,csv_import,santa_cruz,General Membership,,Just exploring,call,Iron Roses comp,"Address: 155 Aquila Way, Boulder Creek, CA, 95006
How heard: Iron Roses comp",imported,11/10/1996,155 Aquila Way,Boulder Creek,CA,95006,2026-03-29T18:54:50.933464+00:00
MATT BRACKETT,,bernandsnooks@aol.com,(818) 448-5513,New,csv_import,santa_cruz,General Membership,,Just exploring,call,WALK-IN / INTERNET PUNCH CARD,"Address: 440 BRIER DR, BOULDER CRK, CA, 95006
How heard: WALK-IN / INTERNET PUNCH CARD",imported,9/20/1975,440 BRIER DR,BOULDER CRK,CA,95006,2026-03-29T18:54:50.933464+00:00
Vladislav Kardash,,vkardash@ucsc.edu,(650) 521-1525,New,csv_import,santa_cruz,General Membership,,Just exploring,call,UCSC CUB,"Address: 11277 Brookdale Highway, Brookdale, CA, 95007
How heard: UCSC CUB",imported,11/8/1998,11277 Brookdale Highway,Brookdale,CA,95007,2026-03-29T18:54:50.933464+00:00
Thomas Stacey,,tstacey@gmail.com,(929) 259-1939,New,csv_import,santa_cruz,General Membership,,Just exploring,call,Google,"Address: 306 Gold Street, Brooklyn, NY, 11201
How heard: Google",imported,10/7/1981,306 Gold Street,Brooklyn,NY,11201,2026-03-29T18:54:50.933464+00:00
William Manlove,,wfmanlove@yahoo.com,(917) 845-4043,New,csv_import,santa_cruz,General Membership,,Just exploring,call,,"Address: 295 Sterling Place, Brooklyn, NY, 11238",imported,5/1/1982,295 Sterling Place,Brooklyn,NY,11238,2026-03-29T18:54:50.933464+00:00
Adam Golub,,goluba87@gmail.com,(773) 294-9409,New,csv_import,santa_cruz,General Membership,,Just exploring,call,Google,"Address: 315 Gates Ave, Brooklyn, NY, 11216
How heard: Google",imported,6/6/1987,315 Gates Ave,Brooklyn,NY,11216,2026-03-29T18:54:50.933464+00:00
Travis Fox,,fox.travis.z@gmail.com,(425) 765-8103,New,csv_import,santa_cruz,General Membership,,Just exploring,call,,"Address: 337 Bedford Ave #412, Brooklyn, NY, 11211",imported,1/12/1994,337 Bedford Ave #412,Brooklyn,NY,11211,2026-03-29T18:54:50.933464+00:00
Max Lindemann,,max.lindemann@looker.com,(203) 521-1283,New,csv_import,santa_cruz,General Membership,,Just exploring,call,internet,"Address: 60-77 Woodbine St, Brooklyn, NY, 11385
How heard: internet",imported,4/4/1992,60-77 Woodbine St,Brooklyn,NY,11385,2026-03-29T18:54:50.933464+00:00
Melissa LAZO,,melissadianelazo@gmail.com,(917) 750-4501,New,csv_import,santa_cruz,General Membership,,Just exploring,call,google,"Address: ""103 N. 10TH ST, 2A"", Brooklyn, NY, 11249
How heard: google",imported,11/10/1989,"""103 N. 10TH ST, 2A""",Brooklyn,NY,11249,2026-03-29T18:54:50.933464+00:00
Thomas Hebner,,tjhebner@gmail.com,(551) 427-5940,New,csv_import,santa_cruz,General Membership,,Just exploring,call,Instagram,"Address: 33 Maujer St #1, Brooklyn, NY, 11206
How heard: Instagram",imported,8/5/1998,33 Maujer St #1,Brooklyn,NY,11206,2026-03-29T18:54:50.933464+00:00
Gianna Sullivan,,sullivan175@gmail.com,(415) 716-8804,New,csv_import,santa_cruz,General Membership,,Just exploring,call,googled 'questioning gyms',"Address: 1010 Fifth Ave #211, Broomfield, CO, 80020
How heard: googled 'questioning gyms'",imported,7/5/2000,1010 Fifth Ave #211,Broomfield,CO,80020,2026-03-29T18:54:50.933464+00:00
Mary Cronin,,cronima@gmail.com,(207) 837-2618,New,csv_import,santa_cruz,General Membership,,Just exploring,call,Emma,"Address: 11 Stanwood Street, Brunswick, ME, 4011
How heard: Emma",imported,7/3/1984,11 Stanwood Street,Brunswick,ME,4011,2026-03-29T18:54:50.933464+00:00
Leslie Pendergast,,leslie_fant@yahoo.com,(678) 953-0884,New,csv_import,santa_cruz,General Membership,,Just exploring,call,USA Weightlifting,"Address: 582 Hidden Meadow Ln, C Falls, MT, 59912
How heard: USA Weightlifting",imported,9/21/1981,582 Hidden Meadow Ln,C Falls,MT,59912,2026-03-29T18:54:50.933464+00:00
Daniel Arriaza,,danielw389@gmail.com,(818) 577-3352,New,csv_import,santa_cruz,General Membership,,Just exploring,call,Friend,"Address: 7000 Yarmouth Ave, CA, CA, 91335
How heard: Friend",imported,5/10/2001,7000 Yarmouth Ave,CA,CA,91335,2026-03-29T18:54:50.933464+00:00
Thomas Schumacher,,tschumacher062@gmail.com,(775) 334-2106,New,csv_import,santa_cruz,General Membership,,Just exploring,call,Internet,"Address: 135 Timber Ridge Dr, Calhoun, GA, 30701
How heard: Internet",imported,8/12/1991,135 Timber Ridge Dr,Calhoun,GA,30701,2026-03-29T18:54:50.933464+00:00
GERRY SAUCEDO,,gsaucedo@callutheran.edu,(805) 890-9594,New,csv_import,santa_cruz,General Membership,,Just exploring,call,,"Address: 1858 Coachman Dr., Camarillo, CA, 93012",imported,2/28/1966,1858 Coachman Dr.,Camarillo,CA,93012,2026-03-29T18:54:50.933464+00:00
Jesse Sindhun,,jsindhun02@gmail.com,(408) 427-1536,New,csv_import,santa_cruz,General Membership,,Just exploring,call,Warcat Fitness,"Address: 70 N. Drive #15, Campbell, CA, 95008
How heard: Warcat Fitness",imported,8/18/1983,70 N. Drive #15,Campbell,CA,95008,2026-03-29T18:54:50.933464+00:00
Alec Boyer,,alecboyer11@gmail.com,(408) 540-9483,New,csv_import,santa_cruz,General Membership,,Just exploring,call,Referral,"Address: 757 Ecker Court, Campbell, CA, 95008
How heard: Referral",imported,5/15/1994,757 Ecker Court,Campbell,CA,95008,2026-03-29T18:54:50.933464+00:00
Peijing Gong,,peijing.gong@hotmail.com,(861) 376-1761,New,csv_import,santa_cruz,General Membership,,Just exploring,call,Jim,"Address: 99 Del Prada Dr, Campbell, CA, 95008
How heard: Jim",imported,11/12/1991,99 Del Prada Dr,Campbell,CA,95008,2026-03-29T18:54:50.933464+00:00
James Fields,,jimfields@gmail.com,(650) 942-5915,New,csv_import,santa_cruz,General Membership,,Just exploring,call,GOOGLE,"Address: 99 Del Prado, Campbell, CA, 95008
How heard: GOOGLE",imported,8/22/1988,99 Del Prado,Campbell,CA,95008,2026-03-29T18:54:50.933464+00:00
Jacob Parks,,jake@jakabparks.com,(757) 710-3805,New,csv_import,santa_cruz,General Membership,,Just exploring,call,web,"Address: 208 Strawberry St, Cape Charles, VA, 23310
How heard: web",imported,1/23/1986,208 Strawberry St,Cape Charles,VA,23310,2026-03-29T18:54:50.933464+00:00
Martha Shedden,,mbshedden55@gmail.com,(831) 359-9630,New,csv_import,santa_cruz,General Membership,,Just exploring,call,,"Address: 615 Burlingame, Capitol, CA, 95070",imported,4/4/1955,615 Burlingame,Capitol,CA,95070,2026-03-29T18:54:50.933464+00:00
"""ROESLER, ERIC""",,e.roesler9@gmail.com,(602) 799-0488,New,csv_import,santa_cruz,General Membership,,Just exploring,call,INTERWEBS,"Address: 4685 GRACE STREET, CAPITOLA, AZ, 95010
How heard: INTERWEBS",imported,9/12/1989,4685 GRACE STREET,CAPITOLA,AZ,95010,2026-03-29T18:54:50.933464+00:00
Elizabeth Silverstein,,elizabethsilverstein@gmail.com,(435) 640-3438,New,csv_import,santa_cruz,General Membership,,Just exploring,call,Lori Elling & Andrea Fette,"Address: 114 Wesley St, Capitola, CA, 95010
How heard: Lori Elling & Andrea Fette",imported,10/31/1991,114 Wesley St,Capitola,CA,95010,2026-03-29T18:54:50.933464+00:00
Bree Scholten,,bscholten@sbcglobal.net,(831) 915-4279,New,csv_import,santa_cruz,General Membership,,Just exploring,call,,"Address: 3525 Deanes Lane, Capitola, CA, 95010",imported,5/4/1967,3525 Deanes Lane,Capitola,CA,95010,2026-03-29T18:54:50.933464+00:00
ADRIANA CHAVEZ,,adrchave@ucsc.edu,(805) 402-1325,New,csv_import,santa_cruz,General Membership,,Just exploring,call,boyfriend,"Address: 1918 42nd Ave, Capitola, CA, 95010
How heard: boyfriend",imported,5/1/1998,1918 42nd Ave,Capitola,CA,95010,2026-03-29T18:54:50.933464+00:00
Lauren Chouinard,,laurennicolechouinard@gmail.com,(925) 262-3668,New,csv_import,santa_cruz,General Membership,,Just exploring,call,attended a lifting meet for a friend,"Address: 1925 46th Ave #128, Capitola, CA, 95010
How heard: attended a lifting meet for a friend",imported,11/3/1990,1925 46th Ave #128,Capitola,CA,95010,2026-03-29T18:54:50.933464+00:00
Lauren Balistreri,,lauren@imosconsulting.com,(408) 628-9661,New,csv_import,santa_cruz,General Membership,,Just exploring,call,website,"Address: 1385 #3 42nd Ave, Capitola, CA, 95010
How heard: website",imported,6/14/1983,1385 #3 42nd Ave,Capitola,CA,95010,2026-03-29T18:54:50.933464+00:00
Barbara Alexander-Peterson,,babs39sc@aol.com,(831) 247-6217,New,csv_import,santa_cruz,General Membership,,Just exploring,call,I have competed here in prior yrs,"Address: 4805 Grace St. Unit E, Capitola, CA, 95010
How heard: I have competed here in prior yrs",imported,1/29/1963,4805 Grace St. Unit E,Capitola,CA,95010,2026-03-29T18:54:50.933464+00:00
Jody Geare,,jmgeare@gmail.com,(831) 247-6874,New,csv_import,santa_cruz,General Membership,,Just exploring,call,,"Address: Capitola, CA, 95010",imported,1/31/1984,,Capitola,CA,95010,2026-03-29T18:54:50.933464+00:00
JEFF GRENZKE,,jeffgrenzke@gmail.com,(831) 229-5085,New,csv_import,santa_cruz,General Membership,,Just exploring,call,previous member,"Address: 910 Capitola Ave #44, Capitola, Ca, 95010
How heard: previous member",imported,2/9/1949,910 Capitola Ave #44,Capitola,Ca,95010,2026-03-29T18:54:50.933464+00:00
Stella Davidsdottir,,sdavidsdottir@gmail.com,(831) 227-9761,New,csv_import,santa_cruz,General Membership,,Just exploring,call,,"Address: 811 Sir Frances Ave, Capitola, CA, 95010",imported,11/27/2000,811 Sir Frances Ave,Capitola,CA,95010,2026-03-29T18:54:50.933464+00:00
Jayci Dean,,jayci.cormier@gmail.com,(337) 257-6210,New,csv_import,santa_cruz,General Membership,,Just exploring,call,Instagram,"Address: 101 Grand Ave #3, Capitola, CA, 95010
How heard: Instagram",imported,5/7/1980,101 Grand Ave #3,Capitola,CA,95010,2026-03-29T18:54:50.933464+00:00
GABRIEL LADD,,gabehladd@gmail.com,(510) 501-1217,New,csv_import,santa_cruz,General Membership,,Just exploring,call,GOOGLE,"Address: ""706 CAPITOLA AVE, UNIT K"", CAPITOLA, CA, 95010
How heard: GOOGLE",imported,4/28/1993,"""706 CAPITOLA AVE, UNIT K""",CAPITOLA,CA,95010,2026-03-29T18:54:50.933464+00:00
KIERAN LIETEAU,,magictrooper@outlook.com,(831) 205-3548,New,csv_import,santa_cruz,General Membership,,Just exploring,call,a friend,"Address: 4169 Viga Ct, Capitola, CA, 95010
How heard: a friend",imported,3/22/1999,4169 Viga Ct,Capitola,CA,95010,2026-03-29T18:54:50.933464+00:00
Kristen Lindner,,kristenlindner1998@gmail.com,(831) 331-0204,New,csv_import,santa_cruz,General Membership,,Just exploring,call,Through Haven of Hope,"Address: 4169 Viga, Capitola, CA, 95010
How heard: Through Haven of Hope",imported,7/19/1998,4169 Viga,Capitola,CA,95010,2026-03-29T18:54:50.933464+00:00
Leila Jewell,,leila.jewell@gmail.com,(714) 925-0823,New,csv_import,santa_cruz,General Membership,,Just exploring,call,Dad drop in,"Address: 816 Balboa Ave Apt C, Capitola, CA, 95010
How heard: Dad drop in",imported,6/28/1988,816 Balboa Ave Apt C,Capitola,CA,95010,2026-03-29T18:54:50.933464+00:00
Ariana Jones,,arianajones21@hotmail.com,(831) 435-9163,New,csv_import,santa_cruz,General Membership,,Just exploring,call,Friend-role - Iron role.,"Address: 4415 Diamond Street apt 1, Capitola, CA, 95010
How heard: Friend-role - Iron role.",imported,12/16/1994,4415 Diamond Street apt 1,Capitola,CA,95010,2026-03-29T18:54:50.933464+00:00
Ian Healy,,,(831) 212-2061,New,csv_import,santa_cruz,General Membership,,Just exploring,call,,"Address: 604 Escolona Ave, Capitola, CA",imported,2/6/2002,604 Escolona Ave,Capitola,CA,,2026-03-29T18:54:50.933464+00:00
"""Jamesyn """"Radcliff"""" Huffman""",,trhuffma@ucsc.edu,(505) 250-0751,New,csv_import,santa_cruz,General Membership,,Just exploring,call,Google,"Address: ""1925 46th Ave, Apt 162"", Capitola, CA, 95010
How heard: Google",imported,2/26/1997,"""1925 46th Ave, Apt 162""",Capitola,CA,95010,2026-03-29T18:54:50.933464+00:00
Joshua Henshaw,,doge14414@gmail.com,(925) 444-5185,New,csv_import,santa_cruz,General Membership,,Just exploring,call,Co worker,"Address: 3908 Alameda Ave Apt C, Capitola, CA, 95010
How heard: Co worker",imported,12/9/2004,3908 Alameda Ave Apt C,Capitola,CA,95010,2026-03-29T18:54:50.933464+00:00
Mike Rubendall,,,(925) 404-4104,New,csv_import,santa_cruz,General Membership,,Just exploring,call,Sy client,"Address: 1781 43rd Ave, Capitola, CA, 95010
How heard: Sy client",imported,3/15/1967,1781 43rd Ave,Capitola,CA,95010,2026-03-29T18:54:50.933464+00:00
Amenah Razeghi,,amenahrazeghi@aol.com,(831) 239-1827,New,csv_import,santa_cruz,General Membership,,Just exploring,call,,"Address: 122 Central Ave, Capitola, CA, 95010",imported,6/24/1978,122 Central Ave,Capitola,CA,95010,2026-03-29T18:54:50.933464+00:00
Nadia Bourche,,nybourche@gmail.com,(619) 651-5739,New,csv_import,santa_cruz,General Membership,,Just exploring,call,Friend,"Address: 7209 Linden Terrace, Carlsbad, CA, 92011
How heard: Friend",imported,3/11/2002,7209 Linden Terrace,Carlsbad,CA,92011,2026-03-29T18:54:50.933464+00:00
Brandee Lienemann,,bbharris1993@gmail.com,(760) 845-4256,New,csv_import,santa_cruz,General Membership,,Just exploring,call,Google,"Address: 25645 Via Crotalo, Carmel, CA, 93923
How heard: Google",imported,10/11/1993,25645 Via Crotalo,Carmel,CA,93923,2026-03-29T18:54:50.933464+00:00
Jonathan Stanger,,jwstange@ucsc.edu,(916) 397-4520,New,csv_import,santa_cruz,General Membership,,Just exploring,call,friend,"Address: 5319 Jamiewood Ct, Carmichael, CA, 95608
How heard: friend",imported,3/7/2003,5319 Jamiewood Ct,Carmichael,CA,95608,2026-03-29T18:54:50.933464+00:00
Collin Dahi,,collindahi@gmail.com,(567) 230-3892,New,csv_import,santa_cruz,General Membership,,Just exploring,call,,"Address: 761 N. Vista Ridge Blvd, Cedar Park, TX, 78613",imported,11/5/1991,761 N. Vista Ridge Blvd,Cedar Park,TX,78613,2026-03-29T18:54:50.933464+00:00
Matt Pound,,mpound@gmail.com,(808) 747-7440,New,csv_import,santa_cruz,General Membership,,Just exploring,call,,"Address: 801 coulmbine rd, Central Point, OR, 97502",imported,2/10/2017,801 coulmbine rd,Central Point,OR,97502,2026-03-29T18:54:50.933464+00:00
Nicholas Kim,,nicholaskim21@gmail.com,(562) 405-5009,New,csv_import,santa_cruz,General Membership,,Just exploring,call,Google,"Address: 18727 Rochelle Ave., Cerritos, CA, 90703
How heard: Google",imported,7/15/1993,18727 Rochelle Ave.,Cerritos,CA,90703,2026-03-29T18:54:50.933464+00:00
Barclay Murphy,,,(480) 383-9176,New,csv_import,santa_cruz,General Membership,,Just exploring,call,brother,"Address: 1223 W Brooks Ct, Chandler, AZ, 85224
How heard: brother",imported,12/27/2017,1223 W Brooks Ct,Chandler,AZ,85224,2026-03-29T18:54:50.933464+00:00
Barclay Murphy,,,(480) 323-9176,New,csv_import,santa_cruz,General Membership,,Just exploring,call,brother,"Address: 1223 W Brooks Ct, Chandler, AZ, 85224
How heard: brother",imported,12/27/2017,1223 W Brooks Ct,Chandler,AZ,85224,2026-03-29T18:54:50.933464+00:00
Tayler Harris,,harris.tayler@gmail.com,(336) 608-7265,New,csv_import,santa_cruz,General Membership,,Just exploring,call,Morghan King,"Address: 3123 Edsel Pl, Charlotte, NC, 28205
How heard: Morghan King",imported,12/21/2022,3123 Edsel Pl,Charlotte,NC,28205,2026-03-29T18:54:50.933464+00:00
Sean Rigsby,,seanmrigsby@gmail.com,(661) 312-4700,New,csv_import,santa_cruz,General Membership,,Just exploring,call,Morgan King,"Address: 3123 Edsel Place, Charlotte, NC, 28205
How heard: Morgan King",imported,10/17/1988,3123 Edsel Place,Charlotte,NC,28205,2026-03-29T18:54:50.933464+00:00
Jonathan Owen,,jowen.shan@gmail.com,(205) 960-1883,New,csv_import,santa_cruz,General Membership,,Just exploring,call,google,"Address: 156 Branch Dr, Chelsea, AL, 35043
How heard: google",imported,8/14/1972,156 Branch Dr,Chelsea,AL,35043,2026-03-29T18:54:50.933464+00:00
Andrew & Alli M'Cown,,a.mccown@yahoo.com,(970) 672-6553,New,csv_import,santa_cruz,General Membership,,Just exploring,call,,"Address: 2612 E 11th St, Cheyenne, WY, 82001",imported,,2612 E 11th St,Cheyenne,WY,82001,2026-03-29T18:54:50.933464+00:00
Eddie Serrano,,,(773) 430-6117,New,csv_import,santa_cruz,General Membership,,Just exploring,call,,"Address: 3141 N. Spaulding, Chicago, IL, 60618",imported,10/3/1994,3141 N. Spaulding,Chicago,IL,60618,2026-03-29T18:54:50.933464+00:00
Christoph Mills,,chrisxmills@gmail.com,(630) 975-2019,New,csv_import,santa_cruz,General Membership,,Just exploring,call,ON INSTAGRAM DROP IN,"Address: 2202 W. Thomas St, Chicago, IL, 60633
How heard: ON INSTAGRAM DROP IN",imported,7/11/1987,2202 W. Thomas St,Chicago,IL,60633,2026-03-29T18:54:50.933464+00:00
Christopher Mills,,chrixmills@gmail.com,(630) 975-4029,New,csv_import,santa_cruz,General Membership,,Just exploring,call,INSTAGRAM DROP IN,"Address: 2702 W. Thomas St, Chicago, IL, 60622
How heard: INSTAGRAM DROP IN",imported,7/11/1987,2702 W. Thomas St,Chicago,IL,60622,2026-03-29T18:54:50.933464+00:00
Stefan Fox,,stefan.d.fox@gmail.com,(312) 479-6024,New,csv_import,santa_cruz,General Membership,,Just exploring,call,Google,"Address: 6631 N. Sioux, Chicago, IL, 60646
How heard: Google",imported,10/9/1982,6631 N. Sioux,Chicago,IL,60646,2026-03-29T18:54:50.933464+00:00
Kevin Bakken,,kevinbakken05@gmail.com,(408) 857-3279,New,csv_import,santa_cruz,General Membership,,Just exploring,call,,"Address: 12 Overseer Ct, Chico, CA, 95928",imported,11/20/1986,12 Overseer Ct,Chico,CA,95928,2026-03-29T18:54:50.933464+00:00
Erin Brown,,ebrown44@gmail.com,(530) 570-6625,New,csv_import,santa_cruz,General Membership,,Just exploring,call,Online,"Address: 3251 Bell Rd., Chico, CA, 95973
How heard: Online",imported,7/24/1982,3251 Bell Rd.,Chico,CA,95973,2026-03-29T18:54:50.933464+00:00
Scott George,,srgeorge50@gmail.com,(559) 232-3028,New,csv_import,santa_cruz,General Membership,,Just exploring,call,Josh,"Address: 375 1/2 S. Chowchilla Blvd, Chowchilla, CA, 93610
How heard: Josh",imported,8/30/1991,375 1/2 S. Chowchilla Blvd,Chowchilla,CA,93610,2026-03-29T18:54:50.933464+00:00
Taylor Sullivan,,taydelune@gmail.com,(619) 395-5815,New,csv_import,santa_cruz,General Membership,,Just exploring,call,MY LOVELY BOYFRIEND,"Address: 918 Nita Court, Chula Vista, CA, 91911
How heard: MY LOVELY BOYFRIEND",imported,6/7/1997,918 Nita Court,Chula Vista,CA,91911,2026-03-29T18:54:50.933464+00:00
MICHAEL M. MARTINEZ,,michael.m.a.martinez@gmail.com,(619) 313-0037,New,csv_import,santa_cruz,General Membership,,Just exploring,call,Google Maps (long distance road trip),"Address: 244 H ST APT 102, CHULA VISTA, CA, 91910
How heard: Google Maps (long distance road trip)",imported,10/1/1991,244 H ST APT 102,CHULA VISTA,CA,91910,2026-03-29T18:54:50.933464+00:00
MICHAEL M. MARTINEZ,,michael.m.m.martinez@gmail.com,(619) 313-9537,New,csv_import,santa_cruz,General Membership,,Just exploring,call,Google Maps (long distance road trip),"Address: 244 H ST APT 102, CHULA VISTA, CA, 91910
How heard: Google Maps (long distance road trip)",imported,10/1/1991,244 H ST APT 102,CHULA VISTA,CA,91910,2026-03-29T18:54:50.933464+00:00
Azul Baker,,azulbaker@gmail.com,(916) 963-0668,New,csv_import,santa_cruz,General Membership,,Just exploring,call,Google maps search,"Address: 7024 Mercedes Ave, Citrus Heights, CA, 95621
How heard: Google maps search",imported,7/22/2001,7024 Mercedes Ave,Citrus Heights,CA,95621,2026-03-29T18:54:50.933464+00:00
Ruvim Gavrilchik,,rgavril@ucsc.edu,(916) 770-9373,New,csv_import,santa_cruz,General Membership,,Just exploring,call,Friends,"Address: 7426 Cessna Dr, Citrus Heights, CA, 95621
How heard: Friends",imported,8/24/1999,7426 Cessna Dr,Citrus Heights,CA,95621,2026-03-29T18:54:50.933464+00:00
"""Alex Stanley, Danielle Magallanes""",,a.stanley52@gmail.com,(503) 475-9025,New,csv_import,santa_cruz,General Membership,,Just exploring,call,,"Address: 13300 SE 162nd Ave #D-5, Clackamas, OR, 97015",imported,5/13/1980,13300 SE 162nd Ave #D-5,Clackamas,OR,97015,2026-03-29T18:54:50.933464+00:00
Michael Han,,michael.han.820@gmail.com,(201) 286-2187,New,csv_import,santa_cruz,General Membership,,Just exploring,call,Google,"Address: 355 Pleasant Avenue, Cliffside Park, NJ, 7010
How heard: Google",imported,8/20/1988,355 Pleasant Avenue,Cliffside Park,NJ,7010,2026-03-29T18:54:50.933464+00:00
Michael Han,,,(201) 286-2187,New,csv_import,santa_cruz,General Membership,,Just exploring,call,,"Address: 355 Pleasant Avenue, Cliffside Park, NJ, 7010",imported,8/20/1988,355 Pleasant Avenue,Cliffside Park,NJ,7010,2026-03-29T18:54:50.933464+00:00
Matt Krakowski,,matt@switchcrossfit.com,(586) 649-0323,New,csv_import,santa_cruz,General Membership,,Just exploring,call,,"Address: 22675 Morelli, Clinton Twp, MI, 48036",imported,7/19/1983,22675 Morelli,Clinton Twp,MI,48036,2026-03-29T18:54:50.933464+00:00
Veronica Fregoso,,vrfregoso12@gmail.com,(559) 285-3552,New,csv_import,santa_cruz,General Membership,,Just exploring,call,ig,"Address: Clovis, CA, 93619
How heard: ig",imported,12/31/1993,,Clovis,CA,93619,2026-03-29T18:54:50.933464+00:00
Miguel Dizon,,miguelldizon@gmail.com,(559) 244-1295,New,csv_import,santa_cruz,General Membership,,Just exploring,call,Online,"Address: 3218 Powers Avenue, Clovis, CA, 93619
How heard: Online",imported,12/9/1995,3218 Powers Avenue,Clovis,CA,93619,2026-03-29T18:54:50.933464+00:00
Sam Quiller,,samq695@gmail.com,(559) 389-4326,New,csv_import,santa_cruz,General Membership,,Just exploring,call,Instagram,"Address: 250 W. Birch, Clovis, CA, 93611
How heard: Instagram",imported,4/2/1985,250 W. Birch,Clovis,CA,93611,2026-03-29T18:54:50.933464+00:00
Gabe Pressman,,gapressman@gmail.com,(610) 331-4327,New,csv_import,santa_cruz,General Membership,,Just exploring,call,,"Address: 629 Prairie Road, CO Springs, CO, 80909",imported,2/27/1988,629 Prairie Road,CO Springs,CO,80909,2026-03-29T18:54:50.933464+00:00
MORGAN COLE,,morgan-cole@sbcglobal.net,(314) 605-6609,New,csv_import,santa_cruz,General Membership,,Just exploring,call,WEB,"Address: 5910 TRADITIONS DR, COLORADO SPRINGS, CO, 80924
How heard: WEB",imported,1/25/1990,5910 TRADITIONS DR,COLORADO SPRINGS,CO,80924,2026-03-29T18:54:50.933464+00:00
Vanessa Pine,,vanessapine@gmail.com,(260) 609-8749,New,csv_import,santa_cruz,General Membership,,Just exploring,call,Google,"Address: 2449 E Waters Edge Dr, Columbia City, IN, 46725
How heard: Google",imported,10/12/1985,2449 E Waters Edge Dr,Columbia City,IN,46725,2026-03-29T18:54:50.933464+00:00
Anna Danley,,anna-colleran@hotmail.com,(253) 232-9322,New,csv_import,santa_cruz,General Membership,,Just exploring,call,USA Weightlifting,"Address: 160 A St EN, Columbia Falls, MT, 59912
How heard: USA Weightlifting",imported,1/24/1984,160 A St EN,Columbia Falls,MT,59912,2026-03-29T18:54:50.933464+00:00
John Holeman,,jholeman155@gmail.com,(708) 648-0011,New,csv_import,santa_cruz,General Membership,,Just exploring,call,Internet lookup,"Address: 3015 Longmont Ln, Columbus, GA, 31907
How heard: Internet lookup",imported,2/3/1998,3015 Longmont Ln,Columbus,GA,31907,2026-03-29T18:54:50.933464+00:00
Ryan Davis,,ryan.davis2655@gmail.com,(380) 212-8260,New,csv_import,santa_cruz,General Membership,,Just exploring,call,Morgan King,"Address: 1300 Burr Ave, Columbus, OH, 43212
How heard: Morgan King",imported,4/5/1980,1300 Burr Ave,Columbus,OH,43212,2026-03-29T18:54:50.933464+00:00
Scott Hisaka,,scotthisaka@gmail.com,(925) 285-0607,New,csv_import,santa_cruz,General Membership,,Just exploring,call,,"Address: 4421 Weeping Spruce Ct, Concord, CA, 94521",imported,1/14/1990,4421 Weeping Spruce Ct,Concord,CA,94521,2026-03-29T18:54:50.933464+00:00
Joe Burns,,jpbr8798@gmail,(619) 869-6536,New,csv_import,santa_cruz,General Membership,,Just exploring,call,INTERWEB,"Address: 915 F Ave, Coronado, Ca, 92118
How heard: INTERWEB",imported,11/12/1962,915 F Ave,Coronado,Ca,92118,2026-03-29T18:54:50.933464+00:00
Meghan O'Leary,,meghanoleary7@gmail.com,(225) 773-6786,New,csv_import,santa_cruz,General Membership,,Just exploring,call,MORGAN!!,"Address: 835 Browns Valley, Corralitos, CA, 95076
How heard: MORGAN!!",imported,8/24/1984,835 Browns Valley,Corralitos,CA,95076,2026-03-29T18:54:50.933464+00:00
Elizabeth Lutz,,,(831) 319-2650,New,csv_import,santa_cruz,General Membership,,Just exploring,call,Sister,"Address: 115 Whippet Run, Corralitos, CA
How heard: Sister",imported,9/23/1998,115 Whippet Run,Corralitos,CA,,2026-03-29T18:54:50.933464+00:00
Jenn Hambly,,jennjhambly@gmail.com,(831) 722-3672,New,csv_import,santa_cruz,General Membership,,Just exploring,call,Instagram,"Address: 583 Browns Valley Rd, Corralitos, CA, 95076
How heard: Instagram",imported,1/31/1979,583 Browns Valley Rd,Corralitos,CA,95076,2026-03-29T18:54:50.933464+00:00
Jameson Fong,,jameson.fong.65@gmail.com,(628) 264-8490,New,csv_import,santa_cruz,General Membership,,Just exploring,call,USAW,"Address: 65 Spindrift Passage, Corte Madera, CA, 94925
How heard: USAW",imported,9/17/2007,65 Spindrift Passage,Corte Madera,CA,94925,2026-03-29T18:54:50.933464+00:00
Curtis Fong,,curtisfong65@gmail.com,(415) 254-0202,New,csv_import,santa_cruz,General Membership,,Just exploring,call,USAW,"Address: 65 Spindrift Passage, Corte Madera, CA, 94925
How heard: USAW",imported,4/8/1967,65 Spindrift Passage,Corte Madera,CA,94925,2026-03-29T18:54:50.933464+00:00
Aaron Daniel,,aaron.j.daniel@gmail.com,(415) 259-7907,New,csv_import,santa_cruz,General Membership,,Just exploring,call,GABE,"Address: 119 Prince Royal Dr., Corte Madera, CA, 94925
How heard: GABE",imported,5/30/1988,119 Prince Royal Dr.,Corte Madera,CA,94925,2026-03-29T18:54:50.933464+00:00
David Blatt,,djmoemail@gmail.com,(949) 829-7778,New,csv_import,santa_cruz,General Membership,,Just exploring,call,Google - Drop IN,"Address: 2191 Canton Dr, Costa Mesa, CA, 92627
How heard: Google - Drop IN",imported,10/29/2003,2191 Canton Dr,Costa Mesa,CA,92627,2026-03-29T18:54:50.933464+00:00
Timothy Jewell,,timothydjewell@gmail.com,(714) 925-0832,New,csv_import,santa_cruz,General Membership,,Just exploring,call,Tom & Leila Jewell,"Address: 976 Paularino Ave, Costa Mesa, CA, 92626
How heard: Tom & Leila Jewell",imported,12/20/1990,976 Paularino Ave,Costa Mesa,CA,92626,2026-03-29T18:54:50.933464+00:00
Matthew Goldschmidt,,matthewgold659@yahoo.com,(530) 638-6565,New,csv_import,santa_cruz,General Membership,,Just exploring,call,online,"Address: 22259 River view, Cottonwood, Ca, 96022
How heard: online",imported,7/2/2002,22259 River view,Cottonwood,Ca,96022,2026-03-29T18:54:50.933464+00:00
JUSTIN LOWENTHAL,,,(650) 678-3717,New,csv_import,santa_cruz,General Membership,,Just exploring,call,FAMILY,"Address: 19852 HIDDEN HILLS RD, COTTONWOOD, CA, 96022
How heard: FAMILY",imported,5/19/1987,19852 HIDDEN HILLS RD,COTTONWOOD,CA,96022,2026-03-29T18:54:50.933464+00:00
Sohinee Saha,,sohineets1@gmail.com,(408) 691-6982,New,csv_import,santa_cruz,General Membership,,Just exploring,call,Friend (Vanessa Murray),"Address: 19900A Olivewood Street, Cupertino, CA, 95014
How heard: Friend (Vanessa Murray)",imported,5/2/2001,19900A Olivewood Street,Cupertino,CA,95014,2026-03-29T18:54:50.933464+00:00
Chris Napoli,,cnapoli@gmail.com,(919) 260-0509,New,csv_import,santa_cruz,General Membership,,Just exploring,call,Sylvia Krick (member),"Address: 10322 Parlett Pl, Cupertino, CA, 95014
How heard: Sylvia Krick (member)",imported,11/2/1975,10322 Parlett Pl,Cupertino,CA,95014,2026-03-29T18:54:50.933464+00:00
Jack Brennan,,jackbrennan212@gmail.com,(447) 841-9069,New,csv_import,santa_cruz,General Membership,,Just exploring,call,IG,"Address: 1175 S. Stelling Road, Cupertino, CA, 95014
How heard: IG",imported,12/8/1997,1175 S. Stelling Road,Cupertino,CA,95014,2026-03-29T18:54:50.933464+00:00
Tanner Avery,,tanneravery@gmail.com,(520) 820-6265,New,csv_import,santa_cruz,General Membership,,Just exploring,call,Online,"Address: 21677 Rainbow Dr, Cupertino, Ca, 95014
How heard: Online",imported,1/25/1993,21677 Rainbow Dr,Cupertino,Ca,95014,2026-03-29T18:54:50.933464+00:00
Brandon Lee,,brandoncoreylee@gmail.com,(925) 506-3121,New,csv_import,santa_cruz,General Membership,,Just exploring,call,Yelp,"Address: 18861 Barnhart Ave, Cupertino, CA, 95014
How heard: Yelp",imported,6/15/1984,18861 Barnhart Ave,Cupertino,CA,95014,2026-03-29T18:54:50.933464+00:00
Jacob Moore,,mowjay@gmail.com,(540) 476-2749,New,csv_import,santa_cruz,General Membership,,Just exploring,call,google,"Address: 730 Glebe Road, Daleville, VA, 24083
How heard: google",imported,4/17/1989,730 Glebe Road,Daleville,VA,24083,2026-03-29T18:54:50.933464+00:00
Henry Copeland,,copeland.henry@gmail.com,(571) 407-4989,New,csv_import,santa_cruz,General Membership,,Just exploring,call,Family referral,"Address: 11911 Greenville ave, Dallas, TX, 75243
How heard: Family referral",imported,11/30/1993,11911 Greenville ave,Dallas,TX,75243,2026-03-29T18:54:50.933464+00:00
Jack Gerow,,jackgerow@hotmail.com,(214) 837-5733,New,csv_import,santa_cruz,General Membership,,Just exploring,call,online,"Address: 14108 Hughes Ln, Dallas, TX, 75254
How heard: online",imported,11/10/2000,14108 Hughes Ln,Dallas,TX,75254,2026-03-29T18:54:50.933464+00:00
Jebediah DeAngelis,,,(845) 762-6132,New,csv_import,santa_cruz,General Membership,,Just exploring,call,Friend,"Address: 20 Westporte Dr, Daly, CA, 94015
How heard: Friend",imported,8/7/1980,20 Westporte Dr,Daly,CA,94015,2026-03-29T18:54:50.933464+00:00
GUNA KANNAN,,guna.kannan@yahoo.com,(425) 281-5214,New,csv_import,santa_cruz,General Membership,,Just exploring,call,Fall Fest,"Address: 151 CRESTVIEW CIR, DALY CITY, CA, 94015
How heard: Fall Fest",imported,,151 CRESTVIEW CIR,DALY CITY,CA,94015,2026-03-29T18:54:50.933464+00:00
Joel Robison,,jorob77@hotmail.com,(650) 438-3969,New,csv_import,santa_cruz,General Membership,,Just exploring,call,Facebook,"Address: 111 S. Mayfair Ave Apt 23, Daly City, CA, 94015
How heard: Facebook",imported,8/20/1979,111 S. Mayfair Ave Apt 23,Daly City,CA,94015,2026-03-29T18:54:50.933464+00:00
Nittaya Robison,,njrobison@gmail.com,(319) 520-7786,New,csv_import,santa_cruz,General Membership,,Just exploring,call,"""online, google""","Address: 111 South Mayfair Ave APT 23, Daly City, CA, 94015
How heard: ""online, google""",imported,8/16/1979,111 South Mayfair Ave APT 23,Daly City,CA,94015,2026-03-29T18:54:50.933464+00:00
Kenna Sueksdorf,,kennsueksdorf@gmail.com,(925) 819-6068,New,csv_import,santa_cruz,General Membership,,Just exploring,call,,"Address: 726 Everett Drive, Danville, CA, 94526",imported,10/8/1996,726 Everett Drive,Danville,CA,94526,2026-03-29T18:54:50.933464+00:00
Kenny Sueksdorf,,kennysueksdorf@gmail.com,(925) 819-6068,New,csv_import,santa_cruz,General Membership,,Just exploring,call,,"Address: 726 Everett Drive, Danville, CA, 94526",imported,10/8/1996,726 Everett Drive,Danville,CA,94526,2026-03-29T18:54:50.933464+00:00
John Slaughter,,js8308@gmail.com,(301) 655-4650,New,csv_import,santa_cruz,General Membership,,Just exploring,call,Internet search,"Address: 14917 Finegan Farm Road, Darnestown, MD, 20874
How heard: Internet search",imported,9/11/1967,14917 Finegan Farm Road,Darnestown,MD,20874,2026-03-29T18:54:50.933464+00:00
KAI SCHUETTE,,kai@servicetrackingsystems.net,(707) 318-2754,New,csv_import,santa_cruz,General Membership,,Just exploring,call,GOOGLE,"Address: 275 DAVENPORT LANDING RD, DAVENPORT, CA, 95017
How heard: GOOGLE",imported,8/1/1961,275 DAVENPORT LANDING RD,DAVENPORT,CA,95017,2026-03-29T18:54:50.933464+00:00
Lizel Garcia,,lizelgarcia22@gmail.com,(510) 936-3447,New,csv_import,santa_cruz,General Membership,,Just exploring,call,Friend,"Address: 301 Citron, Davis, CA, 95616
How heard: Friend",imported,7/25/2000,301 Citron,Davis,CA,95616,2026-03-29T18:54:50.933464+00:00
Benjamin Garcia,,benjigarcia@gmail.com,(661) 709-4304,New,csv_import,santa_cruz,General Membership,,Just exploring,call,instagram,"Address: 212 calle felix, Delano, CA, 93215
How heard: instagram",imported,8/31/2004,212 calle felix,Delano,CA,93215,2026-03-29T18:54:50.933464+00:00
Tony Susan,,knockoutfall@yahoo,(404) 373-6936,New,csv_import,santa_cruz,General Membership,,Just exploring,call,Other,"Address: 8960 Eldora, Denver, CO, 80207
How heard: Other",imported,12/11/1987,8960 Eldora,Denver,CO,80207,2026-03-29T18:54:50.933464+00:00
Jason Spieldrick,,jason.spieldrick@gmail.com,(917) 655-5136,New,csv_import,santa_cruz,General Membership,,Just exploring,call,Google,"Address: 254 S. Ivy St, Denver, CO, 80224
How heard: Google",imported,3/24/2000,254 S. Ivy St,Denver,CO,80224,2026-03-29T18:54:50.933464+00:00
Bryce Brandenburg,,thenameisnut@gmail.com,(720) 955-3677,New,csv_import,santa_cruz,General Membership,,Just exploring,call,Eric Roesler,"Address: 2732 Valentia St., Denver, CO, 80238
How heard: Eric Roesler",imported,2/14/2005,2732 Valentia St.,Denver,CO,80238,2026-03-29T18:54:50.933464+00:00
Lyla Allman,,thenameisneil@gmail.com,(720) 955-3677,New,csv_import,santa_cruz,General Membership,,Just exploring,call,Eric Roesler,"Address: 2732 Valentia St., Denver, CO, 80238
How heard: Eric Roesler",imported,12/10/2009,2732 Valentia St.,Denver,CO,80238,2026-03-29T18:54:50.933464+00:00
Conner Long,,c.long606@gmail.com,(720) 370-6994,New,csv_import,santa_cruz,General Membership,,Just exploring,call,HUGH QUIGLEY,"Address: 128 W. 3RD AVE, Denver, CO, 80223
How heard: HUGH QUIGLEY",imported,8/24/1997,128 W. 3RD AVE,Denver,CO,80223,2026-03-29T18:54:50.933464+00:00
"""Beltran, Eli""",,elizandrobeltran@gmail.com,(562) 450-6700,New,csv_import,santa_cruz,General Membership,,Just exploring,call,Powerlifting meet,"Address: 9754 Tecom Rd., Downey, CA, 90240
How heard: Powerlifting meet",imported,8/11/2020,9754 Tecom Rd.,Downey,CA,90240,2026-03-29T18:54:50.933464+00:00
Ryan Grojean,,ryan.grojean@gmail.com,(913) 461-8146,New,csv_import,santa_cruz,General Membership,,Just exploring,call,Google,"Address: 1550 Deerfield Rd, Dripping Springs, TX, 78620
How heard: Google",imported,3/10/1991,1550 Deerfield Rd,Dripping Springs,TX,78620,2026-03-29T18:54:50.933464+00:00
Scott Engel,,cunnelat10@gmail.com,(810) 627-5827,New,csv_import,santa_cruz,General Membership,,Just exploring,call,google,"Address: 4614 Bishop, DRYDEN, MI, 48428
How heard: google",imported,2/3/1984,4614 Bishop,DRYDEN,MI,48428,2026-03-29T18:54:50.933464+00:00
Emilio Castrellon,,emilio.castrellon1@gmail.com,(682) 521-9522,New,csv_import,santa_cruz,General Membership,,Just exploring,call,Walk in,"Address: 3627 Roosevelt Dr, DWG, TX, 76016
How heard: Walk in",imported,9/18/1994,3627 Roosevelt Dr,DWG,TX,76016,2026-03-29T18:54:50.933464+00:00
Gregory Lafferty,,,(347) 523-1895,New,csv_import,santa_cruz,General Membership,,Just exploring,call,,"Address: 38 Elm Street, East Aurora, NY, 14052",imported,,38 Elm Street,East Aurora,NY,14052,2026-03-29T18:54:50.933464+00:00
Rana Hasan,,,(612) 264-9970,New,csv_import,santa_cruz,General Membership,,Just exploring,call,Benjamin Fischer,"Address: 6005 Frances Ave S, Edina, MN, 55410
How heard: Benjamin Fischer",imported,6/13/1990,6005 Frances Ave S,Edina,MN,55410,2026-03-29T18:54:50.933464+00:00
Michael Sens,,michael89sens@gmail.com,(919) 606-2646,New,csv_import,santa_cruz,General Membership,,Just exploring,call,,"Address: 1640 N Longman Apt 17, El Paso, TX, 79936",imported,9/15/1989,1640 N Longman Apt 17,El Paso,TX,79936,2026-03-29T18:54:50.933464+00:00
Eli Romero,,eliwromero@yahoo.com,(510) 230-1665,New,csv_import,santa_cruz,General Membership,,Just exploring,call,Recommendation,"Address: 729 Alhambra Rd, El Sobrante, CA, 94803
How heard: Recommendation",imported,7/24/1997,729 Alhambra Rd,El Sobrante,CA,94803,2026-03-29T18:54:50.933464+00:00
Bryan Amaral,,bryanamaral88@gmail.com,(916) 606-9483,New,csv_import,santa_cruz,General Membership,,Just exploring,call,instagram,"Address: 9713 Sutton Pointe Ct., Elk Grove, CA, 95757
How heard: instagram",imported,1/23/2002,9713 Sutton Pointe Ct.,Elk Grove,CA,95757,2026-03-29T18:54:50.933464+00:00
Karen Hua,,karenhua321@gmail.com,(916) 802-9295,New,csv_import,santa_cruz,General Membership,,Just exploring,call,,"Address: 8615 Butterscotch Way, Elk Grove, CA, 95758",imported,7/8/1988,8615 Butterscotch Way,Elk Grove,CA,95758,2026-03-29T18:54:50.933464+00:00
Logan Rice,,loganrice72@gmail.com,(209) 818-1600,New,csv_import,santa_cruz,General Membership,,Just exploring,call,Google,"Address: 1535 Fisk Ave, Escalon, CA, 95320
How heard: Google",imported,,1535 Fisk Ave,Escalon,CA,95320,2026-03-29T18:54:50.933464+00:00
Yaxaira Astorga,,yaxairaaa@icloud.com,(760) 707-6473,New,csv_import,santa_cruz,General Membership,,Just exploring,call,online (looking for gyms near me),"Address: 926 E Washington Ave, Escondido, CA, 92028
How heard: online (looking for gyms near me)",imported,12/16/1999,926 E Washington Ave,Escondido,CA,92028,2026-03-29T18:54:50.933464+00:00
TOM JEWELL,,jewell.tom@gmail.com,(714) 925-9428,New,csv_import,santa_cruz,General Membership,,Just exploring,call,GOOGLE MAPS,"Address: 8694 HUDSON RIVER, F.V., CA, 92708
How heard: GOOGLE MAPS",imported,4/10/1960,8694 HUDSON RIVER,F.V.,CA,92708,2026-03-29T18:54:50.933464+00:00
Andres Gonzales,,drejustdidit@gmail.com,(707) 803-7371,New,csv_import,santa_cruz,General Membership,,Just exploring,call,OSI,"Address: 2904 Eucalyptus Ct, Fairfield, CA, 94534
How heard: OSI",imported,9/10/2005,2904 Eucalyptus Ct,Fairfield,CA,94534,2026-03-29T18:54:50.933464+00:00
David Smith,,david.smith1364@aol.com,(831) 278-2884,New,csv_import,santa_cruz,General Membership,,Just exploring,call,,"Address: 1704 View Dr., Felton, CA, 95019",imported,10/31/1989,1704 View Dr.,Felton,CA,95019,2026-03-29T18:54:50.933464+00:00
Kevin Seavers,,kseavers87@gmail.com,(408) 893-0399,New,csv_import,santa_cruz,General Membership,,Just exploring,call,,"Address: 9825 Zayante Dr, Felton, CA, 95018",imported,10/2/1987,9825 Zayante Dr,Felton,CA,95018,2026-03-29T18:54:50.933464+00:00
Holland Maclaurie,,hollandmaclaurie@gmail.com,(831) 713-8608,New,csv_import,santa_cruz,General Membership,,Just exploring,call,""",null""","Address: 5851 Plateau Dr., Felton, CA, 95018
How heard: "",null""",imported,12/30/1985,5851 Plateau Dr.,Felton,CA,95018,2026-03-29T18:54:50.933464+00:00
David Smith,,davidsmitty364@aol.com,(831) 278-2884,New,csv_import,santa_cruz,General Membership,,Just exploring,call,,"Address: 1704 View Dr., Felton, CA, 95018",imported,10/31/1989,1704 View Dr.,Felton,CA,95018,2026-03-29T18:54:50.933464+00:00
Lisa O'Connor,,,(831) 247-3498,New,csv_import,santa_cruz,General Membership,,Just exploring,call,SCDG,"Address: 311 Fall Creek Dr., Felton, CA, 95018
How heard: SCDG",imported,8/1/1982,311 Fall Creek Dr.,Felton,CA,95018,2026-03-29T18:54:50.933464+00:00
Apryl-Joy Pascua (SCDG),,aprylpascua@gmail.com,(559) 285-2452,New,csv_import,santa_cruz,General Membership,,Just exploring,call,Clay & Lexi / SCDG,"Address: 1222 Fern Ridge, Felton, CA, 95018
How heard: Clay & Lexi / SCDG",imported,6/27/1985,1222 Fern Ridge,Felton,CA,95018,2026-03-29T18:54:50.933464+00:00
Alex Barangan,,alex@diurnal.org,(415) 858-9939,New,csv_import,santa_cruz,General Membership,,Just exploring,call,,"Address: 210 Orchard Rd, Felton, CA, 95018",imported,5/7/1980,210 Orchard Rd,Felton,CA,95018,2026-03-29T18:54:50.933464+00:00
DOMINIC BUTAITIS JR,,dominicbutaitis@yahoo.com,(408) 489-3703,New,csv_import,santa_cruz,General Membership,,Just exploring,call,WIFE MARGIE,"Address: 957 FERN AVE, FELTON, CA, 95018
How heard: WIFE MARGIE",imported,2/23/1969,957 FERN AVE,FELTON,CA,95018,2026-03-29T18:54:50.933464+00:00
Margie Brasil-Butaitis,,mbrasilbutaitis@yahoo.com,(831) 239-2237,New,csv_import,santa_cruz,General Membership,,Just exploring,call,internet/other gym members Ed Evans,"Address: 957 FERN AVE, FELTON, CA, 95018
How heard: internet/other gym members Ed Evans",imported,6/12/1966,957 FERN AVE,FELTON,CA,95018,2026-03-29T18:54:50.933464+00:00
Jon Brannen,,jonbrannen@gmail.com,(831) 713-8689,New,csv_import,santa_cruz,General Membership,,Just exploring,call,USED TO WORKOUT HERE,"Address: 5454 HWY 9, FELTON, CA, 95018
How heard: USED TO WORKOUT HERE",imported,6/30/1974,5454 HWY 9,FELTON,CA,95018,2026-03-29T18:54:50.933464+00:00
Charles Bates,,charlieb3@gmail.com,(408) 930-9377,New,csv_import,santa_cruz,General Membership,,Just exploring,call,Yelp,"Address: 2165 Upper Scenic Dr, Felton, CA, 95018
How heard: Yelp",imported,6/12/1982,2165 Upper Scenic Dr,Felton,CA,95018,2026-03-29T18:54:50.933464+00:00
Joey Bradford,,analytik814@gmail.com,(831) 521-7024,New,csv_import,santa_cruz,General Membership,,Just exploring,call,Instagram,"Address: 5954 Valley Drive, Felton, CA, 95018
How heard: Instagram",imported,10/10/1989,5954 Valley Drive,Felton,CA,95018,2026-03-29T18:54:50.933464+00:00
AMIRAH GLYNN,,amirahglynn@yahoo.com,(714) 423-3645,New,csv_import,santa_cruz,General Membership,,Just exploring,call,ONLINE,"Address: 123 BETH DR #A, FELTON, CA, 95018
How heard: ONLINE",imported,10/30/1985,123 BETH DR #A,FELTON,CA,95018,2026-03-29T18:54:50.933464+00:00
Allison Fisher,,allipoohrn@comcast.net,(831) 566-1717,New,csv_import,santa_cruz,General Membership,,Just exploring,call,Narine,"Address: 535 River Rd, Felton, CA, 95018
How heard: Narine",imported,9/21/1971,535 River Rd,Felton,CA,95018,2026-03-29T18:54:50.933464+00:00
Angela Kelly for Brendan Kelly,,chrisandangelakelly@gmail.com,(408) 348-3643,New,csv_import,santa_cruz,General Membership,,Just exploring,call,Meg!!!,"Address: 351 Redwood Rd, Felton, CA, 95018
How heard: Meg!!!",imported,3/2/2009,351 Redwood Rd,Felton,CA,95018,2026-03-29T18:54:50.933464+00:00
Todd Kent,,tkent@ucsc.edu,(509) 949-6018,New,csv_import,santa_cruz,General Membership,,Just exploring,call,Training,"Address: 200 El Solyo Heights Dr., Felton, CA, 95018
How heard: Training",imported,10/19/1972,200 El Solyo Heights Dr.,Felton,CA,95018,2026-03-29T18:54:50.933464+00:00
Erin Janson,,silver0634@gmail.com,(408) 805-9763,New,csv_import,santa_cruz,General Membership,,Just exploring,call,Current member,"Address: 6455 Cooper St., Felton, CA, 95018
How heard: Current member",imported,11/30/1981,6455 Cooper St.,Felton,CA,95018,2026-03-29T18:54:50.933464+00:00
Julie Howell,,jchowell@ucsc.edu,(408) 659-9043,New,csv_import,santa_cruz,General Membership,,Just exploring,call,,"Address: 112 Big Trees Park Rd, Felton, CA, 95018",imported,10/25/1982,112 Big Trees Park Rd,Felton,CA,95018,2026-03-29T18:54:50.933464+00:00
Andrew Hagen,,awhagen229@gmail.com,(530) 616-5262,New,csv_import,santa_cruz,General Membership,,Just exploring,call,Brittney Rayner,"Address: 10816 Visiter St, Felton, CA, 95018
How heard: Brittney Rayner",imported,8/19/1976,10816 Visiter St,Felton,CA,95018,2026-03-29T18:54:50.933464+00:00
Marianne Hunter-Chance,,,(831) 332-4066,New,csv_import,santa_cruz,General Membership,,Just exploring,call,Have used the gym,"Address: 113 Orchard Rd, Felton, Ca, 95018
How heard: Have used the gym",imported,12/10/1938,113 Orchard Rd,Felton,Ca,95018,2026-03-29T18:54:50.933464+00:00
Charles Hammer,,charleshammer05@icloud.com,(831) 252-4005,New,csv_import,santa_cruz,General Membership,,Just exploring,call,my older brother,"Address: 900 Lakeside dr, felton, CA, 95018
How heard: my older brother",imported,7/16/2005,900 Lakeside dr,felton,CA,95018,2026-03-29T18:54:50.933464+00:00
Ruby Hammer,,rubyhmo5@gmail.com,(831) 252-4004,New,csv_import,santa_cruz,General Membership,,Just exploring,call,My brother - KAI GOLDEN,"Address: 900 lakeside ave, Felton, CA, 95018
How heard: My brother - KAI GOLDEN",imported,7/16/2005,900 lakeside ave,Felton,CA,95018,2026-03-29T18:54:50.933464+00:00
Drew Hagen,,,(831) 278-0128,New,csv_import,santa_cruz,General Membership,,Just exploring,call,,"Address: 10816 Vizitar St, Felton, CA, 95018",imported,8/10/1997,10816 Vizitar St,Felton,CA,95018,2026-03-29T18:54:50.933464+00:00
Heather Ross,,rocketcanine@gmail.com,(301) 807-5457,New,csv_import,santa_cruz,General Membership,,Just exploring,call,Google,"Address: 4481 Hwy 9, Felton, CA, 95018
How heard: Google",imported,4/13/1987,4481 Hwy 9,Felton,CA,95018,2026-03-29T18:54:50.933464+00:00
Jesse Reger,,jesse reger @ gmail.com,(831) 278-0320,New,csv_import,santa_cruz,General Membership,,Just exploring,call,Instagram,"Address: 6464 Hwy 9, Felton, CA, 95018
How heard: Instagram",imported,3/24/1995,6464 Hwy 9,Felton,CA,95018,2026-03-29T18:54:50.933464+00:00
David Perry,,dpefernleynv@aol.com,(775) 544-3165,New,csv_import,santa_cruz,General Membership,,Just exploring,call,LSPA,"Address: 104 Eaglewood Dr, Fernley, NV, 89408
How heard: LSPA",imported,2/9/1961,104 Eaglewood Dr,Fernley,NV,89408,2026-03-29T18:54:50.933464+00:00
Minou Argoud,,,(831) 200-5224,New,csv_import,santa_cruz,General Membership,,Just exploring,call,Son,"Address: 2731 Frost Dr, Fish Camp, CA, 93623
How heard: Son",imported,1/7/1957,2731 Frost Dr,Fish Camp,CA,93623,2026-03-29T18:54:50.933464+00:00
Karl Jones,,jones.kall1@gmail.com,(415) 497-0567,New,csv_import,santa_cruz,General Membership,,Just exploring,call,Ruvim - UCSC,"Address: 11 Morelos Avenue, Forest Knolls, CA, 94933
How heard: Ruvim - UCSC",imported,10/15/1998,11 Morelos Avenue,Forest Knolls,CA,94933,2026-03-29T18:54:50.933464+00:00
Melanie Nguyen,,melnguyen992@gmail.com,(714) 595-1884,New,csv_import,santa_cruz,General Membership,,Just exploring,call,Instagram,"Address: 11165 Begonia Ave, Fountain Valley, CA, 92708
How heard: Instagram",imported,9/21/1992,11165 Begonia Ave,Fountain Valley,CA,92708,2026-03-29T18:54:50.933464+00:00
Richard Acuna,,acuna.richard@gmail.com,(248) 842-6552,New,csv_import,santa_cruz,General Membership,,Just exploring,call,Referral/Instagram,"Address: 31740 Fraser Dr #101, Fraser, MI, 48026
How heard: Referral/Instagram",imported,2/5/1986,31740 Fraser Dr #101,Fraser,MI,48026,2026-03-29T18:54:50.933464+00:00
David Castoren,,davcastro26@yahoo,(831) 359-1240,New,csv_import,santa_cruz,General Membership,,Just exploring,call,hugh,"Address: 263 Bowker rd, Freedom, CA, 95019
How heard: hugh",imported,11/20/2003,263 Bowker rd,Freedom,CA,95019,2026-03-29T18:54:50.933464+00:00
Juan Castorena,,juan64castorena@gmail.com,(831) 359-9746,New,csv_import,santa_cruz,General Membership,,Just exploring,call,instagram,"Address: 263 Bowker Rd, Freedom, CA, 95019
How heard: instagram",imported,3/4/2000,263 Bowker Rd,Freedom,CA,95019,2026-03-29T18:54:50.933464+00:00
Jose Becerra,,josebecerra831@yahoo.com,(831) 750-5210,New,csv_import,santa_cruz,General Membership,,Just exploring,call,Social Media,"Address: 6 Airport Rd, Freedom, CA, 95019
How heard: Social Media",imported,2/15/1995,6 Airport Rd,Freedom,CA,95019,2026-03-29T18:54:50.933464+00:00
Margarita Fernandez,,ma99ic_7@yahoo.com,(831) 750-2262,New,csv_import,santa_cruz,General Membership,,Just exploring,call,Friend,"Address: 155 Compton Terrace, Freedom, CA, 95019
How heard: Friend",imported,6/6/1993,155 Compton Terrace,Freedom,CA,95019,2026-03-29T18:54:50.933464+00:00
Martin Estrada,,mjen831@gmail.com,(831) 319-6047,New,csv_import,santa_cruz,General Membership,,Just exploring,call,FRIEND,"Address: 214 Carey Ave., Freedom, CA, 95019
How heard: FRIEND",imported,12/8/1999,214 Carey Ave.,Freedom,CA,95019,2026-03-29T18:54:50.933464+00:00
Hashmin Sajjan,,hashmin.sajjan@gmail.com,(510) 402-7978,New,csv_import,santa_cruz,General Membership,,Just exploring,call,YELP,"Address: 40295 Landon Ave, Fremont, CA, 94538
How heard: YELP",imported,8/25/1997,40295 Landon Ave,Fremont,CA,94538,2026-03-29T18:54:50.933464+00:00
Vina Nabor,,vebnabor@gmail.com,(510) 648-0924,New,csv_import,santa_cruz,General Membership,,Just exploring,call,,"Address: 3557 Jamestown Rd, Fremont, CA, 94538",imported,9/5/1991,3557 Jamestown Rd,Fremont,CA,94538,2026-03-29T18:54:50.933464+00:00
Jessica Li,,jessicali564@gmail.com,(510) 396-5440,New,csv_import,santa_cruz,General Membership,,Just exploring,call,Google,"Address: 421 Bent Grass Terrace, Fremont, CA, 94539
How heard: Google",imported,7/11/2001,421 Bent Grass Terrace,Fremont,CA,94539,2026-03-29T18:54:50.933464+00:00
Nick Santoya,,nsantoya22@yahoo.com,(559) 977-5766,New,csv_import,santa_cruz,General Membership,,Just exploring,call,Social media,"Address: 4634 N. Bond Ave, Fresno, CA, 93726
How heard: Social media",imported,5/22/1986,4634 N. Bond Ave,Fresno,CA,93726,2026-03-29T18:54:50.933464+00:00
Gianna Sferrazza,,gianna.sferrazza4321@gmail.com,(559) 375-5928,New,csv_import,santa_cruz,General Membership,,Just exploring,call,GYM Friends Drop IN,"Address: 9311 North Archie Ave, Fresno, CA, 93720
How heard: GYM Friends Drop IN",imported,5/3/1999,9311 North Archie Ave,Fresno,CA,93720,2026-03-29T18:54:50.933464+00:00
Rodrigo Manzo,,rmrstrong@yahoo.com,(209) 633-0002,New,csv_import,santa_cruz,General Membership,,Just exploring,call,TG,"Address: 6832 E Amber Dr, Fresno, CA, 93727
How heard: TG",imported,8/26/1993,6832 E Amber Dr,Fresno,CA,93727,2026-03-29T18:54:50.933464+00:00
Rodrigo Monzo,,rmstrengthsystems@gmail.com,(209) 658-0009,New,csv_import,santa_cruz,General Membership,,Just exploring,call,IG,"Address: 6882 E Amherst Ave, Fresno, CA, 93727
How heard: IG",imported,8/26/1993,6882 E Amherst Ave,Fresno,CA,93727,2026-03-29T18:54:50.933464+00:00
Bernardo Canal,,bernardo_canal@yahoo.com,(559) 907-8553,New,csv_import,santa_cruz,General Membership,,Just exploring,call,Friends - DROP IN,"Address: 6022 E Hampton Way, Fresno, CA, 93727
How heard: Friends - DROP IN",imported,5/12/1997,6022 E Hampton Way,Fresno,CA,93727,2026-03-29T18:54:50.933464+00:00
Aile Banuelos,,banuelosaile@gmail.com,(559) 301-9199,New,csv_import,santa_cruz,General Membership,,Just exploring,call,website,"Address: 5800 w bedford ave, fresno, CA, 93722
How heard: website",imported,9/26/2024,5800 w bedford ave,fresno,CA,93722,2026-03-29T18:54:50.933464+00:00
Scout Jaech,,jaechflame@gmail.com,(559) 238-6716,New,csv_import,santa_cruz,General Membership,,Just exploring,call,Maps,"Address: 2542 W Ellery, Fresno, CA, 93711
How heard: Maps",imported,12/18/1990,2542 W Ellery,Fresno,CA,93711,2026-03-29T18:54:50.933464+00:00
Liam Harmaz,,liamharmaz@gmail.com,(559) 326-4165,New,csv_import,santa_cruz,General Membership,,Just exploring,call,google maps,"Address: 4281 N Wishon Ave, Fresno, CA, 93704
How heard: google maps",imported,4/25/2004,4281 N Wishon Ave,Fresno,CA,93704,2026-03-29T18:54:50.933464+00:00
"""ARTEAGA, ERIC""",,earteaga4796@gmail.com,(561) 601-0280,New,csv_import,santa_cruz,General Membership,,Just exploring,call,WALK,"Address: 5051 N HWY A1A, FT PIERCE, FL, 34949
How heard: WALK",imported,9/8/1994,5051 N HWY A1A,FT PIERCE,FL,34949,2026-03-29T18:54:50.933464+00:00
Nancy Jewell,,jewell.nanc@gmail.com,(714) 925-9420,New,csv_import,santa_cruz,General Membership,,Just exploring,call,,"Address: 8694 Hudson River FV, FV, CA, 92708",imported,2/20/1960,8694 Hudson River FV,FV,CA,92708,2026-03-29T18:54:50.933464+00:00
Aner Sela,,anersela@gmail.com,(650) 796-3713,New,csv_import,santa_cruz,General Membership,,Just exploring,call,Google,"Address: 405 NW 10th Ave, Gainesville, FL, 32601
How heard: Google",imported,,405 NW 10th Ave,Gainesville,FL,32601,2026-03-29T18:54:50.933464+00:00
Ori Sela,,oriosela@gmail.com,(352) 213-9079,New,csv_import,santa_cruz,General Membership,,Just exploring,call,google,"Address: 405 NE 10th Ave, Gainesville, FL, 32601
How heard: google",imported,2/25/2007,405 NE 10th Ave,Gainesville,FL,32601,2026-03-29T18:54:50.933464+00:00
Zack Patton,,zackpatton21@live.com,(678) 687-0675,New,csv_import,santa_cruz,General Membership,,Just exploring,call,Instagram,"Address: 2808 Valley Green Dr, Gainesville, GA, 30504
How heard: Instagram",imported,5/27/1998,2808 Valley Green Dr,Gainesville,GA,30504,2026-03-29T18:54:50.933464+00:00
Brian Basaldua,,,(209) 507-6402,New,csv_import,santa_cruz,General Membership,,Just exploring,call,friend,"Address: 516 S. Lincoln Way, Galt, CA, 95632
How heard: friend",imported,8/27/1998,516 S. Lincoln Way,Galt,CA,95632,2026-03-29T18:54:50.933464+00:00
Jeffrey Cheng,,jeffcheng59@gmail.com,(240) 472-7400,New,csv_import,santa_cruz,General Membership,,Just exploring,call,Online,"Address: 13009 Town Commons Dr, Germantown, MD, 20874
How heard: Online",imported,11/20/1990,13009 Town Commons Dr,Germantown,MD,20874,2026-03-29T18:54:50.933464+00:00
Rachel Steinberg,,rachel.steinberg75@gmail.com,(408) 421-6119,New,csv_import,santa_cruz,General Membership,,Just exploring,call,CSW,"Address: 151 Stucia Wy, Gilroy, CA, 95020
How heard: CSW",imported,4/16/1995,151 Stucia Wy,Gilroy,CA,95020,2026-03-29T18:54:50.933464+00:00
Marvin Allan,,marvinernest@live.com,(832) 344-7950,New,csv_import,santa_cruz,General Membership,,Just exploring,call,IG,"Address: 1250 Hernandez Way, Gilroy, CA, 95020
How heard: IG",imported,12/11/1994,1250 Hernandez Way,Gilroy,CA,95020,2026-03-29T18:54:50.933464+00:00
Tara Foley,,taraf@umich.edu,(408) 314-2977,New,csv_import,santa_cruz,General Membership,,Just exploring,call,online,"Address: 2465 Bridle Path Dr, Gilroy, CA, 95020
How heard: online",imported,1/17/1992,2465 Bridle Path Dr,Gilroy,CA,95020,2026-03-29T18:54:50.933464+00:00
Megan Leonard,,regentanzer@gmail.com,(408) 482-1539,New,csv_import,santa_cruz,General Membership,,Just exploring,call,google & friend rec.,"Address: 7906 Westwood Dr G334, Gilroy, CA, 95020
How heard: google & friend rec.",imported,7/29/1986,7906 Westwood Dr G334,Gilroy,CA,95020,2026-03-29T18:54:50.933464+00:00
Ricky Halward,,rocok@aol.com,(408) 639-8711,New,csv_import,santa_cruz,General Membership,,Just exploring,call,Marine,"Address: 385 Rack St, Gilroy, CA, 95020
How heard: Marine",imported,,385 Rack St,Gilroy,CA,95020,2026-03-29T18:54:50.933464+00:00
Sean Mikanda,,complicasen@gmail.com,(818) 288-6081,New,csv_import,santa_cruz,General Membership,,Just exploring,call,IG,"Address: 3450 Emerald Isle Dr., Glendale, CA, 91206
How heard: IG",imported,7/15/1993,3450 Emerald Isle Dr.,Glendale,CA,91206,2026-03-29T18:54:50.933464+00:00
Sean Miranda,,complicascon@gmail.com,(818) 288-6081,New,csv_import,santa_cruz,General Membership,,Just exploring,call,IG,"Address: 3450 Emerald Isle Dr., Glendale, CA, 91206
How heard: IG",imported,7/15/1993,3450 Emerald Isle Dr.,Glendale,CA,91206,2026-03-29T18:54:50.933464+00:00
Jack Gilbert,,jackgilbert20@gmail.com,(805) 728-5561,New,csv_import,santa_cruz,General Membership,,Just exploring,call,Friend (Corey Witt),"Address: 760 Embarcadero Del Mar, Goleta, CA, 93117
How heard: Friend (Corey Witt)",imported,7/12/2004,760 Embarcadero Del Mar,Goleta,CA,93117,2026-03-29T18:54:50.933464+00:00
Eric Patterson,,erup69@live.com,(623) 238-0012,New,csv_import,santa_cruz,General Membership,,Just exploring,call,Facebook,"Address: 14878 N. Windsor Ave, Goodyear, AZ, 85395
How heard: Facebook",imported,5/16/1969,14878 N. Windsor Ave,Goodyear,AZ,85395,2026-03-29T18:54:50.933464+00:00
Katy Archer,,ka923161@gmail.com,(517) 525-3972,New,csv_import,santa_cruz,General Membership,,Just exploring,call,google,"Address: 531 Lafayette Ave NE Apt 1, Grand Rapids, MI, 49503
How heard: google",imported,1/22/1997,531 Lafayette Ave NE Apt 1,Grand Rapids,MI,49503,2026-03-29T18:54:50.933464+00:00
Evan Hailey,,110ehailey@gmail.com,(916) 990-6645,New,csv_import,santa_cruz,General Membership,,Just exploring,call,Rohan,"Address: 8455 Quail Oaks Dr, Granite Bay, CA, 95746
How heard: Rohan",imported,1/10/2001,8455 Quail Oaks Dr,Granite Bay,CA,95746,2026-03-29T18:54:50.933464+00:00
Damon Franklin,,damonfranklin05@gmail.com,(831) 737-3680,New,csv_import,santa_cruz,General Membership,,Just exploring,call,friends,"Address: 1296 Spark St, Greenfield, CA, 93927
How heard: friends",imported,12/21/1995,1296 Spark St,Greenfield,CA,93927,2026-03-29T18:54:50.933464+00:00
SIMON NIELAND,,simonnielandpt@gmail.com,(336) 482-6047,New,csv_import,santa_cruz,General Membership,,Just exploring,call,GOOGLE SEARCH,"Address: 5612 ANSON RD, GREENSBORO, NC, 27407
How heard: GOOGLE SEARCH",imported,4/30/1987,5612 ANSON RD,GREENSBORO,NC,27407,2026-03-29T18:54:50.933464+00:00
Joshua Feliciano,,jehoshua@protonmail.com,(805) 345-5384,New,csv_import,santa_cruz,General Membership,,Just exploring,call,DuckDuckGo search,"Address: 1224 Messina Ct., Grover Beach, CA, 93433
How heard: DuckDuckGo search",imported,9/24/1985,1224 Messina Ct.,Grover Beach,CA,93433,2026-03-29T18:54:50.933464+00:00
Graciano Rubio,,grazrubio@gmail.com,(209) 704-2878,New,csv_import,santa_cruz,General Membership,,Just exploring,call,,"Address: 3962 S Mills Rd, Gustine, CA, 95322",imported,7/10/1991,3962 S Mills Rd,Gustine,CA,95322,2026-03-29T18:54:50.933464+00:00
Ashwin Malkani,,malkaniahwin@gmail.com,(510) 552-8098,New,csv_import,santa_cruz,General Membership,,Just exploring,call,Friend,"Address: 2775 Scadria Ln, Hayward, CA, 94545
How heard: Friend",imported,6/28/2002,2775 Scadria Ln,Hayward,CA,94545,2026-03-29T18:54:50.933464+00:00
Ashwin Malkani,,malkaniashwin@gmail.com,(510) 552-8098,New,csv_import,santa_cruz,General Membership,,Just exploring,call,Friend,"Address: 2775 Seadrift Ln, Hayward, CA, 94545
How heard: Friend",imported,6/28/2002,2775 Seadrift Ln,Hayward,CA,94545,2026-03-29T18:54:50.933464+00:00
Matthew Phoumyvong,,rossphoumyvong@gmail.com,(510) 755-4668,New,csv_import,santa_cruz,General Membership,,Just exploring,call,friend,"Address: 482 Bartlett Ave Apt 11, Hayward, CA, 94541
How heard: friend",imported,5/17/2001,482 Bartlett Ave Apt 11,Hayward,CA,94541,2026-03-29T18:54:50.933464+00:00
Andrew Lim,,aslimmax@gmail.com,(949) 330-9427,New,csv_import,santa_cruz,General Membership,,Just exploring,call,Friend,"Address: 2540 Admiral Circle, Hayward, CA, 94545
How heard: Friend",imported,11/21/2000,2540 Admiral Circle,Hayward,CA,94545,2026-03-29T18:54:50.933464+00:00
Ryan Rodriguez,,empire.ryan@gmail.com,(510) 381-0429,New,csv_import,santa_cruz,General Membership,,Just exploring,call,WEB,"Address: 22872 Oberon St, Hayward, CA, 94541
How heard: WEB",imported,6/13/1989,22872 Oberon St,Hayward,CA,94541,2026-03-29T18:54:50.933464+00:00
Samantha Rosenberg,,samantharosenberg18@yahoo.com,(760) 953-6296,New,csv_import,santa_cruz,General Membership,,Just exploring,call,friend,"Address: PO BOX 678, Helendale, CA, 92342
How heard: friend",imported,1/25/1997,PO BOX 678,Helendale,CA,92342,2026-03-29T18:54:50.933464+00:00
Lauri Hirvonen,,koulutusnetti@gmail.com,(358) 408-481780,New,csv_import,santa_cruz,General Membership,,Just exploring,call,Google,"Address: PL 20, Helsinki, 971
How heard: Google",imported,6/29/1983,PL 20,Helsinki,,971,2026-03-29T18:54:50.933464+00:00
Guadalupe Mercado,,mercadogupitaa@gmail.com,(951) 826-9375,New,csv_import,santa_cruz,General Membership,,Just exploring,call,Member of the Gym,"Address: 31730 Sage Rd, Hemet, CA, 92544
How heard: Member of the Gym",imported,8/1/2002,31730 Sage Rd,Hemet,CA,92544,2026-03-29T18:54:50.933464+00:00
Guadalupe Mercado,,mercadolupitaa@gmail.com,(951) 826-9375,New,csv_import,santa_cruz,General Membership,,Just exploring,call,Member of the gym,"Address: 31730 Sage Rd, Hemet, CA, 92544
How heard: Member of the gym",imported,8/1/2002,31730 Sage Rd,Hemet,CA,92544,2026-03-29T18:54:50.933464+00:00
Rachel Haslam,,,(852) 679-5992,New,csv_import,santa_cruz,General Membership,,Just exploring,call,,Address: Hong Kong,imported,8/2/1991,,Hong Kong,,,2026-03-29T18:54:50.933464+00:00
Julian Smith,,juliansmith@gmail.com,(514) 572-5565,New,csv_import,santa_cruz,General Membership,,Just exploring,call,Friend,"Address: 3926 FL. 6484, Houston, TX, 440163
How heard: Friend",imported,7/7/1977,3926 FL. 6484,Houston,TX,440163,2026-03-29T18:54:50.933464+00:00
Hoang Nguyen,,hnguyen1998@gmail.com,(510) 694-7209,New,csv_import,santa_cruz,General Membership,,Just exploring,call,Rohan,"Address: 16252 Birdie Ln. #D, Huntington Beach, CA, 92649
How heard: Rohan",imported,9/5/1998,16252 Birdie Ln. #D,Huntington Beach,CA,92649,2026-03-29T18:54:50.933464+00:00
Hoang Nguyen,,mnguyen1998@gmail.com,(510) 684-7209,New,csv_import,santa_cruz,General Membership,,Just exploring,call,Rohan,"Address: 16252 Birdie Ln., Huntington Beach, CA, 92649
How heard: Rohan",imported,9/5/1998,16252 Birdie Ln.,Huntington Beach,CA,92649,2026-03-29T18:54:50.933464+00:00
Brian Gump,,gump.brian@gmail.com,(714) 404-3266,New,csv_import,santa_cruz,General Membership,,Just exploring,call,,"Address: 5212 Dartmouth Ave, Huntington Beach, CA, 92647",imported,6/16/1987,5212 Dartmouth Ave,Huntington Beach,CA,92647,2026-03-29T18:54:50.933464+00:00
Emily Hein,,eehein96@gmail.com,(714) 225-3899,New,csv_import,santa_cruz,General Membership,,Just exploring,call,Morgnan,"Address: 4821 Neely Cir #3, Huntington Beach, CA, 92649
How heard: Morgnan",imported,3/31/1996,4821 Neely Cir #3,Huntington Beach,CA,92649,2026-03-29T18:54:50.933464+00:00
Cecilia Elam,,ceci-jo-elam@hotmail.com,(610) 476-4212,New,csv_import,santa_cruz,General Membership,,Just exploring,call,,"Address: 1216 Connecticut ST, IB, CA, 92932",imported,2/4/1984,1216 Connecticut ST,IB,CA,92932,2026-03-29T18:54:50.933464+00:00
Shelby Hunt,,shelbyhuntt@yahoo.com,(415) 578-8328,New,csv_import,santa_cruz,General Membership,,Just exploring,call,,"Address: 355 Drakes View Drive, Inverness, CA, 94937",imported,5/19/1999,355 Drakes View Drive,Inverness,CA,94937,2026-03-29T18:54:50.933464+00:00
Meghna Chakravarty,,meghnac5370@gmail.com,(949) 304-0881,New,csv_import,santa_cruz,General Membership,,Just exploring,call,SCS Strength Club,"Address: 152 Roosevelt, Irvine, CA, 92620
How heard: SCS Strength Club",imported,7/27/2003,152 Roosevelt,Irvine,CA,92620,2026-03-29T18:54:50.933464+00:00
Meghna Chakravarty,,mchakrav@ucsc.edu,(949) 304-0881,New,csv_import,santa_cruz,General Membership,,Just exploring,call,Strength club,"Address: 152 Roosevelt, Irvine, CA, 92620
How heard: Strength club",imported,7/27/2003,152 Roosevelt,Irvine,CA,92620,2026-03-29T18:54:50.933464+00:00
Kyle Chen,,kylechen1114@gmail.com,(949) 423-8038,New,csv_import,santa_cruz,General Membership,,Just exploring,call,Friends / google,"Address: 37 Sebastian, Irvine, CA, 92602
How heard: Friends / google",imported,11/14/2003,37 Sebastian,Irvine,CA,92602,2026-03-29T18:54:50.933464+00:00
Cole Resurreccion,,colerezi30@gmail.com,(714) 800-3696,New,csv_import,santa_cruz,General Membership,,Just exploring,call,Google Maps,"Address: 3 Upland, Irvine, CA, 92602
How heard: Google Maps",imported,3/30/2003,3 Upland,Irvine,CA,92602,2026-03-29T18:54:50.933464+00:00
Ricardo Guntur,,rng235@nyu.edu,(630) 603-1241,New,csv_import,santa_cruz,General Membership,,Just exploring,call,Google,"Address: 25 Park Ln S, Jersey City, NJ, 7310
How heard: Google",imported,12/29/1994,25 Park Ln S,Jersey City,NJ,7310,2026-03-29T18:54:50.933464+00:00
Monica Nelson,,monicanelson07@gmail.com,(206) 919-7094,New,csv_import,santa_cruz,General Membership,,Just exploring,call,,"Address: 24623 144th Ave SE, Kent, WA, 98042",imported,5/7/1993,24623 144th Ave SE,Kent,WA,98042,2026-03-29T18:54:50.933464+00:00
SHAWN MADRUGA,,smmadruga@yahoo.com,(808) 359-4589,New,csv_import,santa_cruz,General Membership,,Just exploring,call,GOOGLE SEARCH,"Address: 162 AHULULU PLACE, KULA, HI, 96790
How heard: GOOGLE SEARCH",imported,3/15/1994,162 AHULULU PLACE,KULA,HI,96790,2026-03-29T18:54:50.933464+00:00
Josephine Galdanez,,josiegaldanez10@gmail.com,(323) 336-2791,New,csv_import,santa_cruz,General Membership,,Just exploring,call,Someone goes to this gym,"Address: 1145 W 56th st, L.A., CA, 90037
How heard: Someone goes to this gym",imported,5/16/1998,1145 W 56th st,L.A.,CA,90037,2026-03-29T18:54:50.933464+00:00
Melissa Baylor,,mbaylormsot@gmail.com,(562) 505-1550,New,csv_import,santa_cruz,General Membership,,Just exploring,call,yelp?,"Address: 100 Alta Dr., La Selva Bch, CA, 95076
How heard: yelp?",imported,7/7/1981,100 Alta Dr.,La Selva Bch,CA,95076,2026-03-29T18:54:50.933464+00:00
Noah Hamdani,,nah416@gmail.com,(831) 334-8687,New,csv_import,santa_cruz,General Membership,,Just exploring,call,,"Address: 148 Zils Rd, La Selva Beach, CA, 95076",imported,,148 Zils Rd,La Selva Beach,CA,95076,2026-03-29T18:54:50.933464+00:00
Isabella Navarro,,isabellamnav@gmail.com,(925) 673-9919,New,csv_import,santa_cruz,General Membership,,Just exploring,call,friend,"Address: 3758 Millwood Drive, Lafayette, CA, 94599
How heard: friend",imported,12/6/1993,3758 Millwood Drive,Lafayette,CA,94599,2026-03-29T18:54:50.933464+00:00
Jenny Lancaster,,lancasterj@comcast.net,(925) 639-2432,New,csv_import,santa_cruz,General Membership,,Just exploring,call,Leah Lutz,"Address: 1150 Upper Happy Valley, Lafayette, CA, 94549
How heard: Leah Lutz",imported,7/30/1968,1150 Upper Happy Valley,Lafayette,CA,94549,2026-03-29T18:54:50.933464+00:00
Lauren Lee,,laurenlee323@gmail.com,(248) 346-8205,New,csv_import,santa_cruz,General Membership,,Just exploring,call,,"Address: 3858 Hi Villa Dr, Lake Orion, MI, 48360",imported,8/18/1992,3858 Hi Villa Dr,Lake Orion,MI,48360,2026-03-29T18:54:50.933464+00:00
Vance Perkins,,perkinsv.3349@yahoo.com,(713) 622-3181,New,csv_import,santa_cruz,General Membership,,Just exploring,call,ONLINE - DROP IN,"Address: 201 Telus St, Lakeway, TX, 78734
How heard: ONLINE - DROP IN",imported,5/20/1997,201 Telus St,Lakeway,TX,78734,2026-03-29T18:54:50.933464+00:00
Brian Eister,,galaxysnine052@gmail.com,(753) 397-5715,New,csv_import,santa_cruz,General Membership,,Just exploring,call,Teresa Locascio,"Address: 3411 Manzano Cir, Las Vegas, NV, 89121
How heard: Teresa Locascio",imported,8/2/1986,3411 Manzano Cir,Las Vegas,NV,89121,2026-03-29T18:54:50.933464+00:00
Brian Dirk,,brian.c.dirk@gmail.com,(702) 321-6930,New,csv_import,santa_cruz,General Membership,,Just exploring,call,Teresa,"Address: 5413 Stivlupst, Las Vegas, NV, 89119
How heard: Teresa",imported,9/10/1983,5413 Stivlupst,Las Vegas,NV,89119,2026-03-29T18:54:50.933464+00:00
Jacob Ressler,,jacobresslercraig@gmail.com,(404) 219-5732,New,csv_import,santa_cruz,General Membership,,Just exploring,call,Google,"Address: 2345 Spruce Goose St, Las Vegas, NV, 89135
How heard: Google",imported,3/12/1999,2345 Spruce Goose St,Las Vegas,NV,89135,2026-03-29T18:54:50.933464+00:00
Darrabit Marin-Back,,darrabitmarin@gmail.com,(678) 919-9550,New,csv_import,santa_cruz,General Membership,,Just exploring,call,,"Address: 1547 Sir Knights Way, Laurelville, CA, 30045",imported,9/20/1990,1547 Sir Knights Way,Laurelville,CA,30045,2026-03-29T18:54:50.933464+00:00
Saccabit Marin-Baca,,sacrobitmarin@gmail.com,(678) 913-9582,New,csv_import,santa_cruz,General Membership,,Just exploring,call,,"Address: 1542 Sir Knights Way, Lawrenceville, GA, 30045",imported,9/20/1996,1542 Sir Knights Way,Lawrenceville,GA,30045,2026-03-29T18:54:50.933464+00:00
KEVIN NIEZWANKSKI,,,(801) 910-1710,New,csv_import,santa_cruz,General Membership,,Just exploring,call,,"Address: 3353 N WADE LN, LEHI, UT, 84043",imported,,3353 N WADE LN,LEHI,UT,84043,2026-03-29T18:54:50.933464+00:00
Richard Reid,,richardjreidii@gmail.com,(239) 791-9467,New,csv_import,santa_cruz,General Membership,,Just exploring,call,"""My twin, Faith Reid""","Address: 906 Sally Ave N, Lehigh Acres, FL, 33971
How heard: ""My twin, Faith Reid""",imported,3/11/1978,906 Sally Ave N,Lehigh Acres,FL,33971,2026-03-29T18:54:50.933464+00:00
Stefan Reijer,,mosenfystest@gmail.com,+46 736369318,New,csv_import,santa_cruz,General Membership,,Just exploring,call,Internet,"Address: Lersberssvägen 5, Lidingö, 8138, Sweden
How heard: Internet",imported,7/20/1964,Lersberssvägen 5,Lidingö,8138,Sweden,2026-03-29T18:54:50.933464+00:00
Andrew Blankenship,,blankenship@yahoo.com,(209) 747-0670,New,csv_import,santa_cruz,General Membership,,Just exploring,call,,"Address: 820 Grant Ave, Lodi, CA, 95240",imported,6/21/1986,820 Grant Ave,Lodi,CA,95240,2026-03-29T18:54:50.933464+00:00
Brian Jackson,,brianrjackson1@gmail.com,(650) 269-1902,New,csv_import,santa_cruz,General Membership,,Just exploring,call,Google Maps,"Address: 262 Munch Way, Los Altos, CA, 94022
How heard: Google Maps",imported,5/31/1962,262 Munch Way,Los Altos,CA,94022,2026-03-29T18:54:50.933464+00:00
David McCullough,,davidmichael4546@gmail.com,(330) 853-9455,New,csv_import,santa_cruz,General Membership,,Just exploring,call,Google,"Address: 8820 Belford Ave, Los Angeles, CA, 90045
How heard: Google",imported,2/24/1999,8820 Belford Ave,Los Angeles,CA,90045,2026-03-29T18:54:50.933464+00:00
Elizabeth Picardi,,elizabeth.picardi@gmail.com,(845) 588-8828,New,csv_import,santa_cruz,General Membership,,Just exploring,call,Internet,"Address: 1665 Golden Gate Ave, Los Angeles, CA, 90026
How heard: Internet",imported,12/6/1990,1665 Golden Gate Ave,Los Angeles,CA,90026,2026-03-29T18:54:50.933464+00:00
Eduardo Cardenas,,eduardobounty123@gmail.com,(323) 369-3630,New,csv_import,santa_cruz,General Membership,,Just exploring,call,Friends,"Address: 3010 East 5th St, Los Angeles, CA, 90063
How heard: Friends",imported,10/29/1997,3010 East 5th St,Los Angeles,CA,90063,2026-03-29T18:54:50.933464+00:00
James Bacher,,jamesbacher@gmail.com,(626) 914-8802,New,csv_import,santa_cruz,General Membership,,Just exploring,call,,"Address: 5059 mt Royal Dr, Los Angeles, CA, 90042",imported,10/1/1982,5059 mt Royal Dr,Los Angeles,CA,90042,2026-03-29T18:54:50.933464+00:00
Adrian Flores,,adgaflor@ucsc.edu,(424) 298-7532,New,csv_import,santa_cruz,General Membership,,Just exploring,call,UCSC Strength Club,"Address: 3030 Buckingham Road, Los Angeles, CA, 90016
How heard: UCSC Strength Club",imported,12/25/2000,3030 Buckingham Road,Los Angeles,CA,90016,2026-03-29T18:54:50.933464+00:00
Kacy Hill,,kacyannehill@yahoo.com,(623) 223-0450,New,csv_import,santa_cruz,General Membership,,Just exploring,call,yelp,"Address: 2986 Waverly Dr #1, Los Angeles, CA, 90039
How heard: yelp",imported,5/1/1994,2986 Waverly Dr #1,Los Angeles,CA,90039,2026-03-29T18:54:50.933464+00:00
Dylan McKay,,dylanmckay@gmail.com,(408) 966-5204,New,csv_import,santa_cruz,General Membership,,Just exploring,call,Friend,"Address: 25375 San Stradia City, Los Gatos, CA, 95033
How heard: Friend",imported,8/29/2002,25375 San Stradia City,Los Gatos,CA,95033,2026-03-29T18:54:50.933464+00:00
Dylan Rickey,,dylanrickey@gmail.com,(408) 966-6204,New,csv_import,santa_cruz,General Membership,,Just exploring,call,Friend,"Address: 25375 Spanish Ranch Rd, Los Gatos, CA, 95033
How heard: Friend",imported,8/29/2002,25375 Spanish Ranch Rd,Los Gatos,CA,95033,2026-03-29T18:54:50.933464+00:00
Sarah Palmer,,sepalm01@yahoo.com,(408) 799-6011,New,csv_import,santa_cruz,General Membership,,Just exploring,call,I honestly can't remember,"Address: 60 Old Orchard Rd, Los Gatos, CA, 95033
How heard: I honestly can't remember",imported,11/11/1974,60 Old Orchard Rd,Los Gatos,CA,95033,2026-03-29T18:54:50.933464+00:00
DOUGLAS BRINIUS,,dbrinius@gmail.com,(408) 515-7239,New,csv_import,santa_cruz,General Membership,,Just exploring,call,Friend,"Address: 15350 STETSON RD, Los Gatos, CA, 95033
How heard: Friend",imported,2/13/1984,15350 STETSON RD,Los Gatos,CA,95033,2026-03-29T18:54:50.933464+00:00
Matthew Foster,,mfoster@bcp.org,(408) 963-8191,New,csv_import,santa_cruz,General Membership,,Just exploring,call,"""Daniel Loop, Esq.""","Address: 122 Westhill Drive, Los Gatos, CA, 95032
How heard: ""Daniel Loop, Esq.""",imported,4/10/1994,122 Westhill Drive,Los Gatos,CA,95032,2026-03-29T18:54:50.933464+00:00
Patti Foley,,pattifoley54@yahoo.com,(408) 242-7442,New,csv_import,santa_cruz,General Membership,,Just exploring,call,Tara Foley,"Address: 24021 Summit Wds Pl, Los Gatos, CA, 95033
How heard: Tara Foley",imported,3/14/1956,24021 Summit Wds Pl,Los Gatos,CA,95033,2026-03-29T18:54:50.933464+00:00
CASEY ESTORGA,,caseyestorga@gmail.com,(408) 427-2143,New,csv_import,santa_cruz,General Membership,,Just exploring,call,MORGHAN KING,"Address: 20 EAST MAIN ST. APT 64, LOS GATOS, CA, 95030
How heard: MORGHAN KING",imported,7/15/1984,20 EAST MAIN ST. APT 64,LOS GATOS,CA,95030,2026-03-29T18:54:50.933464+00:00
Anthony Leporace,,anthony.leporace@gmail.com,(408) 499-4241,New,csv_import,santa_cruz,General Membership,,Just exploring,call,friend,"Address: 22200 Summit RD, Los Gatos, CA, 95033
How heard: friend",imported,1/6/1995,22200 Summit RD,Los Gatos,CA,95033,2026-03-29T18:54:50.933464+00:00
Tessa Krikow,,tessitaflo@gmail.com,(646) 717-3222,New,csv_import,santa_cruz,General Membership,,Just exploring,call,,"Address: 237625 SOQUEL SAN JOSE, LOS GATOS, CA, 95142",imported,7/29/1985,237625 SOQUEL SAN JOSE,LOS GATOS,CA,95142,2026-03-29T18:54:50.933464+00:00
Sylvia Krick,,sgkrick101@gmail.com,(408) 666-9602,New,csv_import,santa_cruz,General Membership,,Just exploring,call,,"Address: 141 Vineyard CT, Los Gatos, CA, 95032",imported,10/22/1977,141 Vineyard CT,Los Gatos,CA,95032,2026-03-29T18:54:50.933464+00:00
Luke Hansen,,lukehansen108@yahoo.com,(408) 355-3821,New,csv_import,santa_cruz,General Membership,,Just exploring,call,Yelp,"Address: 24772 Soquel San Jose Rd, Los Gatos, CA, 95033
How heard: Yelp",imported,1/6/1995,24772 Soquel San Jose Rd,Los Gatos,CA,95033,2026-03-29T18:54:50.933464+00:00
Trevor Hanks,,trevor.hanks09@gmail.com,(408) 691-0719,New,csv_import,santa_cruz,General Membership,,Just exploring,call,On-line,"Address: 24540 Skyland Rd, Los Gatos, CA, 95033
How heard: On-line",imported,5/9/1995,24540 Skyland Rd,Los Gatos,CA,95033,2026-03-29T18:54:50.933464+00:00
Seth Good,,seth.good123@gmail.com,(501) 551-9013,New,csv_import,santa_cruz,General Membership,,Just exploring,call,google,"Address: 1505 S Louisiana, LR, AR, 72202
How heard: google",imported,4/15/1999,1505 S Louisiana,LR,AR,72202,2026-03-29T18:54:50.933464+00:00
Zach Dwyer,,zachariah.dwyer@gmail.com,(804) 937-0185,New,csv_import,santa_cruz,General Membership,,Just exploring,call,online,"Address: 3009 Shorebird place, Marina, CA, 93933
How heard: online",imported,2/27/2000,3009 Shorebird place,Marina,CA,93933,2026-03-29T18:54:50.933464+00:00
Eric Dungan,,ericdungan222@gmail.com,(530) 624-2567,New,csv_import,santa_cruz,General Membership,,Just exploring,call,online,"Address: 216 Hayes Street, Marina, CA, 93933
How heard: online",imported,2/10/1980,216 Hayes Street,Marina,CA,93933,2026-03-29T18:54:50.933464+00:00
Mason Ross,,masonross0411@gmail.com,(831) 818-4640,New,csv_import,santa_cruz,General Membership,,Just exploring,call,,"Address: 21203 ord ave, Marina, CA, 93933",imported,4/11/2006,21203 ord ave,Marina,CA,93933,2026-03-29T18:54:50.933464+00:00
Athena Suich,,sensens2ge@gmail.com,(720) 201-4439,New,csv_import,santa_cruz,General Membership,,Just exploring,call,,"Address: 927 Hobvils Ct, Marine, CA, 93133",imported,11/13/1979,927 Hobvils Ct,Marine,CA,93133,2026-03-29T18:54:50.933464+00:00
EDNA BURGOS,,ebb2384@gmail.com,(281) 814-5212,New,csv_import,santa_cruz,General Membership,,Just exploring,call,ONLINE - INSTAGRAM,"Address: 56 FOUNTAINHEAD CT, MARTINEZ, CA, 94553
How heard: ONLINE - INSTAGRAM",imported,9/23/1984,56 FOUNTAINHEAD CT,MARTINEZ,CA,94553,2026-03-29T18:54:50.933464+00:00
Mark Kolc,,markkolc@hotmail.com,(925) 899-1948,New,csv_import,santa_cruz,General Membership,,Just exploring,call,Clay Edgin,"Address: 2163 Quiet Lake Place, Martinez, CA, 94553
How heard: Clay Edgin",imported,4/9/1977,2163 Quiet Lake Place,Martinez,CA,94553,2026-03-29T18:54:50.933464+00:00
"""Suich, Athera""",,samseensage@gmail.com,(720) 201-4439,New,csv_import,santa_cruz,General Membership,,Just exploring,call,Friend,"Address: 927 Hobbits Ct, Meire, CA, 93933
How heard: Friend",imported,11/13/1979,927 Hobbits Ct,Meire,CA,93933,2026-03-29T18:54:50.933464+00:00
Corey Stoesser,,coreystoesser@gmail.com,(650) 722-7493,New,csv_import,santa_cruz,General Membership,,Just exploring,call,Online,"Address: 219 Oakhurst Pl, Menlo Park, CA, 94025
How heard: Online",imported,4/2/1997,219 Oakhurst Pl,Menlo Park,CA,94025,2026-03-29T18:54:50.933464+00:00
Miguel Guillen,,miguelg2020@gmail.com,(650) 248-0431,New,csv_import,santa_cruz,General Membership,,Just exploring,call,Power Fitness,"Address: 1148 Hollyburne Ave, Menlo Park, CA, 94025
How heard: Power Fitness",imported,8/25/2002,1148 Hollyburne Ave,Menlo Park,CA,94025,2026-03-29T18:54:50.933464+00:00
Kimberlee Hankins,,kimhankins84@yahoo.com,(407) 929-2981,New,csv_import,santa_cruz,General Membership,,Just exploring,call,,"Address: 350 Sharon Park Dr., Menlo Park, CA, 94025",imported,2/17/1984,350 Sharon Park Dr.,Menlo Park,CA,94025,2026-03-29T18:54:50.933464+00:00
Chase Pennycuff,,chasea.pennycuff@gmail.com,(209) 446-2500,New,csv_import,santa_cruz,General Membership,,Just exploring,call,,"Address: 2012 WillowBrook Dr., Merced, CA, 95348",imported,8/12/1997,2012 WillowBrook Dr.,Merced,CA,95348,2026-03-29T18:54:50.933464+00:00
Josh Juarez,,josh@olympus-athletics.com,(209) 617-7104,New,csv_import,santa_cruz,General Membership,,Just exploring,call,USPA,"Address: 1715 N St, Merced, CA, 95340
How heard: USPA",imported,6/11/1995,1715 N St,Merced,CA,95340,2026-03-29T18:54:50.933464+00:00
Vishal Lall,,v30322@gmail.com,(845) 313-9025,New,csv_import,santa_cruz,General Membership,,Just exploring,call,Google,"Address: 18 Anna Ct, Middletown, NY, 10941
How heard: Google",imported,5/20/1993,18 Anna Ct,Middletown,NY,10941,2026-03-29T18:54:50.933464+00:00
Eugene Fernandez,,e.ender@gmail.com,(201) 328-4760,New,csv_import,santa_cruz,General Membership,,Just exploring,call,,"Address: 1 UNA WAY APT 18, Mill Valley, CA, 94941",imported,12/22/1988,1 UNA WAY APT 18,Mill Valley,CA,94941,2026-03-29T18:54:50.933464+00:00
Andre Ballesteros,,andrejsb88@yahoo.com,(949) 874-7028,New,csv_import,santa_cruz,General Membership,,Just exploring,call,,"Address: 1669 lee way, Milpitas, CA, 95035",imported,12/29/1988,1669 lee way,Milpitas,CA,95035,2026-03-29T18:54:50.933464+00:00
Adrianne Lamelas,,adriannelamelas@gmail.com,(408) 582-8975,New,csv_import,santa_cruz,General Membership,,Just exploring,call,Yelp,"Address: 1565 Sonoma Dr., Milpitas, CA, 95035
How heard: Yelp",imported,9/12/1991,1565 Sonoma Dr.,Milpitas,CA,95035,2026-03-29T18:54:50.933464+00:00
NICK GAUTHIER,,gauthi33@gmail.com,(920) 831-1699,New,csv_import,santa_cruz,General Membership,,Just exploring,call,CATALYST BOND - DROP IN,"Address: 2915 N HUBBARD ST, MILWAUKEE, WI, 53212
How heard: CATALYST BOND - DROP IN",imported,8/7/1989,2915 N HUBBARD ST,MILWAUKEE,WI,53212,2026-03-29T18:54:50.933464+00:00
Cherokee Sonevisai,,cherokeesonevisai@rocketmail.com,(612) 245-5981,New,csv_import,santa_cruz,General Membership,,Just exploring,call,Lucas foster,"Address: 730 NE Stinson Blvd, Minneapolis, MN, 55413
How heard: Lucas foster",imported,10/4/2005,730 NE Stinson Blvd,Minneapolis,MN,55413,2026-03-29T18:54:50.933464+00:00
Katherine Osteen,,katherineosteen@yahoo.com,(832) 526-7653,New,csv_import,santa_cruz,General Membership,,Just exploring,call,,"Address: 4000 mullen rd., Missoula, MT, 59808",imported,3/22/1990,4000 mullen rd.,Missoula,MT,59808,2026-03-29T18:54:50.933464+00:00
Kyle Bakken,,kyky25.kb@gmail.com,(408) 497-4253,New,csv_import,santa_cruz,General Membership,,Just exploring,call,,"Address: 4000 mullen Road Apt. K262, Missoula, MT, 59808",imported,11/20/1986,4000 mullen Road Apt. K262,Missoula,MT,59808,2026-03-29T18:54:50.933464+00:00
Karla Ortega,,thennner1ner@gmail.com,(209) 471-4168,New,csv_import,santa_cruz,General Membership,,Just exploring,call,,"Address: 4032 Lamarck Ave, Modesto, CA, 95356",imported,8/17/1995,4032 Lamarck Ave,Modesto,CA,95356,2026-03-29T18:54:50.933464+00:00
Akash Ramrakhyani,,aramrakh@ucsc.edu,(813) 484-9501,New,csv_import,santa_cruz,General Membership,,Just exploring,call,google,"Address: 3925 Scenic Dr., Modesto, CA, 95355
How heard: google",imported,7/30/2000,3925 Scenic Dr.,Modesto,CA,95355,2026-03-29T18:54:50.933464+00:00
Cody Smith,,smithcodydena@gmail.com,(323) 896-0886,New,csv_import,santa_cruz,General Membership,,Just exploring,call,Mateo way,"Address: 1000 Torino, Montebello, CA, 90640
How heard: Mateo way",imported,6/9/1995,1000 Torino,Montebello,CA,90640,2026-03-29T18:54:50.933464+00:00
Tamara Cordero,,tamara.cordero@gmail.com,(386) 295-4185,New,csv_import,santa_cruz,General Membership,,Just exploring,call,Friends,"Address: 1241 Irving, Monterey, CA, 93940
How heard: Friends",imported,1/7/1986,1241 Irving,Monterey,CA,93940,2026-03-29T18:54:50.933464+00:00
"""Chung, Jason""",,ja_chungj741@gmail.com,(267) 961-0152,New,csv_import,santa_cruz,General Membership,,Just exploring,call,Google,"Address: 3101 Jent 434 Rifle Range Rd, Monterey, CA, 93944
How heard: Google",imported,2/14/2001,3101 Jent 434 Rifle Range Rd,Monterey,CA,93944,2026-03-29T18:54:50.933464+00:00
Riley Balli,,rileyballi3000@gmail.com,(713) 859-9458,New,csv_import,santa_cruz,General Membership,,Just exploring,call,GOOGLE,"Address: 485 CAFFREY CT., MONTEREY, CA, 93941
How heard: GOOGLE",imported,6/10/2004,485 CAFFREY CT.,MONTEREY,CA,93941,2026-03-29T18:54:50.933464+00:00
Rosie Leek,,rosieeeleek@gmail.com,(831) 402-3351,New,csv_import,santa_cruz,General Membership,,Just exploring,call,Friends! - open house,"Address: 226 Lerwick Dr, Monterey, CA, 93940
How heard: Friends! - open house",imported,3/19/1996,226 Lerwick Dr,Monterey,CA,93940,2026-03-29T18:54:50.933464+00:00
Meghan Lake,,meghan.e.lake@gmail.com,(781) 799-1104,New,csv_import,santa_cruz,General Membership,,Just exploring,call,gym partner in Monterey,"Address: 191 Lighthouse Ave Apt. 1, Monterey, CA, 93940
How heard: gym partner in Monterey",imported,5/2/1992,191 Lighthouse Ave Apt. 1,Monterey,CA,93940,2026-03-29T18:54:50.933464+00:00
Helen Arceyut-Frixione,,h.arceyutfrixione@gmail.com,(514) 224-0034,New,csv_import,santa_cruz,General Membership,,Just exploring,call,Internet,"Address: 3936 Place Guay, Montreal, CANADA, H4L 1B3
How heard: Internet",imported,6/8/1983,3936 Place Guay,Montreal,CANADA,H4L 1B3,2026-03-29T18:54:50.933464+00:00
Bill Crawford,,snappafamily@comcast.net,(603) 568-5859,New,csv_import,santa_cruz,General Membership,,Just exploring,call,internet,"Address: 1703 Clubhouse Dr., Morehead City, NC, 28557
How heard: internet",imported,7/20/1962,1703 Clubhouse Dr.,Morehead City,NC,28557,2026-03-29T18:54:50.933464+00:00
Karl Baumbecker,,kbaum286@gmail.com,(408) 600-5249,New,csv_import,santa_cruz,General Membership,,Just exploring,call,SY'S CLIENT,"Address: 16420 San Ramon Dr, Morgan Hill, CA, 95037
How heard: SY'S CLIENT",imported,,16420 San Ramon Dr,Morgan Hill,CA,95037,2026-03-29T18:54:50.933464+00:00
PEDRO GARCIA,,pedgarcia@ucdavis.edu,(831) 840-9662,New,csv_import,santa_cruz,General Membership,,Just exploring,call,PETER BARBOT,"Address: 350 JENSEN RD, MOSS LANDING, CA, 95039
How heard: PETER BARBOT",imported,11/30/1995,350 JENSEN RD,MOSS LANDING,CA,95039,2026-03-29T18:54:50.933464+00:00
Kristine Beck,,kristine@beckling.com,(831) 234-3485,New,csv_import,santa_cruz,General Membership,,Just exploring,call,Michelle,"Address: PO Box 91, Mount Hermon, CA, 95041
How heard: Michelle",imported,5/15/1991,PO Box 91,Mount Hermon,CA,95041,2026-03-29T18:54:50.933464+00:00
Mike M. Krow,,mike.m.krow@gmail.com,(831) 345-3673,New,csv_import,santa_cruz,General Membership,,Just exploring,call,,"Address: 5 Summit Ave, Mt Hermon, CA, 95041",imported,12/2/2023,5 Summit Ave,Mt Hermon,CA,95041,2026-03-29T18:54:50.933464+00:00
Mike Murrow,,mikemurrow@gmail.com,(831) 345-3673,New,csv_import,santa_cruz,General Membership,,Just exploring,call,,"Address: 5 Summit Ave, Mt Hermon, CA, 95041",imported,12/2/1973,5 Summit Ave,Mt Hermon,CA,95041,2026-03-29T18:54:50.933464+00:00
James Jenkins,,jenkins8839@gmail.com,(415) 786-0474,New,csv_import,santa_cruz,General Membership,,Just exploring,call,,"Address: 6 pine lane, Mt Hermon, CA, 95042",imported,9/10/1982,6 pine lane,Mt Hermon,CA,95042,2026-03-29T18:54:50.933464+00:00
Tonya Scheftner,,tonya.scheftner@gmail.com,(209) 770-0731,New,csv_import,santa_cruz,General Membership,,Just exploring,call,Syton!,"Address: PO Box 77, Mt. Hermon, CA, 95041
How heard: Syton!",imported,5/25/1978,PO Box 77,Mt. Hermon,CA,95041,2026-03-29T18:54:50.933464+00:00
Ronald Fong,,rxfong@gmail.com,(818) 657-9642,New,csv_import,santa_cruz,General Membership,,Just exploring,call,online,"Address: 1515 Via Vista, N. para, CA, 93444
How heard: online",imported,6/8/1987,1515 Via Vista,N. para,CA,93444,2026-03-29T18:54:50.933464+00:00
Eric Robinson,,ecr_44@yahoo.com,(208) 959-0727,New,csv_import,santa_cruz,General Membership,,Just exploring,call,From a Friend,"Address: 1522 W. CACTUS ST, NAMPA, ID, 83687
How heard: From a Friend",imported,4/15/1974,1522 W. CACTUS ST,NAMPA,ID,83687,2026-03-29T18:54:50.933464+00:00
James Pligge,,xstepupx@yahoo.com,(630) 527-8268,New,csv_import,santa_cruz,General Membership,,Just exploring,call,Online DROP IN,"Address: 2455 Kingsley Dr., Naperville, IL, 60565
How heard: Online DROP IN",imported,1/2/1986,2455 Kingsley Dr.,Naperville,IL,60565,2026-03-29T18:54:50.933464+00:00
Sharon Conour,,sconour@gmail.com,(650) 823-2100,New,csv_import,santa_cruz,General Membership,,Just exploring,call,CAM!,"Address: 1915 Ashwood Ave, Nashville, TN, 37212
How heard: CAM!",imported,10/7/1970,1915 Ashwood Ave,Nashville,TN,37212,2026-03-29T18:54:50.933464+00:00
Ken Conour,,kconour@gmail.com,(610) 915-1223,New,csv_import,santa_cruz,General Membership,,Just exploring,call,CAM!,"Address: 1915 Ashwood Ave, Nashville, TN, 37212
How heard: CAM!",imported,9/24/1963,1915 Ashwood Ave,Nashville,TN,37212,2026-03-29T18:54:50.933464+00:00
Casey Heitzke,,caseyheitzke@gmail.com,(615) 419-9888,New,csv_import,santa_cruz,General Membership,,Just exploring,call,Yelp!,"Address: 229 Capitol View Ave, Nashville, TN, 37207
How heard: Yelp!",imported,4/28/1985,229 Capitol View Ave,Nashville,TN,37207,2026-03-29T18:54:50.933464+00:00
Michael Heitzke,,,(830) 377-2589,New,csv_import,santa_cruz,General Membership,,Just exploring,call,Yelp,"Address: 229 Capitol View Ave, Nashville, TN, 37207
How heard: Yelp",imported,10/2/1985,229 Capitol View Ave,Nashville,TN,37207,2026-03-29T18:54:50.933464+00:00
CODY HOFFMAN,,tutine11@msn.com,(805) 490-7076,New,csv_import,santa_cruz,General Membership,,Just exploring,call,STRONGMAN COMMUNITY (TRAINING HALL),"Address: 620 BARRINGTON, NEWBURY PARK, CA, 91320
How heard: STRONGMAN COMMUNITY (TRAINING HALL)",imported,7/13/1992,620 BARRINGTON,NEWBURY PARK,CA,91320,2026-03-29T18:54:50.933464+00:00
Christopher Sullivan,,musicalcordist@gmail.com,(805) 440-2273,New,csv_import,santa_cruz,General Membership,,Just exploring,call,Jessica Yan,"Address: 909 Camino Caballo, Nipomo, CA, 93444
How heard: Jessica Yan",imported,11/8/2001,909 Camino Caballo,Nipomo,CA,93444,2026-03-29T18:54:50.933464+00:00
Christopher Sullivan,,musicalaudist@gmail.com,(805) 440-2173,New,csv_import,santa_cruz,General Membership,,Just exploring,call,Jessica Youn,"Address: 907 Camino Caballo, Nipomo, CA, 93444
How heard: Jessica Youn",imported,11/8/2001,907 Camino Caballo,Nipomo,CA,93444,2026-03-29T18:54:50.933464+00:00
Nick Sisson,,nbs3451@gmail.com,(617) 827-6267,New,csv_import,santa_cruz,General Membership,,Just exploring,call,,"Address: 639 New York Ave, Norfolk, VA, 23508",imported,3/22/1990,639 New York Ave,Norfolk,VA,23508,2026-03-29T18:54:50.933464+00:00
Lynette Ritchie,,lritchie1124@gmail.com,(970) 302-5438,New,csv_import,santa_cruz,General Membership,,Just exploring,call,Online + USPA,"Address: 1007 Ironwood Dr., Normal, IL, 61761
How heard: Online + USPA",imported,11/24/1964,1007 Ironwood Dr.,Normal,IL,61761,2026-03-29T18:54:50.933464+00:00
Lily Brine,,lilybrine@aol.com,(631) 327-2952,New,csv_import,santa_cruz,General Membership,,Just exploring,call,instagram,"Address: 9 Abbington Pl, Northport, NY, 11768
How heard: instagram",imported,10/19/1995,9 Abbington Pl,Northport,NY,11768,2026-03-29T18:54:50.933464+00:00
Angel Montezque,,angelmontezque287@gmail.com,(818) 430-8497,New,csv_import,santa_cruz,General Membership,,Just exploring,call,Friend,"Address: 8601 Ballon Blvd, Northridge, CA, 91325
How heard: Friend",imported,4/20/2005,8601 Ballon Blvd,Northridge,CA,91325,2026-03-29T18:54:50.933464+00:00
Angel Montepeque,,angelmontepeque287@gmail.com,(818) 430-8417,New,csv_import,santa_cruz,General Membership,,Just exploring,call,Friend,"Address: 8601 balloon blvd, Northridge, CA, 91325
How heard: Friend",imported,4/20/2005,8601 balloon blvd,Northridge,CA,91325,2026-03-29T18:54:50.933464+00:00
Lucas Foster,,lucasfoster1399@gmail.com,(970) 519-1519,New,csv_import,santa_cruz,General Membership,,Just exploring,call,Online,"Address: 1615 S Pine St, Norwood, CO, 81423
How heard: Online",imported,9/17/1999,1615 S Pine St,Norwood,CO,81423,2026-03-29T18:54:50.933464+00:00
John Davis,,johnadavis19@gmail.com,(560) 900-8721,New,csv_import,santa_cruz,General Membership,,Just exploring,call,Clay DROP IN,"Address: 20 Marblehead Lane, Novato, CA, 94949
How heard: Clay DROP IN",imported,2/19/1977,20 Marblehead Lane,Novato,CA,94949,2026-03-29T18:54:50.933464+00:00
Martin Klug-Noble,,martinkn13@gmail.com,(415) 812-2529,New,csv_import,santa_cruz,General Membership,,Just exploring,call,Rohan,"Address: 33 March Field Ct, Novato, Ca, 94949
How heard: Rohan",imported,3/13/1998,33 March Field Ct,Novato,Ca,94949,2026-03-29T18:54:50.933464+00:00
Martin Klug-Noble,,marchkn13@gmail.com,(415) 812-2829,New,csv_import,santa_cruz,General Membership,,Just exploring,call,Idk like billboard I think,"Address: 33 March Field, Novato, CA, 94949
How heard: Idk like billboard I think",imported,3/13/1998,33 March Field,Novato,CA,94949,2026-03-29T18:54:50.933464+00:00
Jaclyn Simmons,,j.saikove@santacruzbythegirls,(906) 763-8925,New,csv_import,santa_cruz,General Membership,,Just exploring,call,,"Address: 600 Williams St, Oakland, CA, 94126",imported,8/16/1989,600 Williams St,Oakland,CA,94126,2026-03-29T18:54:50.933464+00:00
Meghan Schuttler,,meghanschuttler@gmail.com,(707) 484-9110,New,csv_import,santa_cruz,General Membership,,Just exploring,call,,"Address: 2161 40th Ave, Oakland, CA, 94609",imported,2/14/1990,2161 40th Ave,Oakland,CA,94609,2026-03-29T18:54:50.933464+00:00
Adam Stackhouse,,thirtycentury.man@hotmail.com,(310) 623-2084,New,csv_import,santa_cruz,General Membership,,Just exploring,call,Friend,"Address: 720 Canyon Oaks Dr. Unit J, Oakland, CA, 94605
How heard: Friend",imported,7/9/1972,720 Canyon Oaks Dr. Unit J,Oakland,CA,94605,2026-03-29T18:54:50.933464+00:00
MARINA MILLER,,marina industrial@gmail.com,(510) 562-2870,New,csv_import,santa_cruz,General Membership,,Just exploring,call,FRIEND,"Address: 985 57th Str, OAKLAND, CA, 94608
How heard: FRIEND",imported,3/17/1983,985 57th Str,OAKLAND,CA,94608,2026-03-29T18:54:50.933464+00:00
MARINA MULLER,,marinaindustrial@gmail.com,(510) 566-2870,New,csv_import,santa_cruz,General Membership,,Just exploring,call,FRIEND,"Address: 945 57th Str., OAKLAND, CA, 94608
How heard: FRIEND",imported,8/17/1983,945 57th Str.,OAKLAND,CA,94608,2026-03-29T18:54:50.933464+00:00
Chinongwa Chasakara,,ctchasakara@gmail,(805) 558-5464,New,csv_import,santa_cruz,General Membership,,Just exploring,call,Danny! Danny! Danny!,"Address: 1930 12th Ave Apt 207, Oakland, CA, 94606
How heard: Danny! Danny! Danny!",imported,11/12/1988,1930 12th Ave Apt 207,Oakland,CA,94606,2026-03-29T18:54:50.933464+00:00
Kathryn Chasakara,,kathrynmarie94@berkeley.edu,(530) 574-3002,New,csv_import,santa_cruz,General Membership,,Just exploring,call,Danny,"Address: 1930 12th Avenue #207, Oakland, CA, 94606
How heard: Danny",imported,3/25/1994,1930 12th Avenue #207,Oakland,CA,94606,2026-03-29T18:54:50.933464+00:00
Cole Anderson,,cole@cairene.net,(510) 314-3015,New,csv_import,santa_cruz,General Membership,,Just exploring,call,don't remember,"Address: 6425 Melville Dr, Oakland, CA, 94611
How heard: don't remember",imported,6/5/2000,6425 Melville Dr,Oakland,CA,94611,2026-03-29T18:54:50.933464+00:00
VERONICA LA ROSA,,vlarosa@gmail.com,(415) 328-4906,New,csv_import,santa_cruz,General Membership,,Just exploring,call,SCDG - bombshells,"Address: 3342 magnolia, OAKLAND, CA, 94608
How heard: SCDG - bombshells",imported,3/2/1983,3342 magnolia,OAKLAND,CA,94608,2026-03-29T18:54:50.933464+00:00
Joshua Reiten,,joshuareiten@outlook.com,(510) 325-2912,New,csv_import,santa_cruz,General Membership,,Just exploring,call,IG,"Address: 1224 Holman Rd, Oakland, CA, 94610
How heard: IG",imported,3/22/1978,1224 Holman Rd,Oakland,CA,94610,2026-03-29T18:54:50.933464+00:00
Joshua Reiten,,joshuareiten@yahoo.com,(510) 325-2912,New,csv_import,santa_cruz,General Membership,,Just exploring,call,Online,"Address: 1224 Holman, Oakland, CA, 94610
How heard: Online",imported,3/22/1976,1224 Holman,Oakland,CA,94610,2026-03-29T18:54:50.933464+00:00
Jacob Main,,mainjay@gmail.com,(540) 476-2749,New,csv_import,santa_cruz,General Membership,,Just exploring,call,Google,"Address: 730 Glebe Road, Oakville, VA, 24083
How heard: Google",imported,4/17/1989,730 Glebe Road,Oakville,VA,24083,2026-03-29T18:54:50.933464+00:00
Chris Collins,,chris.collins0321@gmail.com,(417) 669-3441,New,csv_import,santa_cruz,General Membership,,Just exploring,call,Bradley,"Address: 2929 five mountain DR, Oceanside, CA, 92054
How heard: Bradley",imported,11/22/1989,2929 five mountain DR,Oceanside,CA,92054,2026-03-29T18:54:50.933464+00:00
Nathaniel Colliggy,,,(512) 791-2436,New,csv_import,santa_cruz,General Membership,,Just exploring,call,WEB - DOOR SP (PR),"Address: 7701 E HWY 191, ODESSA, TX, 79762
How heard: WEB - DOOR SP (PR)",imported,9/2/1995,7701 E HWY 191,ODESSA,TX,79762,2026-03-29T18:54:50.933464+00:00
Morgan Evans,,m.ridley.evans@gmail.com,(434) 242-6160,New,csv_import,santa_cruz,General Membership,,Just exploring,call,GOOGLE,"Address: 143 Shore Rd, Old Greenwich, CT, 6870
How heard: GOOGLE",imported,9/3/1976,143 Shore Rd,Old Greenwich,CT,6870,2026-03-29T18:54:50.933464+00:00
Nicole Mccabe,,mccaben1990@gmail.com,(951) 491-1995,New,csv_import,santa_cruz,General Membership,,Just exploring,call,Morgan Coaches my friend,"Address: 1260 Los Nombres, Orange, CA, 92869
How heard: Morgan Coaches my friend",imported,4/20/1990,1260 Los Nombres,Orange,CA,92869,2026-03-29T18:54:50.933464+00:00
JAKE KIM,,jkkim240@gmail.com,(714) 932-3999,New,csv_import,santa_cruz,General Membership,,Just exploring,call,FRIEND,"Address: 240 E LOCUST AVE, ORANGE, CA, 92867
How heard: FRIEND",imported,9/21/1994,240 E LOCUST AVE,ORANGE,CA,92867,2026-03-29T18:54:50.933464+00:00
Faith Richter,,,(805) 566-2451,New,csv_import,santa_cruz,General Membership,,Just exploring,call,,"Address: 4664 Glines Ave., Orcutt, CA, 93455",imported,10/30/2016,4664 Glines Ave.,Orcutt,CA,93455,2026-03-29T18:54:50.933464+00:00
Mary Gross,,progressmcc@gmail.com,(760) 630-1317,New,csv_import,santa_cruz,General Membership,,Just exploring,call,Online search,"Address: 4849 Glenhollow, Oside, CA, 92057
How heard: Online search",imported,8/14/1964,4849 Glenhollow,Oside,CA,92057,2026-03-29T18:54:50.933464+00:00
Steve Smalley,,.,(405) 795-7741,New,csv_import,santa_cruz,General Membership,,Just exploring,call,Friend,"Address: 2256 AZ 260, Overgaard, AZ, 85933
How heard: Friend",imported,.,2256 AZ 260,Overgaard,AZ,85933,2026-03-29T18:54:50.933464+00:00
JOSUE CANO,,captainjosue@gmail,(805) 402-1335,New,csv_import,santa_cruz,General Membership,,Just exploring,call,,"Address: 600 ERICA PL, OXNARD, CA, 93036",imported,1/5/1977,600 ERICA PL,OXNARD,CA,93036,2026-03-29T18:54:50.933464+00:00
Spencer Butterfield,,scbutter@ucsc.edu,(510) 919-0929,New,csv_import,santa_cruz,General Membership,,Just exploring,call,,"Address: 1164 Temple Dr, pacheco, CA, 94553",imported,4/10/1995,1164 Temple Dr,pacheco,CA,94553,2026-03-29T18:54:50.933464+00:00
Ben Olsen,,benjolsen13@gmail.com,(831) 917-1353,New,csv_import,santa_cruz,General Membership,,Just exploring,call,Internet,"Address: ""680 Lighthouse Avenue, unit 202"", Pacific Grove, CA, 93950
How heard: Internet",imported,2/13/2000,"""680 Lighthouse Avenue, unit 202""",Pacific Grove,CA,93950,2026-03-29T18:54:50.933464+00:00
Stephanie Downing,,steph97downing@gmail.com,(443) 631-6162,New,csv_import,santa_cruz,General Membership,,Just exploring,call,google search,"Address: 313 11th St, Pacific Grove, CA, 93950
How heard: google search",imported,6/16/1997,313 11th St,Pacific Grove,CA,93950,2026-03-29T18:54:50.933464+00:00
ARIEL JOHNSON,,ariellorrainejohnson@gmail.com,(831) 917-7430,New,csv_import,santa_cruz,General Membership,,Just exploring,call,Jenn Pilotti,"Address: 1106 MELTON PL, Pacific Grove, CA, 93950
How heard: Jenn Pilotti",imported,7/22/1984,1106 MELTON PL,Pacific Grove,CA,93950,2026-03-29T18:54:50.933464+00:00
Esteban Lagos,,estebanlagos2002@icloud.com,(760) 895-9178,New,csv_import,santa_cruz,General Membership,,Just exploring,call,Jake and Cameron,"Address: 103 Bel Canto Ct, Palm Desert, CA, 92211
How heard: Jake and Cameron",imported,4/9/2002,103 Bel Canto Ct,Palm Desert,CA,92211,2026-03-29T18:54:50.933464+00:00
Josh Hedgecock,,bigbuddhabarbell@icloud.com,(760) 413-2955,New,csv_import,santa_cruz,General Membership,,Just exploring,call,Internet USPA,"Address: 74181 Fairway, Palm Desert, CA, 92260
How heard: Internet USPA",imported,12/3/1969,74181 Fairway,Palm Desert,CA,92260,2026-03-29T18:54:50.933464+00:00
Jonathan Moran,,jmoranthan750@gmail.com,(650) 690-1406,New,csv_import,santa_cruz,General Membership,,Just exploring,call,Jake,"Address: 4309 Miranda Ave, Palo Alto, CA, 94306
How heard: Jake",imported,10/22/2002,4309 Miranda Ave,Palo Alto,CA,94306,2026-03-29T18:54:50.933464+00:00
Jonathan Moran,,mjonathan750@gmail.com,(650) 690-1405,New,csv_import,santa_cruz,General Membership,,Just exploring,call,Jake,"Address: 4309 Miranda Ave, Palo Alto, CA, 94306
How heard: Jake",imported,10/22/2002,4309 Miranda Ave,Palo Alto,CA,94306,2026-03-29T18:54:50.933464+00:00
EVAN ALBRIGHT,,ichbinevan@gmail.com,(650) 380-3798,New,csv_import,santa_cruz,General Membership,,Just exploring,call,Searched SC gyms,"Address: 1398 Dana Ave, Palo Alto, CA, 94301
How heard: Searched SC gyms",imported,12/31/1991,1398 Dana Ave,Palo Alto,CA,94301,2026-03-29T18:54:50.933464+00:00
Jacki Engel,,peacelovebutter@gmail.com,(415) 994-9140,New,csv_import,santa_cruz,General Membership,,Just exploring,call,online,"Address: 855 El Camino Real, Palo Alto, CA, 94301
How heard: online",imported,11/25/1974,855 El Camino Real,Palo Alto,CA,94301,2026-03-29T18:54:50.933464+00:00
Olivia Giaccio,,og@oliviagiaccio.com,(914) 482-8300,New,csv_import,santa_cruz,General Membership,,Just exploring,call,Online search,"Address: 5486 Cross Country Way, Park City, UT, 84098
How heard: Online search",imported,8/15/2000,5486 Cross Country Way,Park City,UT,84098,2026-03-29T18:54:50.933464+00:00
Julia Martin,,julia55game@hotmail.com,(805) 835-8634,New,csv_import,santa_cruz,General Membership,,Just exploring,call,Google,"Address: 4579 Ibis Ln, Paso Robles, CA, 93446
How heard: Google",imported,7/20/1994,4579 Ibis Ln,Paso Robles,CA,93446,2026-03-29T18:54:50.933464+00:00
Cotter Martin,,cottermartin@gmail.com,(805) 391-4592,New,csv_import,santa_cruz,General Membership,,Just exploring,call,Referring,"Address: 4579 Ibis Ln, Paso Robles, CA, 93446
How heard: Referring",imported,1/2/1987,4579 Ibis Ln,Paso Robles,CA,93446,2026-03-29T18:54:50.933464+00:00
Colter Martin,,coltermartin@gmail.com,(805) 391-4599,New,csv_import,santa_cruz,General Membership,,Just exploring,call,Returning,"Address: 4579 Ibis Ln, Paso Robles, CA, 93446
How heard: Returning",imported,1/2/1989,4579 Ibis Ln,Paso Robles,CA,93446,2026-03-29T18:54:50.933464+00:00
Erin Lopez,,erinvinnieswife@gmail.com,(925) 989-6042,New,csv_import,santa_cruz,General Membership,,Just exploring,call,online,"Address: 1405 Shearwater Dr, Patterson, CA, 95363
How heard: online",imported,2/11/1975,1405 Shearwater Dr,Patterson,CA,95363,2026-03-29T18:54:50.933464+00:00
Sam & Anna Cila,,annacila@gmail.com,(631) 704-6999,New,csv_import,santa_cruz,General Membership,,Just exploring,call,online,"Address: 1202 Ligurian Rd, PBG, FL, 33410
How heard: online",imported,6/9/1973,1202 Ligurian Rd,PBG,FL,33410,2026-03-29T18:54:50.933464+00:00
Timothy Choi,,timmayyyye@gmail.com,(808) 741-7075,New,csv_import,santa_cruz,General Membership,,Just exploring,call,google,"Address: 98-1330 Hochiki St, Pearl City, HI, 96782
How heard: google",imported,4/21/1998,98-1330 Hochiki St,Pearl City,HI,96782,2026-03-29T18:54:50.933464+00:00
Norland Llompart,,,(786) 210-8479,New,csv_import,santa_cruz,General Membership,,Just exploring,call,,"Address: 2026 NW 182nd Ave, Pembroke Pines, FL, 33029",imported,5/6/1987,2026 NW 182nd Ave,Pembroke Pines,FL,33029,2026-03-29T18:54:50.933464+00:00
Alyssa Dennis,,alyssa.a.dennis@gmail.com,(951) 956-4679,New,csv_import,santa_cruz,General Membership,,Just exploring,call,Teresa Locascio,"Address: 2043 Tierra Rd., Perris, CA, 92570
How heard: Teresa Locascio",imported,7/15/1985,2043 Tierra Rd.,Perris,CA,92570,2026-03-29T18:54:50.933464+00:00
Laurel Stricklin,,la.stricklin@gmail.com,(714) 904-6410,New,csv_import,santa_cruz,General Membership,,Just exploring,call,,"Address: 230 Wilson St., Petaluma, CA, 94952",imported,3/30/1988,230 Wilson St.,Petaluma,CA,94952,2026-03-29T18:54:50.933464+00:00
Bryan Mucks,,bryan.g.mucks@gmail.com,(707) 548-0780,New,csv_import,santa_cruz,General Membership,,Just exploring,call,Attended a competition. Meet here.,"Address: 228 Park Place Dr, Petaluma, CA, 94954
How heard: Attended a competition. Meet here.",imported,5/10/1987,228 Park Place Dr,Petaluma,CA,94954,2026-03-29T18:54:50.933464+00:00
Bryan Mucks,,bryan.v.mucks@gmail.com,(707) 548-0780,New,csv_import,santa_cruz,General Membership,,Just exploring,call,Attended a Powerlifting Meet here.,"Address: 228 Park Place Dr., Petaluma, CA, 94954
How heard: Attended a Powerlifting Meet here.",imported,5/10/1992,228 Park Place Dr.,Petaluma,CA,94954,2026-03-29T18:54:50.933464+00:00
Alicia Giovanatto,,aliciagiovanatto91@outlook.com,(707) 206-1014,New,csv_import,santa_cruz,General Membership,,Just exploring,call,Strongman/Powerlifting meet,"Address: 228 Park Street Drive, Petaluma, CA, 94954
How heard: Strongman/Powerlifting meet",imported,5/9/1991,228 Park Street Drive,Petaluma,CA,94954,2026-03-29T18:54:50.933464+00:00
Alex Gardner,,amgard26@yahoo.com,(707) 480-9647,New,csv_import,santa_cruz,General Membership,,Just exploring,call,ATTENDED A MEET HERE,"Address: 228 PARK PLACE DR, Petaluma, CA, 94952
How heard: ATTENDED A MEET HERE",imported,6/19/1991,228 PARK PLACE DR,Petaluma,CA,94952,2026-03-29T18:54:50.933464+00:00
Alexandra Deetken,,ldeetken@comcast.net,(415) 261-0453,New,csv_import,santa_cruz,General Membership,,Just exploring,call,Power lifting meet,"Address: 228 Park Place Drive, Petaluma, CA, 94954
How heard: Power lifting meet",imported,3/30/1993,228 Park Place Drive,Petaluma,CA,94954,2026-03-29T18:54:50.933464+00:00
MIKAYLA KAAKE,,mkaake52@gmail.com,(972) 839-9775,New,csv_import,santa_cruz,General Membership,,Just exploring,call,google,"Address: 296 Thompson Ln, Petaluma, CA, 95976
How heard: google",imported,,296 Thompson Ln,Petaluma,CA,95976,2026-03-29T18:54:50.933464+00:00
Brandon McDaniel,,widespreadhokie@gmail.com,(502) 276-5521,New,csv_import,santa_cruz,General Membership,,Just exploring,call,Google,"Address: 6515 Ashbrooke Dr, Pewee Valley, KY, 40056
How heard: Google",imported,3/25/1975,6515 Ashbrooke Dr,Pewee Valley,KY,40056,2026-03-29T18:54:50.933464+00:00
Tanisha Bowman,,reelirishdance@gmail.com,(509) 475-0436,New,csv_import,santa_cruz,General Membership,,Just exploring,call,Teresa,"Address: 2125 Rockledge St, Pgh, PA, 15212
How heard: Teresa",imported,12/15/1982,2125 Rockledge St,Pgh,PA,15212,2026-03-29T18:54:50.933464+00:00
Charles Neumeyer,,cneume20@gmail.com,(609) 213-1505,New,csv_import,santa_cruz,General Membership,,Just exploring,call,google search,"Address: 800 Kraus Ave Apt 1-1, Philadelphia, PA, 19127
How heard: google search",imported,3/20/1990,800 Kraus Ave Apt 1-1,Philadelphia,PA,19127,2026-03-29T18:54:50.933464+00:00
Morghan King,,kingmorghan@gmail.com,(206) 963-7990,New,csv_import,santa_cruz,General Membership,,Just exploring,call,Jasha Faye,"Address: 4342 E Rockyslope Dr, Phoenix, AZ, 85044
How heard: Jasha Faye",imported,10/8/1985,4342 E Rockyslope Dr,Phoenix,AZ,85044,2026-03-29T18:54:50.933464+00:00
Jamie Furman,,jamie.w.furman@gmail.com,(815) 739-1365,New,csv_import,santa_cruz,General Membership,,Just exploring,call,Online,"Address: 4510 N. 10th St, Phx, AZ, 85014
How heard: Online",imported,11/22/1985,4510 N. 10th St,Phx,AZ,85014,2026-03-29T18:54:50.933464+00:00
DORIS LLOMPART,,doris.arteaga@gmail.com,(808) 778-1710,New,csv_import,santa_cruz,General Membership,,Just exploring,call,,"Address: 2026 NW 182 AVE, PINES, FL, 33029",imported,11/26/1983,2026 NW 182 AVE,PINES,FL,33029,2026-03-29T18:54:50.933464+00:00
Lisa Peterson,,swiddlytator@gmail.com,(925) 389-6250,New,csv_import,santa_cruz,General Membership,,Just exploring,call,IG,"Address: 1139 San Pablo Ave. Apt. 7, Pinole, CA, 94564
How heard: IG",imported,6/26/1989,1139 San Pablo Ave. Apt. 7,Pinole,CA,94564,2026-03-29T18:54:50.933464+00:00
Neko Mulally,,nekomulally@comcast.net,(610) 301-3882,New,csv_import,santa_cruz,General Membership,,Just exploring,call,google search - Drop IN,"Address: 790 Seven Springs Rd, Pisgah Forest, NC, 28768
How heard: google search - Drop IN",imported,2/19/1993,790 Seven Springs Rd,Pisgah Forest,NC,28768,2026-03-29T18:54:50.933464+00:00
Lucia Poling,,luciapoling81513@hotmail.com,(615) 478-3700,New,csv_import,santa_cruz,General Membership,,Just exploring,call,SON,"Address: 2100 Costa Dr, Pismo Beach, CA, 93449
How heard: SON",imported,1/22/1949,2100 Costa Dr,Pismo Beach,CA,93449,2026-03-29T18:54:50.933464+00:00
Brian Kvalstad,,bkother@fastmail.net,(650) 617-1491,New,csv_import,santa_cruz,General Membership,,Just exploring,call,Tom,"Address: 216 Foothill, Pismo Beach, CA, 93449
How heard: Tom",imported,1/7/1978,216 Foothill,Pismo Beach,CA,93449,2026-03-29T18:54:50.933464+00:00
Lou Deponceau,,ldeponceau67@gmail.com,(814) 218-8481,New,csv_import,santa_cruz,General Membership,,Just exploring,call,Internet,"Address: 1303 steuben St, Pittsburgh, PA, 15220
How heard: Internet",imported,5/18/1983,1303 steuben St,Pittsburgh,PA,15220,2026-03-29T18:54:50.933464+00:00
Aaron J. Holly,,,(210) 306-8509,New,csv_import,santa_cruz,General Membership,,Just exploring,call,Passing By,"Address: 6712 Rhodes Ave, Placerville, CA
How heard: Passing By",imported,10/28/1994,6712 Rhodes Ave,Placerville,CA,,2026-03-29T18:54:50.933464+00:00
ALEXANDRA BARONE,,alex.barone012@gmail.com,(415) 745-5718,New,csv_import,santa_cruz,General Membership,,Just exploring,call,GOOGLE,"Address: 408 CLAYTON ST, PLAINS, MT, 59859
How heard: GOOGLE",imported,1/30/1993,408 CLAYTON ST,PLAINS,MT,59859,2026-03-29T18:54:50.933464+00:00
Zach Helton,,zachhelton2@gmail.com,(972) 589-3564,New,csv_import,santa_cruz,General Membership,,Just exploring,call,Gmail,"Address: 3001 Statler Dr., Plano, TX, 75075
How heard: Gmail",imported,5/27/2000,3001 Statler Dr.,Plano,TX,75075,2026-03-29T18:54:50.933464+00:00
Zach Helton,,zachhelton21@gmail.com,(972) 589-3564,New,csv_import,santa_cruz,General Membership,,Just exploring,call,Google/Friend,"Address: 3801 Statler Drive, Plano, TX, 75075
How heard: Google/Friend",imported,8/27/2000,3801 Statler Drive,Plano,TX,75075,2026-03-29T18:54:50.933464+00:00
Marie Sosa,,,(925) 278-0006,New,csv_import,santa_cruz,General Membership,,Just exploring,call,La Una,"Address: 925 Elmwood Dr, Pleasant Hill, GA, 94523
How heard: La Una",imported,11/18/1997,925 Elmwood Dr,Pleasant Hill,GA,94523,2026-03-29T18:54:50.933464+00:00
Brendan Manrique,,bmanrique@gmail.com,(853) 431-9120,New,csv_import,santa_cruz,General Membership,,Just exploring,call,Insta,"Address: 3536 Pimlico Dr., Pleasanton, CA, 94588
How heard: Insta",imported,11/20/1990,3536 Pimlico Dr.,Pleasanton,CA,94588,2026-03-29T18:54:50.933464+00:00
Emily Schnabel,,egschnabel@yahoo.com,(704) 641-5955,New,csv_import,santa_cruz,General Membership,,Just exploring,call,,"Address: 844 Ross St., Plymouth, MI, 48170",imported,9/25/1981,844 Ross St.,Plymouth,MI,48170,2026-03-29T18:54:50.933464+00:00
Edward Casillas,,edwardcasillas17@gmail.com,(909) 973-4997,New,csv_import,santa_cruz,General Membership,,Just exploring,call,Dr. Ashley Lothian (Veggie Lifter),"Address: 11366 Hickory Ln, Pomona, CA, 91766
How heard: Dr. Ashley Lothian (Veggie Lifter)",imported,10/17/1990,11366 Hickory Ln,Pomona,CA,91766,2026-03-29T18:54:50.933464+00:00
Bianca Delgado,,delgado.bvd@gmail.com,(909) 367-0763,New,csv_import,santa_cruz,General Membership,,Just exploring,call,online,"Address: 11366 Hickory Lane, Pomona, CA, 91767
How heard: online",imported,9/6/1996,11366 Hickory Lane,Pomona,CA,91767,2026-03-29T18:54:50.933464+00:00
Hector Reyes,,hreyes198743@gmail.com,(909) 438-0019,New,csv_import,santa_cruz,General Membership,,Just exploring,call,google,"Address: 1289 Nashvill, Pomona, CA, 91768
How heard: google",imported,6/24/1987,1289 Nashvill,Pomona,CA,91768,2026-03-29T18:54:50.933464+00:00
Cayleigh Allen,,cayleighanne@gmail.com,(503) 756-9834,New,csv_import,santa_cruz,General Membership,,Just exploring,call,google,"Address: 4045 SE 91st Ave, Portland, OR, 97266
How heard: google",imported,3/31/1986,4045 SE 91st Ave,Portland,OR,97266,2026-03-29T18:54:50.933464+00:00
Julie Freburg,,julie.freburg@gmail.com,(503) 781-2133,New,csv_import,santa_cruz,General Membership,,Just exploring,call,Internet,"Address: 7206 N Kellogg St, Portland, OR, 97203
How heard: Internet",imported,9/16/1977,7206 N Kellogg St,Portland,OR,97203,2026-03-29T18:54:50.933464+00:00
Brandon McKinley,,widespreadmck@gmail.com,(902) 276-5521,New,csv_import,santa_cruz,General Membership,,Just exploring,call,Google,"Address: 6515 Holbrooke Dr, Poway, CA, 92064
How heard: Google",imported,3/25/1975,6515 Holbrooke Dr,Poway,CA,92064,2026-03-29T18:54:50.933464+00:00
Simon Molitor,,simon@die-molitors.de,(236) 993-5820,New,csv_import,santa_cruz,General Membership,,Just exploring,call,,"Address: Zur Kapelle 10, Probbach, Hesse, 35704",imported,8/11/1996,Zur Kapelle 10,Probbach,Hesse,35704,2026-03-29T18:54:50.933464+00:00
Gregg McElhaney,,gregg.o.shane@gmail.com,(209) 275-0133,New,csv_import,santa_cruz,General Membership,,Just exploring,call,Internet - Dear IN,"Address: 2609 Braudo, Rancho Cordova, CA, 95670
How heard: Internet - Dear IN",imported,8/19/2022,2609 Braudo,Rancho Cordova,CA,95670,2026-03-29T18:54:50.933464+00:00
Gregg McElhaney,,gregg05hda@gmail.com,(209) 275-0183,New,csv_import,santa_cruz,General Membership,,Just exploring,call,Internet - Drop IN,"Address: 2600 Bravado, Rancho Cordova, CA, 95670
How heard: Internet - Drop IN",imported,8/9/2022,2600 Bravado,Rancho Cordova,CA,95670,2026-03-29T18:54:50.933464+00:00
Steven Lee,,sblee108@gmail.com,(207) 240-8804,New,csv_import,santa_cruz,General Membership,,Just exploring,call,Google,"Address: 10424 Brenda lane, Rancho Cordova, CA, 95670
How heard: Google",imported,2/27/1990,10424 Brenda lane,Rancho Cordova,CA,95670,2026-03-29T18:54:50.933464+00:00
Amber Ingerson,,amberingerson@hotmail.com,(707) 398-7364,New,csv_import,santa_cruz,General Membership,,Just exploring,call,Friends,"Address: 3500 data Dr #36, Rancho Cordova, CA, 95670
How heard: Friends",imported,11/29/2002,3500 data Dr #36,Rancho Cordova,CA,95670,2026-03-29T18:54:50.933464+00:00
Cameron Mayton,,cameronmayton32@gmail.com,(760) 880-5104,New,csv_import,santa_cruz,General Membership,,Just exploring,call,Friend,"Address: 72740 Via Florencia, Rancho Mirage, CA, 92270
How heard: Friend",imported,6/4/2002,72740 Via Florencia,Rancho Mirage,CA,92270,2026-03-29T18:54:50.933464+00:00
Randall Landgrebe,,relandgrebe@gmail.com,(641) 521-7889,New,csv_import,santa_cruz,General Membership,,Just exploring,call,,"Address: 1148 Davis St, Redwood City, CA, 94061",imported,1/22/1955,1148 Davis St,Redwood City,CA,94061,2026-03-29T18:54:50.933464+00:00
Alice Laine,,familyinbox@hotmail.com,(650) 307-6673,New,csv_import,santa_cruz,General Membership,,Just exploring,call,Internet research,"Address: 3869 Bret Harte Dr, Redwood City, CA, 94061
How heard: Internet research",imported,7/7/1972,3869 Bret Harte Dr,Redwood City,CA,94061,2026-03-29T18:54:50.933464+00:00
Jesse Miller,,jessejayjaymiller@gmail,(530) 966-6807,New,csv_import,santa_cruz,General Membership,,Just exploring,call,Friend,"Address: 9150 Laughlin Way, Redwood Valley, CA, 95470
How heard: Friend",imported,7/3/2003,9150 Laughlin Way,Redwood Valley,CA,95470,2026-03-29T18:54:50.933464+00:00
Jesse Miller,,jessejayjaymiller@gmail.com,(530) 966-6802,New,csv_import,santa_cruz,General Membership,,Just exploring,call,Friend,"Address: 9150 Laughlin Way, Redwood Valley, CA, 95470
How heard: Friend",imported,7/13/2003,9150 Laughlin Way,Redwood Valley,CA,95470,2026-03-29T18:54:50.933464+00:00
Ethan Ellis,,evilwizrobe@gmail.com,(775) 303-4212,New,csv_import,santa_cruz,General Membership,,Just exploring,call,Yelp DROP IN,"Address: 1675 Sky Mountain Dr, Reno, NV, 89523
How heard: Yelp DROP IN",imported,9/28/1992,1675 Sky Mountain Dr,Reno,NV,89523,2026-03-29T18:54:50.933464+00:00
Rohan Krishnaswamy,,vogel3low@gmail.com,(429) 903-6366,New,csv_import,santa_cruz,General Membership,,Just exploring,call,Online,"Address: 26352 Dunwood Rd, RHE, CA, 90274
How heard: Online",imported,12/17/1998,26352 Dunwood Rd,RHE,CA,90274,2026-03-29T18:54:50.933464+00:00
ED MUNGER,,,(510) 740-4247,New,csv_import,santa_cruz,General Membership,,Just exploring,call,,"Address: 2207 GREENRIDGE Dr, RICHMOND, CA, 94803",imported,3/8/1974,2207 GREENRIDGE Dr,RICHMOND,CA,94803,2026-03-29T18:54:50.933464+00:00
ED MUNGIER,,,(510) 410-4247,New,csv_import,santa_cruz,General Membership,,Just exploring,call,,"Address: 2207 GREENRIDGE DR, RICHMOND, CA, 94803",imported,3/8/1974,2207 GREENRIDGE DR,RICHMOND,CA,94803,2026-03-29T18:54:50.933464+00:00
Cambell Conour,,cconour@wsc.edu,(510) 207-1702,New,csv_import,santa_cruz,General Membership,,Just exploring,call,Friend at school gym,"Address: 3917 Fauquier ave, Richmond, VA, 23227
How heard: Friend at school gym",imported,5/3/2000,3917 Fauquier ave,Richmond,VA,23227,2026-03-29T18:54:50.933464+00:00
Elijah Kim,,ymkim706@gmail.com,(646) 523-1084,New,csv_import,santa_cruz,General Membership,,Just exploring,call,yelp,"Address: 291 Shaler Blvd, Ridgefield, NJ, 7657
How heard: yelp",imported,1/6/1985,291 Shaler Blvd,Ridgefield,NJ,7657,2026-03-29T18:54:50.933464+00:00
Todd Norris,,toddnorris49@yahoo.com,(815) 222-6378,New,csv_import,santa_cruz,General Membership,,Just exploring,call,Read reviews online,"Address: 427 Shaw St., Rockford, IL, 61104
How heard: Read reviews online",imported,7/11/1988,427 Shaw St.,Rockford,IL,61104,2026-03-29T18:54:50.933464+00:00
Nicholas Sutherland,,deathbyglayer99@gmail.com,(616) 913-8840,New,csv_import,santa_cruz,General Membership,,Just exploring,call,Google,"Address: 2645 B mile rd, Rockford, MI, 49346
How heard: Google",imported,7/11/2000,2645 B mile rd,Rockford,MI,49346,2026-03-29T18:54:50.933464+00:00
Aisha Rowell,,ish142@yahoo.com,(917) 523-5980,New,csv_import,santa_cruz,General Membership,,Just exploring,call,walk-in,"Address: 7424 Bridgit Dr. #6, Rohnert Park, CA, 94928
How heard: walk-in",imported,7/10/1990,7424 Bridgit Dr. #6,Rohnert Park,CA,94928,2026-03-29T18:54:50.933464+00:00
Dylan Schreibkoder,,dylanschreib@gmail.com,(626) 775-5582,New,csv_import,santa_cruz,General Membership,,Just exploring,call,Online,"Address: 1660 Amberwood Drive, Roth Pasadena, CA, 91030
How heard: Online",imported,12/25/2001,1660 Amberwood Drive,Roth Pasadena,CA,91030,2026-03-29T18:54:50.933464+00:00
Juli Mixis,,,(248) 797-2998,New,csv_import,santa_cruz,General Membership,,Just exploring,call,Google,"Address: 2006 Harwood Ave, Royal Oak, MI, 48067
How heard: Google",imported,3/15/1986,2006 Harwood Ave,Royal Oak,MI,48067,2026-03-29T18:54:50.933464+00:00
Juli Mixis,,,(248) 797-2998,New,csv_import,santa_cruz,General Membership,,Just exploring,call,Google,"Address: 2006 Harwood Ave, Royal Oak, MI, 48067
How heard: Google",imported,5/15/1986,2006 Harwood Ave,Royal Oak,MI,48067,2026-03-29T18:54:50.933464+00:00
Rae Powell,,raepowell17@gmail.com,(737) 230-6499,New,csv_import,santa_cruz,General Membership,,Just exploring,call,Geoff.,"Address: 558 Lewis RD, Royal Oaks, CA, 95076
How heard: Geoff.",imported,5/24/1995,558 Lewis RD,Royal Oaks,CA,95076,2026-03-29T18:54:50.933464+00:00
Mason Bussell,,masonb101@yahoo.com,(831) 710-7733,New,csv_import,santa_cruz,General Membership,,Just exploring,call,Instagram,"Address: 380 Johnson Rd, Royal Oaks, CA, 95076
How heard: Instagram",imported,2/7/1992,380 Johnson Rd,Royal Oaks,CA,95076,2026-03-29T18:54:50.933464+00:00
Lysa Marcouiller,,lysa1030@yahoo.com,(408) 396-8525,New,csv_import,santa_cruz,General Membership,,Just exploring,call,Strongwoman Comp.,"Address: 1407 Harrison St, S. Clara, CA, 95050
How heard: Strongwoman Comp.",imported,10/30/1968,1407 Harrison St,S. Clara,CA,95050,2026-03-29T18:54:50.933464+00:00
JoAnn Eberz,,joanneberz@gmail,(805) 451-2345,New,csv_import,santa_cruz,General Membership,,Just exploring,call,Kimi Eberz,"Address: 4606 Creek Ln, S.B, CA, 93111
How heard: Kimi Eberz",imported,8/6/1957,4606 Creek Ln,S.B,CA,93111,2026-03-29T18:54:50.933464+00:00
Lester Reichek,,reichek@sbcglobal.net,(831) 915-0057,New,csv_import,santa_cruz,General Membership,,Just exploring,call,MMT IN SF,"Address: 310 San Juan, S.C, CA, 95062
How heard: MMT IN SF",imported,3/16/1938,310 San Juan,S.C,CA,95062,2026-03-29T18:54:50.933464+00:00
Livia Peras,,lperas66@gmail.com,(831) 278-1438,New,csv_import,santa_cruz,General Membership,,Just exploring,call,Online,"Address: 2675 17th Ave., S.C., CA, 95065
How heard: Online",imported,8/24/1966,2675 17th Ave.,S.C.,CA,95065,2026-03-29T18:54:50.933464+00:00
Kevin Gallagher,,kevin@hotmail.com,(831) 325-3229,New,csv_import,santa_cruz,General Membership,,Just exploring,call,Rachel,"Address: 147 Tosca Terrace, S.C., CA, 95060
How heard: Rachel",imported,7/27/1966,147 Tosca Terrace,S.C.,CA,95060,2026-03-29T18:54:50.933464+00:00
Rosie Foraker,,rosieforaker@outlook.com,(831) 419-9255,New,csv_import,santa_cruz,General Membership,,Just exploring,call,SCDC,"Address: 1822 Harper St #3, S.C., CA, 95062
How heard: SCDC",imported,7/21/1969,1822 Harper St #3,S.C.,CA,95062,2026-03-29T18:54:50.933464+00:00
Joel Dodge,,joeldodge@gmail.com,(650) 714-2689,New,csv_import,santa_cruz,General Membership,,Just exploring,call,Navine,"Address: 317 Wilkes Cir, S.C., CA, 95060
How heard: Navine",imported,3/20/1979,317 Wilkes Cir,S.C.,CA,95060,2026-03-29T18:54:50.933464+00:00
TARA KRATZ,,tots@santacruzderbygirls.org,(831) 809-8889,New,csv_import,santa_cruz,General Membership,,Just exploring,call,SANTA CRUZ DERBY,"Address: 119 PRYCE ST, S.C., CA, 95060
How heard: SANTA CRUZ DERBY",imported,8/25/1988,119 PRYCE ST,S.C.,CA,95060,2026-03-29T18:54:50.933464+00:00
Cristie Kirlin,,ckirlin11@gmail.com,(408) 608-8729,New,csv_import,santa_cruz,General Membership,,Just exploring,call,friend,"Address: 12 South Circle Dr, S.C., CA, 95060
How heard: friend",imported,3/11/1974,12 South Circle Dr,S.C.,CA,95060,2026-03-29T18:54:50.933464+00:00
VIOLETTE KOEMAN,,koeman@monterey.org,(831) 419-6983,New,csv_import,santa_cruz,General Membership,,Just exploring,call,ME (DAN),"Address: 407 CALIFORNIA ST., S.C., CA, 95060
How heard: ME (DAN)",imported,4/10/2009,407 CALIFORNIA ST.,S.C.,CA,95060,2026-03-29T18:54:50.933464+00:00
Shane Kelly,,skiw378@gmail.com,(415) 948-5391,New,csv_import,santa_cruz,General Membership,,Just exploring,call,word of mouth,"Address: 1611 Branciforte #22, S.C., CA, 95065
How heard: word of mouth",imported,4/25/1969,1611 Branciforte #22,S.C.,CA,95065,2026-03-29T18:54:50.933464+00:00
POPPY KOEMAN,,roovie@yahoo.com,(831) 419-6983,New,csv_import,santa_cruz,General Membership,,Just exploring,call,ME (DAN),"Address: 403 CALIFORNIA ST., S.C., CA, 95060
How heard: ME (DAN)",imported,12/5/2012,403 CALIFORNIA ST.,S.C.,CA,95060,2026-03-29T18:54:50.933464+00:00
Andre Schafer,,andrew.a.schafer@gmail.com,(415) 231-4745,New,csv_import,santa_cruz,General Membership,,Just exploring,call,Coach Caitlin,"Address: 449 34th Ave, S.F., CA, 94121
How heard: Coach Caitlin",imported,2/17/1983,449 34th Ave,S.F.,CA,94121,2026-03-29T18:54:50.933464+00:00
JACQUELINE REFO,,refo@santacruzderbygirls.org,(443) 676-1059,New,csv_import,santa_cruz,General Membership,,Just exploring,call,SCDG,"Address: 229 E MISSION ST, S.J., CA, 95008
How heard: SCDG",imported,1/15/1984,229 E MISSION ST,S.J.,CA,95008,2026-03-29T18:54:50.933464+00:00
DAVE DEBELLO,,debello dave@gmail.com,(325) 631-3000,New,csv_import,santa_cruz,General Membership,,Just exploring,call,ABE,"Address: 138 BENITO AVE, S.L., CA, 95062
How heard: ABE",imported,9/9/1975,138 BENITO AVE,S.L.,CA,95062,2026-03-29T18:54:50.933464+00:00
Tracy Erickson,,,(831) 332-7043,New,csv_import,santa_cruz,General Membership,,Just exploring,call,Derby,"Address: S.V., CA, 95066
How heard: Derby",imported,7/16/1976,,S.V.,CA,95066,2026-03-29T18:54:50.933464+00:00
Doug Sequeira,,doug@carriagedoor.com,(916) 826-4732,New,csv_import,santa_cruz,General Membership,,Just exploring,call,,"Address: 1300 8th Ave, Sac, CA, 95818",imported,8/27/1979,1300 8th Ave,Sac,CA,95818,2026-03-29T18:54:50.933464+00:00
Russell Jordan,,russaldo13@gmail.com,(530) 574-5749,New,csv_import,santa_cruz,General Membership,,Just exploring,call,,"Address: 4508 1/2 10th Ave, Sac, CA, 95820",imported,1/27/1990,4508 1/2 10th Ave,Sac,CA,95820,2026-03-29T18:54:50.933464+00:00
Brittany Chown,,britt.chown75@gmail.com,(207) 496-4880,New,csv_import,santa_cruz,General Membership,,Just exploring,call,IG,"Address: 5100 Garfield Ave Apt 38, Sacramento, CA, 95841
How heard: IG",imported,12/12/1990,5100 Garfield Ave Apt 38,Sacramento,CA,95841,2026-03-29T18:54:50.933464+00:00
Benjamin Condrin,,bencondrin@gmail.com,(916) 524-7309,New,csv_import,santa_cruz,General Membership,,Just exploring,call,Website,"Address: 1440 Castee Drive, Sacramento, CA, 95864
How heard: Website",imported,10/13/2004,1440 Castee Drive,Sacramento,CA,95864,2026-03-29T18:54:50.933464+00:00
Matt Condrin,,condrinmatt@gmail.com,(916) 996-8610,New,csv_import,santa_cruz,General Membership,,Just exploring,call,Online,"Address: 1440 Castee Drive, Sacramento, CA, 95864
How heard: Online",imported,4/21/2000,1440 Castee Drive,Sacramento,CA,95864,2026-03-29T18:54:50.933464+00:00
Olivia Devoto,,oliviasdevoto@gmail.com,(650) 288-2423,New,csv_import,santa_cruz,General Membership,,Just exploring,call,Instagram,"Address: 5725 Raybel Ave, Sacramento, CA, 95841
How heard: Instagram",imported,7/31/1994,5725 Raybel Ave,Sacramento,CA,95841,2026-03-29T18:54:50.933464+00:00
Francisco Lievano,,frank.lievano@gmail.com,(323) 809-7198,New,csv_import,santa_cruz,General Membership,,Just exploring,call,,"Address: 3060 65th ST, Sacramento, CA, 95820",imported,12/22/1989,3060 65th ST,Sacramento,CA,95820,2026-03-29T18:54:50.933464+00:00
Annie Hohn,,anniehohn@gmail.com,(916) 425-6830,New,csv_import,santa_cruz,General Membership,,Just exploring,call,,"Address: 2813 P Street, Sacramento, CA, 95816",imported,12/4/1984,2813 P Street,Sacramento,CA,95816,2026-03-29T18:54:50.933464+00:00
Brandon Huntley,,brandonhuntley@sbcglobal.net,(916) 204-0024,New,csv_import,santa_cruz,General Membership,,Just exploring,call,Online,"Address: 1144 Theo Way, Sacramento, CA, 95822
How heard: Online",imported,2/29/1996,1144 Theo Way,Sacramento,CA,95822,2026-03-29T18:54:50.933464+00:00
James Enll,,haystrength@gmail.com,(952) 270-5165,New,csv_import,santa_cruz,General Membership,,Just exploring,call,Instagram,"Address: 45 Lexington Parkway North, Saint Paul, MN, 55105
How heard: Instagram",imported,9/8/1995,45 Lexington Parkway North,Saint Paul,MN,55105,2026-03-29T18:54:50.933464+00:00
Casey Butler,,cbut28@gmail.com,(503) 689-5405,New,csv_import,santa_cruz,General Membership,,Just exploring,call,Google,"Address: 1945 High St Se, Salem, OR, 97302
How heard: Google",imported,6/2/1992,1945 High St Se,Salem,OR,97302,2026-03-29T18:54:50.933464+00:00
Ephraim Melgregio,,nelgregorio@gmail.com,(831) 253-1395,New,csv_import,santa_cruz,General Membership,,Just exploring,call,Friend,"Address: 871 Canterbury St, Salinas, CA, 93906
How heard: Friend",imported,6/2/1998,871 Canterbury St,Salinas,CA,93906,2026-03-29T18:54:50.933464+00:00
Ephraim Melgarejo,,melgarejoel2@gmail.com,(831) 253-1395,New,csv_import,santa_cruz,General Membership,,Just exploring,call,Friend,"Address: 871 Canterbury St., Salinas, CA, 93906
How heard: Friend",imported,6/2/1998,871 Canterbury St.,Salinas,CA,93906,2026-03-29T18:54:50.933464+00:00
Steven Barajas,,sb413087@gmail.com,(831) 206-8313,New,csv_import,santa_cruz,General Membership,,Just exploring,call,Facebook & IG,"Address: 19000 Souza way, Salinas, CA, 93906
How heard: Facebook & IG",imported,3/1/1987,19000 Souza way,Salinas,CA,93906,2026-03-29T18:54:50.933464+00:00
MIGUEL ALVARADO,,miguelalvarado053@gmail.com,(831) 262-4824,New,csv_import,santa_cruz,General Membership,,Just exploring,call,,"Address: 155 Dennis Ave, Salinas, CA, 93905",imported,10/1/1984,155 Dennis Ave,Salinas,CA,93905,2026-03-29T18:54:50.933464+00:00
JULIE AMPARO,,julieamparo@gmail.com,(831) 737-5168,New,csv_import,santa_cruz,General Membership,,Just exploring,call,Oliva Mendoza,"Address: 8751 WOODLAND HEIGHTS LN., SALINAS, CA, 93907
How heard: Oliva Mendoza",imported,1/8/1991,8751 WOODLAND HEIGHTS LN.,SALINAS,CA,93907,2026-03-29T18:54:50.933464+00:00
Santiago Aguilar,,santi2275624@gmail.com,(831) 276-4047,New,csv_import,santa_cruz,General Membership,,Just exploring,call,,"Address: Darthmouth Way 1947, Salinas, CA, 93906",imported,7/25/2003,Darthmouth Way 1947,Salinas,CA,93906,2026-03-29T18:54:50.933464+00:00
Melquiades Antonio Garibay,,mickster1212@gmail.com,(831) 540-0904,New,csv_import,santa_cruz,General Membership,,Just exploring,call,internet/friend,"Address: 2119 Valle San Juan DR, Salinas, CA, 93907
How heard: internet/friend",imported,7/9/2004,2119 Valle San Juan DR,Salinas,CA,93907,2026-03-29T18:54:50.933464+00:00
Summer Elston,,summa.marie19@gmail.com,(559) 737-2693,New,csv_import,santa_cruz,General Membership,,Just exploring,call,,"Address: 1104 Cobblestone St, Salinas, CA, 93905",imported,10/28/2017,1104 Cobblestone St,Salinas,CA,93905,2026-03-29T18:54:50.933464+00:00
Harley Pescosolido,,hpeski@yahoo.com,(559) 623-4745,New,csv_import,santa_cruz,General Membership,,Just exploring,call,,"Address: 1104 Cobblestone St, Salinas, CA, 93905",imported,,1104 Cobblestone St,Salinas,CA,93905,2026-03-29T18:54:50.933464+00:00
Elise Rodriguez,,eliserodriguez@outlook.com,(530) 802-1060,New,csv_import,santa_cruz,General Membership,,Just exploring,call,,"Address: 3219 212th Ave SE, Sammamish, WA, 98075",imported,1/14/1990,3219 212th Ave SE,Sammamish,WA,98075,2026-03-29T18:54:50.933464+00:00
Luis Cortes Garcia,,lcortes2070@gmail.com,(909) 371-7624,New,csv_import,santa_cruz,General Membership,,Just exploring,call,Jake DiBello,"Address: 2077 Western Ave, San Bernardino, CA, 92411
How heard: Jake DiBello",imported,2/4/2002,2077 Western Ave,San Bernardino,CA,92411,2026-03-29T18:54:50.933464+00:00
Katrina-Grace Dorado,,kalinadee15@gmail.com,(909) 904-0813,New,csv_import,santa_cruz,General Membership,,Just exploring,call,Yelp,"Address: 6459 Cold Mountain Way, San Bernardino, CA, 92407
How heard: Yelp",imported,6/23/1997,6459 Cold Mountain Way,San Bernardino,CA,92407,2026-03-29T18:54:50.933464+00:00
Anthony Pare,,kathypare@gmail.com,(415) 430-8815,New,csv_import,santa_cruz,General Membership,,Just exploring,call,Krista Sobrek-Seeton,"Address: 103 Winding Way, San Carlos, CA, 94070
How heard: Krista Sobrek-Seeton",imported,1/17/2007,103 Winding Way,San Carlos,CA,94070,2026-03-29T18:54:50.933464+00:00
Caleb Johnson,,c_gjjohnson88@yahoo.com,(651) 247-1070,New,csv_import,santa_cruz,General Membership,,Just exploring,call,Google,"Address: 426 Ridge Rd, San Carlos, CA, 94070
How heard: Google",imported,12/31/1986,426 Ridge Rd,San Carlos,CA,94070,2026-03-29T18:54:50.933464+00:00
Trevor Milesch,,trevor.milesch@gmail.com,(949) 525-7810,New,csv_import,santa_cruz,General Membership,,Just exploring,call,Google,"Address: 2421 Camino Corso Rio, San Clemente, CA, 92673
How heard: Google",imported,7/5/1990,2421 Camino Corso Rio,San Clemente,CA,92673,2026-03-29T18:54:50.933464+00:00
Trevor Milosch,,trevor milosch@gmail.com,(949) 525-7810,New,csv_import,santa_cruz,General Membership,,Just exploring,call,Google,"Address: 2421 Camino Corso Rio, San Clemente, CA, 92673
How heard: Google",imported,7/5/1990,2421 Camino Corso Rio,San Clemente,CA,92673,2026-03-29T18:54:50.933464+00:00
Ross Edmunds,,ross.edmunds1@gmail.com,(858) 401-3674,New,csv_import,santa_cruz,General Membership,,Just exploring,call,Edward Casillas,"Address: 13054 Caminito Bautista, San Diego, CA, 92130
How heard: Edward Casillas",imported,12/20/1985,13054 Caminito Bautista,San Diego,CA,92130,2026-03-29T18:54:50.933464+00:00
Nicole Huerta,,nicole.m.huerta@gmail.com,(619) 794-3526,New,csv_import,santa_cruz,General Membership,,Just exploring,call,,"Address: 4402 Mentone St #207, San Diego, CA, 92107",imported,9/5/1987,4402 Mentone St #207,San Diego,CA,92107,2026-03-29T18:54:50.933464+00:00
Andrew Hazelwood,,ahaze9@gmail.com,(614) 735-4722,New,csv_import,santa_cruz,General Membership,,Just exploring,call,Google search,"Address: 1209 Hueneme St, San Diego, CA, 92110
How heard: Google search",imported,8/7/1996,1209 Hueneme St,San Diego,CA,92110,2026-03-29T18:54:50.933464+00:00
Alec Cummings,,alec.cummings@gmail.com,(831) 345-3134,New,csv_import,santa_cruz,General Membership,,Just exploring,call,google!,"Address: 1043 Page St, San Fran, CA, 94117
How heard: google!",imported,8/20/1988,1043 Page St,San Fran,CA,94117,2026-03-29T18:54:50.933464+00:00
Azeeza Ali Ribet,,azeezaa@hotmail.com,(650) 799-2034,New,csv_import,santa_cruz,General Membership,,Just exploring,call,Leah - Drip IN,"Address: 3701 sayromeo st, San Fran, CA, 94118
How heard: Leah - Drip IN",imported,,3701 sayromeo st,San Fran,CA,94118,2026-03-29T18:54:50.933464+00:00
Alexa Shockley,,alexashockley@gmail.com,(408) 476-4493,New,csv_import,santa_cruz,General Membership,,Just exploring,call,B Google,"Address: 1108 1/2 Grader St, San Francisco, CA, 94117
How heard: B Google",imported,5/6/1997,1108 1/2 Grader St,San Francisco,CA,94117,2026-03-29T18:54:50.933464+00:00
Dylan Maury,,maurydylan@gmail.com,(415) 988-1006,New,csv_import,santa_cruz,General Membership,,Just exploring,call,Yelp,"Address: 241 Saint Charles Avenue, San Francisco, CA, 94132
How heard: Yelp",imported,1/13/2007,241 Saint Charles Avenue,San Francisco,CA,94132,2026-03-29T18:54:50.933464+00:00
MATTEO DEL MASTRO,,mdelmastro@gmail.com,(510) 761-1750,New,csv_import,santa_cruz,General Membership,,Just exploring,call,GOOGLE,"Address: 1108 1/2 SHADEN STREET, SAN FRANCISCO, CA, 94117
How heard: GOOGLE",imported,10/10/1998,1108 1/2 SHADEN STREET,SAN FRANCISCO,CA,94117,2026-03-29T18:54:50.933464+00:00
Malan Mao,,mmadz@csc.edu,(415) 264-0052,New,csv_import,santa_cruz,General Membership,,Just exploring,call,Friend - Alexander R,"Address: 4030 23rd St, San Francisco, CA, 94114
How heard: Friend - Alexander R",imported,3/7/2001,4030 23rd St,San Francisco,CA,94114,2026-03-29T18:54:50.933464+00:00
Christian Ma,,chm.usda@gmail.com,(415) 503-7885,New,csv_import,santa_cruz,General Membership,,Just exploring,call,,"Address: 58 Shawnee Ave, San Francisco, CA, 94112",imported,5/9/2003,58 Shawnee Ave,San Francisco,CA,94112,2026-03-29T18:54:50.933464+00:00
Malan Maoz,,mmaoz@usc.edu,(415) 264-0052,New,csv_import,santa_cruz,General Membership,,Just exploring,call,Friend - Alexander R,"Address: 4030 23rd St, San Francisco, CA, 94114
How heard: Friend - Alexander R",imported,3/7/2001,4030 23rd St,San Francisco,CA,94114,2026-03-29T18:54:50.933464+00:00
Christian Mu,,chrimu0504@gmail.com,(415) 503-7885,New,csv_import,santa_cruz,General Membership,,Just exploring,call,,"Address: 58 Shawnee Ave, San Francisco, CA, 94112",imported,5/4/2003,58 Shawnee Ave,San Francisco,CA,94112,2026-03-29T18:54:50.933464+00:00
Maximilian Breall,,maximilianbreall@gmail.com,(415) 734-7927,New,csv_import,santa_cruz,General Membership,,Just exploring,call,friends,"Address: 2000 Bush Street, San Francisco, CA, 94115
How heard: friends",imported,2/6/2002,2000 Bush Street,San Francisco,CA,94115,2026-03-29T18:54:50.933464+00:00
Andrew Deal,,deal.er.andrew@gmail.com,(202) 340-9666,New,csv_import,santa_cruz,General Membership,,Just exploring,call,,"Address: 198 Dolores Street, San Francisco, CA, 94612",imported,4/18/1990,198 Dolores Street,San Francisco,CA,94612,2026-03-29T18:54:50.933464+00:00
Jiwon Lee,,jiwon.l.lee@gmail.com,(832) 584-6350,New,csv_import,santa_cruz,General Membership,,Just exploring,call,online,"Address: 1650 Broadway, San Francisco, CA, 94109
How heard: online",imported,11/25/1999,1650 Broadway,San Francisco,CA,94109,2026-03-29T18:54:50.933464+00:00
Tyler House,,tyler.l.house@gmail.com,(925) 683-6052,New,csv_import,santa_cruz,General Membership,,Just exploring,call,,"Address: 1491 8th Ave #3, San Francisco, CA, 94122",imported,7/28/1991,1491 8th Ave #3,San Francisco,CA,94122,2026-03-29T18:54:50.933464+00:00
Preston Rutherford,,preston@chubbles.com,(520) 409-8628,New,csv_import,santa_cruz,General Membership,,Just exploring,call,,"Address: ""2340 LARKIN ST, #1"", San Francisco, CA, 94109",imported,1/28/1986,"""2340 LARKIN ST, #1""",San Francisco,CA,94109,2026-03-29T18:54:50.933464+00:00
L.C. Sweeney,,,(203) 582-4589,New,csv_import,santa_cruz,General Membership,,Just exploring,call,,"Address: 7052 Santa Teresa Blvd #69, San Jose, CA",imported,12/24/1986,7052 Santa Teresa Blvd #69,San Jose,CA,,2026-03-29T18:54:50.933464+00:00
Megan Szeto,,szetomegan1007@gmail.com,(510) 910-7028,New,csv_import,santa_cruz,General Membership,,Just exploring,call,Huygen,"Address: 333 Smol St APT 303, San Jose, CA, 95126
How heard: Huygen",imported,10/1/1997,333 Smol St APT 303,San Jose,CA,95126,2026-03-29T18:54:50.933464+00:00
Chris Sentz,,sentzc96@gmail.com,(408) 204-1550,New,csv_import,santa_cruz,General Membership,,Just exploring,call,Computed in SOS Winter Open,"Address: 60448 Wellmeadow Ct, San Jose, CA, 95120
How heard: Computed in SOS Winter Open",imported,3/18/1976,60448 Wellmeadow Ct,San Jose,CA,95120,2026-03-29T18:54:50.933464+00:00
ANDREW SEBASTIAN,,andrewsebastian@gmail.com,(402) 201-4547,New,csv_import,santa_cruz,General Membership,,Just exploring,call,Matt Bickford,"Address: 360 S. MARKET ST, San Jose, CA, 95113
How heard: Matt Bickford",imported,4/28/1984,360 S. MARKET ST,San Jose,CA,95113,2026-03-29T18:54:50.933464+00:00
Kiel Mariani,,wildkiel@yahoo.com,(408) 348-8444,New,csv_import,santa_cruz,General Membership,,Just exploring,call,Geoff Kane,"Address: 1117 EL Abra Way, San Jose, CA, 95125
How heard: Geoff Kane",imported,9/2/1988,1117 EL Abra Way,San Jose,CA,95125,2026-03-29T18:54:50.933464+00:00
Rocky Nguyen,,rocky.nguyen480@yahoo.com,(915) 615-9871,New,csv_import,santa_cruz,General Membership,,Just exploring,call,Sandy,"Address: 5398 Alum Rock Ave, San Jose, CA, 95127
How heard: Sandy",imported,6/14/1995,5398 Alum Rock Ave,San Jose,CA,95127,2026-03-29T18:54:50.933464+00:00
Hannah Nevitt,,skygoddess@gmail.com,(408) 710-5086,New,csv_import,santa_cruz,General Membership,,Just exploring,call,friend,"Address: 1665 Brookvale Dr, San Jose, CA, 95129
How heard: friend",imported,6/16/2003,1665 Brookvale Dr,San Jose,CA,95129,2026-03-29T18:54:50.933464+00:00
Rocky Nguyen,,rocky.nguyen465@yahoo.com,(915) 615-9871,New,csv_import,santa_cruz,General Membership,,Just exploring,call,SANDY,"Address: 5398 Alum Rock Ave, San Jose, CA, 95127
How heard: SANDY",imported,6/14/1995,5398 Alum Rock Ave,San Jose,CA,95127,2026-03-29T18:54:50.933464+00:00
Hannah Nevitt,,skylark900@gmail.com,(408) 710-5086,New,csv_import,santa_cruz,General Membership,,Just exploring,call,friend,"Address: 1665 Brookvale Dr, san jose, CA, 95129
How heard: friend",imported,6/16/2003,1665 Brookvale Dr,san jose,CA,95129,2026-03-29T18:54:50.933464+00:00
Sara O'Connor,,oconnor.sara.m@gmail.com,(909) 969-4259,New,csv_import,santa_cruz,General Membership,,Just exploring,call,Jo,"Address: 950 Meridian Ave #37, San Jose, CA, 95126
How heard: Jo",imported,5/1/1987,950 Meridian Ave #37,San Jose,CA,95126,2026-03-29T18:54:50.933464+00:00
Catherine Cramer,,ccramer51@gmail.com,(530) 913-3684,New,csv_import,santa_cruz,General Membership,,Just exploring,call,CrossFit Coach,"Address: 385 Race St., San Jose, CA, 95126
How heard: CrossFit Coach",imported,5/20/1991,385 Race St.,San Jose,CA,95126,2026-03-29T18:54:50.933464+00:00
Kayla Cienega,,cienegakayla@hotmail.com,(408) 550-5549,New,csv_import,santa_cruz,General Membership,,Just exploring,call,Tony Colicchio,"Address: 2244 Maywood Ave, San Jose, CA, 95128
How heard: Tony Colicchio",imported,4/5/1988,2244 Maywood Ave,San Jose,CA,95128,2026-03-29T18:54:50.933464+00:00
SERENTY CALDWELL,,wystern@gmail.com,(626) 579-8409,New,csv_import,santa_cruz,General Membership,,Just exploring,call,DERBY,"Address: 564 MANZANA, SAN JOSE, CA, 95112
How heard: DERBY",imported,12/14/1987,564 MANZANA,SAN JOSE,CA,95112,2026-03-29T18:54:50.933464+00:00
Jonathan Casier,,jcasier@ucsc.edu,(708) 221-5882,New,csv_import,santa_cruz,General Membership,,Just exploring,call,Friend,"Address: 5729 Chamberlin Dr., San Jose, CA, 95118
How heard: Friend",imported,4/19/2002,5729 Chamberlin Dr.,San Jose,CA,95118,2026-03-29T18:54:50.933464+00:00
Jonathan Casier,,red5729j@gmail.com,(408) 221-5282,New,csv_import,santa_cruz,General Membership,,Just exploring,call,Friend,"Address: 5729 Chambertin Dr, San Jose, CA, 95118
How heard: Friend",imported,4/15/2002,5729 Chambertin Dr,San Jose,CA,95118,2026-03-29T18:54:50.933464+00:00
JASON BATTIATO,,skellington67@att.net,(408) 655-2404,New,csv_import,santa_cruz,General Membership,,Just exploring,call,,"Address: 2378 PLUMMER AVE, SAN JOSE, CA, 95125",imported,4/8/1985,2378 PLUMMER AVE,SAN JOSE,CA,95125,2026-03-29T18:54:50.933464+00:00
ALEX BLEASE,,a.blease@yahoo.com,(408) 350-9507,New,csv_import,santa_cruz,General Membership,,Just exploring,call,,"Address: 5085 BEL CANTO DR, SAN JOSE, CA, 95124",imported,11/14/1988,5085 BEL CANTO DR,SAN JOSE,CA,95124,2026-03-29T18:54:50.933464+00:00
Todd Alexander,,toalexan@gmail.com,(408) 930-3745,New,csv_import,santa_cruz,General Membership,,Just exploring,call,Chris,"Address: 4757 Corrales Dr., San Jose, CA, 95136
How heard: Chris",imported,4/14/1971,4757 Corrales Dr.,San Jose,CA,95136,2026-03-29T18:54:50.933464+00:00
Jett Alexander,,jettalexalo@gmail.com,(408) 930-3745,New,csv_import,santa_cruz,General Membership,,Just exploring,call,Chris,"Address: 4757 Corrales dr., San Jose, CA, 95136
How heard: Chris",imported,2/26/2010,4757 Corrales dr.,San Jose,CA,95136,2026-03-29T18:54:50.933464+00:00
Matthew Ginion,,mattcginion@gmail.com,(215) 776-7418,New,csv_import,santa_cruz,General Membership,,Just exploring,call,,"Address: 5805 Charlotte Dr, San Jose, CA, 95123",imported,10/1/1981,5805 Charlotte Dr,San Jose,CA,95123,2026-03-29T18:54:50.933464+00:00
Jessica Goss,,jessicargoss@rocketmail.com,(408) 728-5832,New,csv_import,santa_cruz,General Membership,,Just exploring,call,Sarah,"Address: 6557 Edgebrook Ct, San Jose, CA, 95120
How heard: Sarah",imported,5/13/1996,6557 Edgebrook Ct,San Jose,CA,95120,2026-03-29T18:54:50.933464+00:00
Samantha Gorvad,,s.gorvad2022@gmail.com,(408) 560-8139,New,csv_import,santa_cruz,General Membership,,Just exploring,call,Online,"Address: 1388 Bouret Drive, San Jose, CA, 95118
How heard: Online",imported,9/21/2004,1388 Bouret Drive,San Jose,CA,95118,2026-03-29T18:54:50.933464+00:00
Laralai Gott,,laralaig1@gmail.com,(408) 401-7151,New,csv_import,santa_cruz,General Membership,,Just exploring,call,Friends,"Address: 5285 Turnberry Pl, San Jose, CA, 95136
How heard: Friends",imported,11/24/2003,5285 Turnberry Pl,San Jose,CA,95136,2026-03-29T18:54:50.933464+00:00
Katie Ebach,,katebach5@gmail.com,(219) 448-0058,New,csv_import,santa_cruz,General Membership,,Just exploring,call,,"Address: 585 Mountain Home Dr., San Jose, CA, 95136",imported,8/17/1985,585 Mountain Home Dr.,San Jose,CA,95136,2026-03-29T18:54:50.933464+00:00
Stacia Evans,,,(408) 472-6984,New,csv_import,santa_cruz,General Membership,,Just exploring,call,,"Address: San Jose, CA",imported,6/29/1989,,San Jose,CA,,2026-03-29T18:54:50.933464+00:00
Nicholas Edwards,,nic.edwards@gmail.com,(408) 335-3527,New,csv_import,santa_cruz,General Membership,,Just exploring,call,Caleb Winters,"Address: 88 Bush St, San Jose, CA, 95126
How heard: Caleb Winters",imported,11/24/1985,88 Bush St,San Jose,CA,95126,2026-03-29T18:54:50.933464+00:00
Jose Diaz,,josepdiaz249@gmail.com,(408) 916-7518,New,csv_import,santa_cruz,General Membership,,Just exploring,call,,"Address: 4110 Gian Avenue, San Jose, CA, 95127",imported,9/24/1994,4110 Gian Avenue,San Jose,CA,95127,2026-03-29T18:54:50.933464+00:00
BAOCHAU DINH,,kathyhaidinh@gmail.com,(408) 896-9144,New,csv_import,santa_cruz,General Membership,,Just exploring,call,Michelle Green,"Address: 174 bananagrove lane, San Jose, CA, 95123
How heard: Michelle Green",imported,10/1/1990,174 bananagrove lane,San Jose,CA,95123,2026-03-29T18:54:50.933464+00:00
Sandy Dang,,sdang1997@yahoo.com,(408) 565-5280,New,csv_import,santa_cruz,General Membership,,Just exploring,call,Ayzha,"Address: 2338 Renfield Way, San Jose, CA, 95148
How heard: Ayzha",imported,10/4/1997,2338 Renfield Way,San Jose,CA,95148,2026-03-29T18:54:50.933464+00:00
Fabiola DeAguinaga,,fdeaguinaga@hotmail.com,(530) 966-3430,New,csv_import,santa_cruz,General Membership,,Just exploring,call,,"Address: 3084 Bilbo DR., San Jose, CA, 95121",imported,4/13/1984,3084 Bilbo DR.,San Jose,CA,95121,2026-03-29T18:54:50.933464+00:00
Michael Loggins,,msloggins21@gmail.com,(865) 278-6554,New,csv_import,santa_cruz,General Membership,,Just exploring,call,,"Address: 1514 The Alameda Unit 333, San Jose, CA, 95112",imported,5/8/1992,1514 The Alameda Unit 333,San Jose,CA,95112,2026-03-29T18:54:50.933464+00:00
Kevin Le,,kdang403@gmail.com,(669) 264-1315,New,csv_import,santa_cruz,General Membership,,Just exploring,call,Friends,"Address: 827 Cotton Tail Ave, San Jose, CA, 95116
How heard: Friends",imported,11/3/2003,827 Cotton Tail Ave,San Jose,CA,95116,2026-03-29T18:54:50.933464+00:00
Oleg Kolmanovskiy,,okolmano@gmail.com,(408) 677-9168,New,csv_import,santa_cruz,General Membership,,Just exploring,call,Ayzha,"Address: 3007 Ironside Ct, San Jose, CA, 95132
How heard: Ayzha",imported,9/27/1995,3007 Ironside Ct,San Jose,CA,95132,2026-03-29T18:54:50.933464+00:00
Richard Kelly,,richardkelly395@gmail.com,(732) 475-9000,New,csv_import,santa_cruz,General Membership,,Just exploring,call,online,"Address: 1071 W Taylor St., San Jose, CA, 95126
How heard: online",imported,9/20/1995,1071 W Taylor St.,San Jose,CA,95126,2026-03-29T18:54:50.933464+00:00
Victoria Hsiao,,,(408) 702-8069,New,csv_import,santa_cruz,General Membership,,Just exploring,call,Michelle,"Address: 1002 Bertolone Ct, San Jose, CA, 95122
How heard: Michelle",imported,5/11/1992,1002 Bertolone Ct,San Jose,CA,95122,2026-03-29T18:54:50.933464+00:00
Daniel Hernandez,,danny.hernandez30@gmail.com,(707) 797-7906,New,csv_import,santa_cruz,General Membership,,Just exploring,call,Loop,"Address: 1729 N First St. #204, San Jose, CA, 95112
How heard: Loop",imported,9/30/1994,1729 N First St. #204,San Jose,CA,95112,2026-03-29T18:54:50.933464+00:00
Ryan Reyes,,ryanrey95@gmail.com,(831) 435-9219,New,csv_import,santa_cruz,General Membership,,Just exploring,call,From Mighty Meesh,"Address: 1600 Stokes St #11, San Jose, CA, 95126
How heard: From Mighty Meesh",imported,7/28/1995,1600 Stokes St #11,San Jose,CA,95126,2026-03-29T18:54:50.933464+00:00
Veronica Rios,,csirios@sbcglobal.net,(408) 438-0405,New,csv_import,santa_cruz,General Membership,,Just exploring,call,Friends,"Address: 1646 Swangate Way, San Jose, CA, 95124
How heard: Friends",imported,3/28/1970,1646 Swangate Way,San Jose,CA,95124,2026-03-29T18:54:50.933464+00:00
Dulan Rodgers,,dulanrodgers47@gmail.com,(408) 318-1387,New,csv_import,santa_cruz,General Membership,,Just exploring,call,internet,"Address: 5283 Taft Drive, San Jose, CA, 95124
How heard: internet",imported,3/25/1989,5283 Taft Drive,San Jose,CA,95124,2026-03-29T18:54:50.933464+00:00
Charles Cenizal,,ccenizal@ucsc.edu,(831) 226-9375,New,csv_import,santa_cruz,General Membership,,Just exploring,call,Rohan,"Address: 2219 Kingfisher Ct, San Leandro, CA, 94579
How heard: Rohan",imported,10/12/2000,2219 Kingfisher Ct,San Leandro,CA,94579,2026-03-29T18:54:50.933464+00:00
RUTH PARDUE,,info@crossfit1.net,(510) 851-0701,New,csv_import,santa_cruz,General Membership,,Just exploring,call,online / ANA,"Address: 2450 Alvarado St, San Leandro, CA, 94577
How heard: online / ANA",imported,5/12/1978,2450 Alvarado St,San Leandro,CA,94577,2026-03-29T18:54:50.933464+00:00
Maria Nadal,,mjrnadal@gmail.com,(831) 334-1002,New,csv_import,santa_cruz,General Membership,,Just exploring,call,Steven,"Address: 4669 Snapdragon Way, San Luis Obispo, CA, 93401
How heard: Steven",imported,6/27/1995,4669 Snapdragon Way,San Luis Obispo,CA,93401,2026-03-29T18:54:50.933464+00:00
AARON GIANNINI,,atomicmechanical@yahoo.com,(805) 441-2051,New,csv_import,santa_cruz,General Membership,,Just exploring,call,Andrew - PUNCH CARD,"Address: 882 Calle del Camino, San Luis Obispo, CA, 93401
How heard: Andrew - PUNCH CARD",imported,5/15/1968,882 Calle del Camino,San Luis Obispo,CA,93401,2026-03-29T18:54:50.933464+00:00
Nicole Anicetti,,nanicettia2@gmail.com,(650) 580-7702,New,csv_import,santa_cruz,General Membership,,Just exploring,call,other member,"Address: 405 Glendale Rd, San Mateo, CA, 94402
How heard: other member",imported,3/1/1992,405 Glendale Rd,San Mateo,CA,94402,2026-03-29T18:54:50.933464+00:00
Diego Agurto,,dagurto@ucsc.edu,(650) 533-2505,New,csv_import,santa_cruz,General Membership,,Just exploring,call,UCSC strength club,"Address: 1645 Marina Ct, San Mateo, CA, 95064
How heard: UCSC strength club",imported,9/13/1998,1645 Marina Ct,San Mateo,CA,95064,2026-03-29T18:54:50.933464+00:00
David Prager,,djprager@ucsc.edu,(650) 678-5654,New,csv_import,santa_cruz,General Membership,,Just exploring,call,Friend,"Address: 9 Tollridge Ct., San Mateo, CA, 94402
How heard: Friend",imported,4/20/1998,9 Tollridge Ct.,San Mateo,CA,94402,2026-03-29T18:54:50.933464+00:00
Marco Salvemini,,marco.salvemini.1015@gmail.com,(415) 497-4183,New,csv_import,santa_cruz,General Membership,,Just exploring,call,Online,"Address: 770 Knocknaboul Way, San Rafael, CA, 94903
How heard: Online",imported,10/15/2000,770 Knocknaboul Way,San Rafael,CA,94903,2026-03-29T18:54:50.933464+00:00
Sheila Coll,,sheilacollart@gmail.com,(415) 414-9466,New,csv_import,santa_cruz,General Membership,,Just exploring,call,Meg Heydt,"Address: 2060 Hatch Rd, San Rafael, CA, 94947
How heard: Meg Heydt",imported,4/28/1987,2060 Hatch Rd,San Rafael,CA,94947,2026-03-29T18:54:50.933464+00:00
Sarah De Paris,,swdeparis@gmail.com,(415) 902-7560,New,csv_import,santa_cruz,General Membership,,Just exploring,call,,"Address: 51 Kinross Dr., San Rafael, CA, 94901",imported,2/19/1984,51 Kinross Dr.,San Rafael,CA,94901,2026-03-29T18:54:50.933464+00:00
Micaela (Mimi) Boursier,,mimirosetink1@gmail.com,(408) 887-0427,New,csv_import,santa_cruz,General Membership,,Just exploring,call,Friend/instagram,"Address: 1644 Hope Dr. Apt. 1134, Santa Clara, CA, 95054
How heard: Friend/instagram",imported,5/22/1995,1644 Hope Dr. Apt. 1134,Santa Clara,CA,95054,2026-03-29T18:54:50.933464+00:00
Kimberly Eberz,,kimeberz@gmail.com,(805) 451-3514,New,csv_import,santa_cruz,General Membership,,Just exploring,call,Jon Ng,"Address: 734 San Miguel Ave, Santa Clara, CA, 95050
How heard: Jon Ng",imported,3/30/1986,734 San Miguel Ave,Santa Clara,CA,95050,2026-03-29T18:54:50.933464+00:00
Darshan Kadia,,darshankadia@gmail.com,(323) 541-7884,New,csv_import,santa_cruz,General Membership,,Just exploring,call,online,"Address: 3901 Lick Mill Blvd Apt 209, Santa Clara, CA, 95054
How heard: online",imported,8/15/1984,3901 Lick Mill Blvd Apt 209,Santa Clara,CA,95054,2026-03-29T18:54:50.933464+00:00
Ray Jimenez,,rayybayy36@yahoo.com,(408) 769-8716,New,csv_import,santa_cruz,General Membership,,Just exploring,call,WALKIN,"Address: 3057 Monroe St, Santa Clara, CA, 95051
How heard: WALKIN",imported,9/28/1968,3057 Monroe St,Santa Clara,CA,95051,2026-03-29T18:54:50.933464+00:00
Alicia Rangel,,inboxblue@icloud.com,(917) 719-5789,New,csv_import,santa_cruz,General Membership,,Just exploring,call,Google,"Address: 2010 El Camino Real, SANTA CLARA, CA, 95050
How heard: Google",imported,10/27/1989,2010 El Camino Real,SANTA CLARA,CA,95050,2026-03-29T18:54:50.933464+00:00
Jeff Siracusa,,j.siracusa@gmail.com,(925) 413-5141,New,csv_import,santa_cruz,General Membership,,Just exploring,call,PAIGE HIFI (APD + WORD OF MOUTH),"Address: 954 CHAPIOLA ROAD APT C, Santa Cruz, CA, 94062
How heard: PAIGE HIFI (APD + WORD OF MOUTH)",imported,12/5/1991,954 CHAPIOLA ROAD APT C,Santa Cruz,CA,94062,2026-03-29T18:54:50.933464+00:00
Balandeep Singh,,balandeep.singh@pbg.com,(510) 833-1148,New,csv_import,santa_cruz,General Membership,,Just exploring,call,Friends @ Work,"Address: 214 Simons Street, Santa Cruz, CA, 95060
How heard: Friends @ Work",imported,7/30/1992,214 Simons Street,Santa Cruz,CA,95060,2026-03-29T18:54:50.933464+00:00
Jared Smith,,jsmith@gmail.com,(916) 401-0119,New,csv_import,santa_cruz,General Membership,,Just exploring,call,Google,"Address: 1000 Cross, Santa Cruz, CA, 95060
How heard: Google",imported,1/4/1996,1000 Cross,Santa Cruz,CA,95060,2026-03-29T18:54:50.933464+00:00
Roger Schoenman,,rogerschoenman@gmail.com,(646) 239-2560,New,csv_import,santa_cruz,General Membership,,Just exploring,call,Ally Romanow,"Address: 707 HAGAR CT, Santa Cruz, CA, 95064
How heard: Ally Romanow",imported,8/19/1972,707 HAGAR CT,Santa Cruz,CA,95064,2026-03-29T18:54:50.933464+00:00
Melina Singh,,mrsingh@ucsc.edu,(908) 806-0208,New,csv_import,santa_cruz,General Membership,,Just exploring,call,google search,"Address: 132 Pryce St. Unit D, Santa Cruz, CA, 95000
How heard: google search",imported,6/5/1993,132 Pryce St. Unit D,Santa Cruz,CA,95000,2026-03-29T18:54:50.933464+00:00
Kevin Schilling,,kschilli@ucsc.edu,(310) 630-7046,New,csv_import,santa_cruz,General Membership,,Just exploring,call,Friends,"Address: 134 Echo St., Santa Cruz, CA, 95060
How heard: Friends",imported,8/4/1991,134 Echo St.,Santa Cruz,CA,95060,2026-03-29T18:54:50.933464+00:00
Rachel Sliney,,rachelsliney@gmail.com,(831) 713-8692,New,csv_import,santa_cruz,General Membership,,Just exploring,call,"""Google Search, Yelp""","Address: 315 Majors St., Santa Cruz, CA, 95060
How heard: ""Google Search, Yelp""",imported,1/18/1996,315 Majors St.,Santa Cruz,CA,95060,2026-03-29T18:54:50.933464+00:00
Patrick Stefaniak,,pstefani@ucsc.edu,(765) 476-3028,New,csv_import,santa_cruz,General Membership,,Just exploring,call,Yelp,"Address: 200 West Cliff Dr. Unit 35, Santa Cruz, CA, 95060
How heard: Yelp",imported,4/20/1993,200 West Cliff Dr. Unit 35,Santa Cruz,CA,95060,2026-03-29T18:54:50.933464+00:00
JAMES SELFRIDGE,,jamesselfridge@gmail.com,(916) 412-6746,New,csv_import,santa_cruz,General Membership,,Just exploring,call,INTERNET,"Address: 531 34th Ave, Santa Cruz, CA, 95062
How heard: INTERNET",imported,11/23/1991,531 34th Ave,Santa Cruz,CA,95062,2026-03-29T18:54:50.933464+00:00
CHRIS SMITH,,christopherg.smith@gmail.com,(822) 222-7050,New,csv_import,santa_cruz,General Membership,,Just exploring,call,Kay Theal,"Address: P.O. Box 3939, Santa Cruz, CA, 95068
How heard: Kay Theal",imported,1/21/1980,P.O. Box 3939,Santa Cruz,CA,95068,2026-03-29T18:54:50.933464+00:00
Athena Sanriver,,asanniv@ucsc.edu,(707) 832-2437,New,csv_import,santa_cruz,General Membership,,Just exploring,call,POWERLIFTING MEET,"Address: 141 Chestnut St., Santa Cruz, CA, 95060
How heard: POWERLIFTING MEET",imported,1/19/2001,141 Chestnut St.,Santa Cruz,CA,95060,2026-03-29T18:54:50.933464+00:00
Lizzie Shipton,,lizzie.shipton@gmail.com,(831) 254-9148,New,csv_import,santa_cruz,General Membership,,Just exploring,call,Google,"Address: 500 Tip Crudch Rd, Santa Cruz, CA, 95065
How heard: Google",imported,5/3/1988,500 Tip Crudch Rd,Santa Cruz,CA,95065,2026-03-29T18:54:50.933464+00:00
Emerald Smith,,epsmitth17@gmail,(831) 234-4856,New,csv_import,santa_cruz,General Membership,,Just exploring,call,friend,"Address: 99 Mill Rd, Santa Cruz, CA, 95060
How heard: friend",imported,10/11/1995,99 Mill Rd,Santa Cruz,CA,95060,2026-03-29T18:54:50.933464+00:00
Archishna Sinha,,asinha.ja@ucsc.edu,(916) 225-4551,New,csv_import,santa_cruz,General Membership,,Just exploring,call,Friends (Robin & David),"Address: 167 Archer Dr., Santa Cruz, CA, 95060
How heard: Friends (Robin & David)",imported,11/19/1999,167 Archer Dr.,Santa Cruz,CA,95060,2026-03-29T18:54:50.933464+00:00
Staunton SAMPLE,,staunton.sample@gmail.com,(318) 464-7024,New,csv_import,santa_cruz,General Membership,,Just exploring,call,""",null""","Address: 111 Alta Ave, Santa Cruz, CA, 95060
How heard: "",null""",imported,11/28/1983,111 Alta Ave,Santa Cruz,CA,95060,2026-03-29T18:54:50.933464+00:00
Caitlyn Sellers,,csellers@ucsc.edu,(619) 229-9616,New,csv_import,santa_cruz,General Membership,,Just exploring,call,Fitness group,"Address: 212 Roosevelt Ter, Santa Cruz, CA, 95060
How heard: Fitness group",imported,11/23/2001,212 Roosevelt Ter,Santa Cruz,CA,95060,2026-03-29T18:54:50.933464+00:00
Jason A. Smith,,pelican317@mac.com,(617) 817-3130,New,csv_import,santa_cruz,General Membership,,Just exploring,call,@ web services,"Address: 127 Minnie Street, Santa Cruz, CA, "",null""
How heard: @ web services",imported,3/17/1973,127 Minnie Street,Santa Cruz,CA,""",null""",2026-03-29T18:54:50.933464+00:00
Cory Steinmetz,,corysteinmetz9@gmail.com,(831) 915-1279,New,csv_import,santa_cruz,General Membership,,Just exploring,call,internet,"Address: 2742 Warren St, Santa Cruz, CA, 95062
How heard: internet",imported,3/31/1992,2742 Warren St,Santa Cruz,CA,95062,2026-03-29T18:54:50.933464+00:00
Kaitlyn Smith,,kaitrsmith@gmail.com,(574) 393-0551,New,csv_import,santa_cruz,General Membership,,Just exploring,call,dachten sister,"Address: 154 Chestnut St #210, Santa Cruz, CA, 95060
How heard: dachten sister",imported,8/13/1997,154 Chestnut St #210,Santa Cruz,CA,95060,2026-03-29T18:54:50.933464+00:00
Katie Stalling,,katiestelling831@gmail.com,(831) 431-0355,New,csv_import,santa_cruz,General Membership,,Just exploring,call,Online,"Address: 207 Spring st, Santa Cruz, CA, 95060
How heard: Online",imported,1/28/1998,207 Spring st,Santa Cruz,CA,95060,2026-03-29T18:54:50.933464+00:00
Matt Skilling,,matthewstelling11@gmail.com,(831) 331-6174,New,csv_import,santa_cruz,General Membership,,Just exploring,call,,"Address: 207 Spring Street, Santa Cruz, CA, 95060",imported,1/28/1998,207 Spring Street,Santa Cruz,CA,95060,2026-03-29T18:54:50.933464+00:00
Kaia Stour,,nightfurykaia@gmail.com,(831) 586-2187,New,csv_import,santa_cruz,General Membership,,Just exploring,call,Santa Cruz Derby Groms,"Address: 305 Grant St, Santa Cruz, CA, 95060
How heard: Santa Cruz Derby Groms",imported,3/3/2003,305 Grant St,Santa Cruz,CA,95060,2026-03-29T18:54:50.933464+00:00
Donald S.,,donniesvezens@gmail.com,(209) 405-1994,New,csv_import,santa_cruz,General Membership,,Just exploring,call,,"Address: 527 Oceanview Ave, Santa Cruz, CA, 95203",imported,11/21/1991,527 Oceanview Ave,Santa Cruz,CA,95203,2026-03-29T18:54:50.933464+00:00
Chatenveer Singh,,chatenveer@gmail.com,(209) 879-3775,New,csv_import,santa_cruz,General Membership,,Just exploring,call,A Friend,"Address: 801 Mission St, Santa Cruz, CA, 95060
How heard: A Friend",imported,8/2/2001,801 Mission St,Santa Cruz,CA,95060,2026-03-29T18:54:50.933464+00:00
Marco Sgro,,msgko949@yahoo.com,(925) 588-5499,New,csv_import,santa_cruz,General Membership,,Just exploring,call,Yelp,"Address: 937 Locust St, Santa Cruz, CA, 95060
How heard: Yelp",imported,1/28/1999,937 Locust St,Santa Cruz,CA,95060,2026-03-29T18:54:50.933464+00:00
Emerald Smith,,epfsmith17@gmail,(831) 234-4856,New,csv_import,santa_cruz,General Membership,,Just exploring,call,,"Address: 99 Mill Rd, Santa Cruz, CA, 95060",imported,10/11/1995,99 Mill Rd,Santa Cruz,CA,95060,2026-03-29T18:54:50.933464+00:00
Jordan Smith,,jcsmith09@gmail.com,(415) 342-4409,New,csv_import,santa_cruz,General Membership,,Just exploring,call,Neighbor,"Address: 754 Capitola Rd, Santa Cruz, CA, 95062
How heard: Neighbor",imported,6/13/1992,754 Capitola Rd,Santa Cruz,CA,95062,2026-03-29T18:54:50.933464+00:00
Benjamin Sihota,,,(925) 421-8158,New,csv_import,santa_cruz,General Membership,,Just exploring,call,UCSC Strength Club,"Address: 127 Bixby St, Santa Cruz, CA, 95060
How heard: UCSC Strength Club",imported,4/10/2000,127 Bixby St,Santa Cruz,CA,95060,2026-03-29T18:54:50.933464+00:00
Lacy Stassforth,,lstassforth@gmail.com,(805) 335-3299,New,csv_import,santa_cruz,General Membership,,Just exploring,call,online,"Address: 408 California St, Santa Cruz, CA, 95060
How heard: online",imported,4/21/2001,408 California St,Santa Cruz,CA,95060,2026-03-29T18:54:50.933464+00:00
Lia Sarjakoski,,liia.sarjakoski@gmail.com,(650) 276-9074,New,csv_import,santa_cruz,General Membership,,Just exploring,call,Google Maps,"Address: 147 Claremont Ter, Santa Cruz, CA, 95060
How heard: Google Maps",imported,6/18/1983,147 Claremont Ter,Santa Cruz,CA,95060,2026-03-29T18:54:50.933464+00:00
Naelle Stewart,,naellestewart33@gmail.com,(714) 680-9324,New,csv_import,santa_cruz,General Membership,,Just exploring,call,Longtime Brian Lee,"Address: 1308 Pacheco Ave., Santa Cruz, CA, 95062
How heard: Longtime Brian Lee",imported,1/11/1997,1308 Pacheco Ave.,Santa Cruz,CA,95062,2026-03-29T18:54:50.933464+00:00
Makai Schaefer,,makaiskim123@gmail.com,(831) 335-1369,New,csv_import,santa_cruz,General Membership,,Just exploring,call,Geoff,"Address: 140 Sells Dr, Santa Cruz, CA, 95060
How heard: Geoff",imported,5/30/2003,140 Sells Dr,Santa Cruz,CA,95060,2026-03-29T18:54:50.933464+00:00
Tim Silva,,tim.surf.secard@gmail.com,(831) 345-0602,New,csv_import,santa_cruz,General Membership,,Just exploring,call,Geoff Kahn,"Address: 3730 Floral Dr, Santa Cruz, CA, 95062
How heard: Geoff Kahn",imported,1/10/1961,3730 Floral Dr,Santa Cruz,CA,95062,2026-03-29T18:54:50.933464+00:00
Leonie Sherman,,compositos@hotmail.com,(831) 588-9545,New,csv_import,santa_cruz,General Membership,,Just exploring,call,Word of mouth,"Address: 2120 W. Pacific #35, Santa Cruz, CA, 95060
How heard: Word of mouth",imported,7/16/1972,2120 W. Pacific #35,Santa Cruz,CA,95060,2026-03-29T18:54:50.933464+00:00
Annabella Salacasi,,amsalacasi@gmail.com,(831) 278-6521,New,csv_import,santa_cruz,General Membership,,Just exploring,call,Instagram,"Address: 5692 Empire Grade, Santa Cruz, CA, 95060
How heard: Instagram",imported,1/23/1995,5692 Empire Grade,Santa Cruz,CA,95060,2026-03-29T18:54:50.933464+00:00
Lillian Sigrist,,lilllsigrist@gmail.com,(707) 696-2096,New,csv_import,santa_cruz,General Membership,,Just exploring,call,google maps?,"Address: 105 Sylvar Street, Santa Cruz, CA, 95060
How heard: google maps?",imported,9/3/2004,105 Sylvar Street,Santa Cruz,CA,95060,2026-03-29T18:54:50.933464+00:00
Caitlyn Saunders,,,(931) 515-9073,New,csv_import,santa_cruz,General Membership,,Just exploring,call,The Mea,"Address: 914 Adobada Ct, Santa Cruz, CA, 95062
How heard: The Mea",imported,3/20/1990,914 Adobada Ct,Santa Cruz,CA,95062,2026-03-29T18:54:50.933464+00:00
Connor Spencer,,connor@spencer.page,(303) 641-2893,New,csv_import,santa_cruz,General Membership,,Just exploring,call,"""Google: """"barbell gym Santa Cruz""""""","Address: 135 Sylvit Lane, Santa Cruz, CA, 95060
How heard: ""Google: """"barbell gym Santa Cruz""""""",imported,2/23/1996,135 Sylvit Lane,Santa Cruz,CA,95060,2026-03-29T18:54:50.933464+00:00
Kaitlin Seigle,,heybull777@yahoo.com,(831) 426-6676,New,csv_import,santa_cruz,General Membership,,Just exploring,call,Drive By,"Address: 720 Under St, Santa Cruz, CA, 95062
How heard: Drive By",imported,4/28/2005,720 Under St,Santa Cruz,CA,95062,2026-03-29T18:54:50.933464+00:00
Anna Shipsey,,tikapost@gmail.com,(935) 902-1160,New,csv_import,santa_cruz,General Membership,,Just exploring,call,Kat Cipad,"Address: 255 Post Ln, Santa Cruz, CA, 95065
How heard: Kat Cipad",imported,4/14/1989,255 Post Ln,Santa Cruz,CA,95065,2026-03-29T18:54:50.933464+00:00
Courtenay Sau Hudin Ahmed,,courtenay4@gmail.com,(831) 201-9225,New,csv_import,santa_cruz,General Membership,,Just exploring,call,Instagram,"Address: 404 High St, Santa Cruz, CA, 95060
How heard: Instagram",imported,11/30/1999,404 High St,Santa Cruz,CA,95060,2026-03-29T18:54:50.933464+00:00
Eric Schmitt,,schmittj42@gmail.com,(531) 332-1495,New,csv_import,santa_cruz,General Membership,,Just exploring,call,Naming,"Address: 916 Cayuga St, Santa Cruz, CA, 95062
How heard: Naming",imported,5/1/1973,916 Cayuga St,Santa Cruz,CA,95062,2026-03-29T18:54:50.933464+00:00
Melinda Salazar,,melinda.salazar@gmail.com,(303) 868-9920,New,csv_import,santa_cruz,General Membership,,Just exploring,call,,"Address: 4799 Smith Grade, Santa Cruz, CA, 95060",imported,6/30/2017,4799 Smith Grade,Santa Cruz,CA,95060,2026-03-29T18:54:50.933464+00:00
CHRIS STACK,,cstackfds@gmail.com,(732) 570-6938,New,csv_import,santa_cruz,General Membership,,Just exploring,call,Walk like to sign up/Medgen,"Address: 41 GRANDVIEW ST. UNIT 406, SANTA CRUZ, CA, 96150
How heard: Walk like to sign up/Medgen",imported,12/23/1985,41 GRANDVIEW ST. UNIT 406,SANTA CRUZ,CA,96150,2026-03-29T18:54:50.933464+00:00
SAGE SAVAGE,,sage123savage@gmail.com,(702) 274-8876,New,csv_import,santa_cruz,General Membership,,Just exploring,call,,"Address: 875 41st AVE, SANTA CRUZ, CA, 95062",imported,10/21/1982,875 41st AVE,SANTA CRUZ,CA,95062,2026-03-29T18:54:50.933464+00:00
Perry Smith,,perry.smith7934@gmail.com,(919) 740-9937,New,csv_import,santa_cruz,General Membership,,Just exploring,call,,"Address: 142 LAURENT ST, Santa Cruz, CA, 95060",imported,3/22/1967,142 LAURENT ST,Santa Cruz,CA,95060,2026-03-29T18:54:50.933464+00:00
Kari Schratz,,karischratz@yahoo.com,(831) 588-6170,New,csv_import,santa_cruz,General Membership,,Just exploring,call,,"Address: 1170 CHANTICLEER AVE, SANTA CRUZ, CA, 95062",imported,2/20/1961,1170 CHANTICLEER AVE,SANTA CRUZ,CA,95062,2026-03-29T18:54:50.933464+00:00
Sebastien Sommer,,sebastienpele@yahoo.com,(821) 239-3356,New,csv_import,santa_cruz,General Membership,,Just exploring,call,Norine,"Address: 114 Wonda Court, Santa Cruz, CA, 95065
How heard: Norine",imported,8/6/1997,114 Wonda Court,Santa Cruz,CA,95065,2026-03-29T18:54:50.933464+00:00
Tyler Sano,,tysano90@gmail.com,(209) 777-1708,New,csv_import,santa_cruz,General Membership,,Just exploring,call,Fall Classic 2017 advertising,"Address: 1264 Green Acres Court, Santa Cruz, CA, 95062
How heard: Fall Classic 2017 advertising",imported,4/11/1990,1264 Green Acres Court,Santa Cruz,CA,95062,2026-03-29T18:54:50.933464+00:00
Danielle Meidan,,daniellemeidan@gmail.com,(818) 401-3805,New,csv_import,santa_cruz,General Membership,,Just exploring,call,friend,"Address: 505 Walnut Ave, Santa Cruz, CA, 95060
How heard: friend",imported,2/15/1993,505 Walnut Ave,Santa Cruz,CA,95060,2026-03-29T18:54:50.933464+00:00
Jennifer Miranda,,jmmiranda002@gmail.com,(323) 203-6817,New,csv_import,santa_cruz,General Membership,,Just exploring,call,Friend,"Address: 153 Chestnut St, Santa Cruz, CA, 95060
How heard: Friend",imported,6/13/2002,153 Chestnut St,Santa Cruz,CA,95060,2026-03-29T18:54:50.933464+00:00
MIKAELL MENDEZ,,mikaell2@gmail.com,(510) 612-9445,New,csv_import,santa_cruz,General Membership,,Just exploring,call,Internet,"Address: 217 32nd Ave, Santa Cruz, CA, 95062
How heard: Internet",imported,5/12/1987,217 32nd Ave,Santa Cruz,CA,95062,2026-03-29T18:54:50.933464+00:00
Julie Minitz,,julieminitz@gmail.com,(331) 538-2589,New,csv_import,santa_cruz,General Membership,,Just exploring,call,Nice Meisser,"Address: 314 Plateau Ave, Santa Cruz, CA, 95060
How heard: Nice Meisser",imported,6/24/2006,314 Plateau Ave,Santa Cruz,CA,95060,2026-03-29T18:54:50.933464+00:00
Graham Miller,,graham.e@usc.edu,(949) 547-2713,New,csv_import,santa_cruz,General Membership,,Just exploring,call,MONISAH (friend),"Address: 313 Trexony St, Santa Cruz, CA, 95060
How heard: MONISAH (friend)",imported,1/6/2000,313 Trexony St,Santa Cruz,CA,95060,2026-03-29T18:54:50.933464+00:00
JEN MELCHOR,,jlmelchor@gmail.com,(909) 910-7753,New,csv_import,santa_cruz,General Membership,,Just exploring,call,CHARLOTTE (FRIEND),"Address: 412 Hickman Ct, SANTA CRUZ, CA, 95062
How heard: CHARLOTTE (FRIEND)",imported,12/28/1990,412 Hickman Ct,SANTA CRUZ,CA,95062,2026-03-29T18:54:50.933464+00:00
Kai Manzo,,kaiscottmanzo@gmail.com,(831) 230-9179,New,csv_import,santa_cruz,General Membership,,Just exploring,call,From a friend,"Address: 207 Highland, Santa Cruz, CA, 95060
How heard: From a friend",imported,2/10/2006,207 Highland,Santa Cruz,CA,95060,2026-03-29T18:54:50.933464+00:00
Max Newstead,,max @ newstead.org,(707) 969-7629,New,csv_import,santa_cruz,General Membership,,Just exploring,call,Alumni,"Address: 911 Chestnut St., Santa Cruz, CA, 95060
How heard: Alumni",imported,6/8/2002,911 Chestnut St.,Santa Cruz,CA,95060,2026-03-29T18:54:50.933464+00:00
Hayley Malmin,,hayleyhunterfitness@gmail.com,(831) 312-0378,New,csv_import,santa_cruz,General Membership,,Just exploring,call,"""Michael, Cat, Lisa""","Address: 257 Vista Delaveaga, Santa Cruz, CA, 95065
How heard: ""Michael, Cat, Lisa""",imported,9/24/1981,257 Vista Delaveaga,Santa Cruz,CA,95065,2026-03-29T18:54:50.933464+00:00
Collin McColl,,c.mccoll@gmail.com,(916) 390-2080,New,csv_import,santa_cruz,General Membership,,Just exploring,call,Friend,"Address: 122 Plant Terrace, Santa Cruz, CA, 95060
How heard: Friend",imported,8/9/2001,122 Plant Terrace,Santa Cruz,CA,95060,2026-03-29T18:54:50.933464+00:00
Joshua Mull,,llumj@me.com,(614) 208-6132,New,csv_import,santa_cruz,General Membership,,Just exploring,call,Web,"Address: 100 La Canada Way, Santa Cruz, CA, 95060
How heard: Web",imported,3/22/1991,100 La Canada Way,Santa Cruz,CA,95060,2026-03-29T18:54:50.933464+00:00
Stacie Miller,,stacmiller.22@gmail.com,(408) 529-7606,New,csv_import,santa_cruz,General Membership,,Just exploring,call,Sarah Pulley,"Address: 524A Ocean View Ave, Santa Cruz, CA, 95062
How heard: Sarah Pulley",imported,2/2/1990,524A Ocean View Ave,Santa Cruz,CA,95062,2026-03-29T18:54:50.933464+00:00
Cameron Mayton,,cameronmayton325@gmail.com,(760) 880-5164,New,csv_import,santa_cruz,General Membership,,Just exploring,call,,"Address: 501 Cowell Service Rd., Santa Cruz, CA, 95064",imported,6/4/2002,501 Cowell Service Rd.,Santa Cruz,CA,95064,2026-03-29T18:54:50.933464+00:00
Margaret Mathes,,mamothes@gmail.com,(650) 995-7000,New,csv_import,santa_cruz,General Membership,,Just exploring,call,Internet,"Address: 707 Pelton, Santa Cruz, CA, 95060
How heard: Internet",imported,8/14/1975,707 Pelton,Santa Cruz,CA,95060,2026-03-29T18:54:50.933464+00:00
Toshiya Miyatsu,,toshiya.miyatsu@gmail.com,(562) 492-4651,New,csv_import,santa_cruz,General Membership,,Just exploring,call,Google,"Address: 704 Graham Hill Rd., Santa Cruz, CA, 95060
How heard: Google",imported,7/20/1982,704 Graham Hill Rd.,Santa Cruz,CA,95060,2026-03-29T18:54:50.933464+00:00
Duncan M. MacEwan,,moveducksauce@yahoo.com,(831) 227-9629,New,csv_import,santa_cruz,General Membership,,Just exploring,call,Jeff,"Address: 160 Park Place #5, Santa Cruz, CA, 95060
How heard: Jeff",imported,2/17/1980,160 Park Place #5,Santa Cruz,CA,95060,2026-03-29T18:54:50.933464+00:00
Nadine Head-Gordon,,nheadgordon@gmail.com,(925) 285-8319,New,csv_import,santa_cruz,General Membership,,Just exploring,call,online,"Address: 4585 cherryvale Rd, santa cruz, CA
How heard: online",imported,1/23/1993,4585 cherryvale Rd,santa cruz,CA,,2026-03-29T18:54:50.933464+00:00
Vanessa Murray,,vanessamurray1599@gmail.com,(951) 239-2507,New,csv_import,santa_cruz,General Membership,,Just exploring,call,Searched you up on the internet!,"Address: 324 Mountain View Ave. Apt. 7, Santa Cruz, CA, 95062
How heard: Searched you up on the internet!",imported,2/9/1999,324 Mountain View Ave. Apt. 7,Santa Cruz,CA,95062,2026-03-29T18:54:50.933464+00:00
Monisah Mehtabuddin,,monisah_232@gmail.com,(510) 301-6257,New,csv_import,santa_cruz,General Membership,,Just exploring,call,Friend,"Address: 322 TRESCONY ST #A, Santa Cruz, CA, 95060
How heard: Friend",imported,10/19/2000,322 TRESCONY ST #A,Santa Cruz,CA,95060,2026-03-29T18:54:50.933464+00:00
Ryan Meoni,,rmeoni@ucsc.edu,(619) 884-9791,New,csv_import,santa_cruz,General Membership,,Just exploring,call,,"Address: 373 Weston Dr. Ap. M, Santa Cruz, CA, 95060",imported,5/19/1997,373 Weston Dr. Ap. M,Santa Cruz,CA,95060,2026-03-29T18:54:50.933464+00:00
Trevor Merritt,,tmerritt910@gmail.com,(360) 505-8539,New,csv_import,santa_cruz,General Membership,,Just exploring,call,MARISSA HUR,"Address: 316 Poplar Ave, Santa Cruz, CA, 95060
How heard: MARISSA HUR",imported,9/10/1993,316 Poplar Ave,Santa Cruz,CA,95060,2026-03-29T18:54:50.933464+00:00
Harry J. Magee,,hmagee5@gmail.com,(715) 344-7674,New,csv_import,santa_cruz,General Membership,,Just exploring,call,Internet search,"Address: 176 West Cliff Drive, Santa Cruz, CA, 95060
How heard: Internet search",imported,4/25/1956,176 West Cliff Drive,Santa Cruz,CA,95060,2026-03-29T18:54:50.933464+00:00
Betsy McCarty,,betsy2@baymoon.com,(831) 566-3982,New,csv_import,santa_cruz,General Membership,,Just exploring,call,From Trainer Dali,"Address: 1333 N Branciforte Dr, Santa Cruz, CA, 95065
How heard: From Trainer Dali",imported,7/28/1939,1333 N Branciforte Dr,Santa Cruz,CA,95065,2026-03-29T18:54:50.933464+00:00
Cara Munro,,c.munro@gmail.com,(217) 778-0100,New,csv_import,santa_cruz,General Membership,,Just exploring,call,Cora Connor,"Address: 170 Everson Dr., Santa Cruz, CA, 95060
How heard: Cora Connor",imported,5/8/2001,170 Everson Dr.,Santa Cruz,CA,95060,2026-03-29T18:54:50.933464+00:00
Anton Mal Kam,,antonh@mac.com,(408) 829-0968,New,csv_import,santa_cruz,General Membership,,Just exploring,call,Google,"Address: 106 Highland Way, Santa Cruz, CA, 95064
How heard: Google",imported,9/25/1993,106 Highland Way,Santa Cruz,CA,95064,2026-03-29T18:54:50.933464+00:00
Bryant Mohan,,bryant976@gmail.com,(518) 468-4483,New,csv_import,santa_cruz,General Membership,,Just exploring,call,google search,"Address: 157 Franklin St. #11, Santa Cruz, CA, 95060
How heard: google search",imported,6/15/1997,157 Franklin St. #11,Santa Cruz,CA,95060,2026-03-29T18:54:50.933464+00:00
Cameron Maxton,,cameronmaxton32@gmail.com,(760) 880-5104,New,csv_import,santa_cruz,General Membership,,Just exploring,call,Friend,"Address: 727 My Via Pizzeria, Santa Cruz, CA, 95060
How heard: Friend",imported,6/4/2002,727 My Via Pizzeria,Santa Cruz,CA,95060,2026-03-29T18:54:50.933464+00:00
Hugh Marshall,,hughmarshall@gmail.com,(858) 997-5775,New,csv_import,santa_cruz,General Membership,,Just exploring,call,Clout,"Address: 707 Pelton Ave., Santa Cruz, CA, 95060
How heard: Clout",imported,1/25/1993,707 Pelton Ave.,Santa Cruz,CA,95060,2026-03-29T18:54:50.933464+00:00
John Minnick,,jrminnic@ucsc.edu,(301) 639-2224,New,csv_import,santa_cruz,General Membership,,Just exploring,call,Online Research,"Address: 415 Dubois Street, Santa Cruz, CA, 95060
How heard: Online Research",imported,12/23/1997,415 Dubois Street,Santa Cruz,CA,95060,2026-03-29T18:54:50.933464+00:00
BRIAN MCINTYRE,,brian.macs6@me.com,(510) 648-5112,New,csv_import,santa_cruz,General Membership,,Just exploring,call,INTERNET,"Address: 391 WINTER CREEK RD, Santa Cruz, CA, 95060
How heard: INTERNET",imported,11/14/1956,391 WINTER CREEK RD,Santa Cruz,CA,95060,2026-03-29T18:54:50.933464+00:00
Madison Murphy,,mimurphy5151@gmail.com,(831) 239-6405,New,csv_import,santa_cruz,General Membership,,Just exploring,call,SCDG,"Address: 5042 WinVale Ave, Santa Cruz, CA, 95062
How heard: SCDG",imported,2/22/1996,5042 WinVale Ave,Santa Cruz,CA,95062,2026-03-29T18:54:50.933464+00:00
Molly Maahan,,mollymaahan@gmail.com,(860) 329-7054,New,csv_import,santa_cruz,General Membership,,Just exploring,call,Ben Fischer!,"Address: 225 Buena Vista Ave, Santa Cruz, CA, 95062
How heard: Ben Fischer!",imported,12/13/1993,225 Buena Vista Ave,Santa Cruz,CA,95062,2026-03-29T18:54:50.933464+00:00
Douglas McKinley,,douglasnmckinley@gmail.com,(925) 528-9620,New,csv_import,santa_cruz,General Membership,,Just exploring,call,Online,"Address: 100 Jewell St., Santa Cruz, CA, 95060
How heard: Online",imported,2/12/1994,100 Jewell St.,Santa Cruz,CA,95060,2026-03-29T18:54:50.933464+00:00
Sabrina Miller,,sabrina@srellim.net,(831) 337-3061,New,csv_import,santa_cruz,General Membership,,Just exploring,call,Friends,"Address: 203 Kalkar Dr, Santa Cruz, CA, 95060
How heard: Friends",imported,7/2/1998,203 Kalkar Dr,Santa Cruz,CA,95060,2026-03-29T18:54:50.933464+00:00
Zachary Miller,,zmiller@ucsd.edu,(831) 239-6769,New,csv_import,santa_cruz,General Membership,,Just exploring,call,Word of mouth,"Address: 203 Kalkar Drive, Santa Cruz, CA, 95060
How heard: Word of mouth",imported,8/30/2001,203 Kalkar Drive,Santa Cruz,CA,95060,2026-03-29T18:54:50.933464+00:00
Hannah Meyer,,hannahfern19@gmail.com,(916) 271-8815,New,csv_import,santa_cruz,General Membership,,Just exploring,call,google search,"Address: 272 SWANTON BLVD, Santa Cruz, CA, 95060
How heard: google search",imported,11/10/1995,272 SWANTON BLVD,Santa Cruz,CA,95060,2026-03-29T18:54:50.933464+00:00
Gerardo Gonzalez Martinez,,gregonzalez98@gmail.com,(831) 428-6819,New,csv_import,santa_cruz,General Membership,,Just exploring,call,Google,"Address: 201 Riverside Ave, Santa Cruz, CA, 94060
How heard: Google",imported,12/3/1998,201 Riverside Ave,Santa Cruz,CA,94060,2026-03-29T18:54:50.933464+00:00
Quinlan Miller,,qbm@mac.com,(510) 317-9700,New,csv_import,santa_cruz,General Membership,,Just exploring,call,Internet,"Address: Stevenson College UCSC, Santa Cruz, CA, 95064
How heard: Internet",imported,5/7/1999,Stevenson College UCSC,Santa Cruz,CA,95064,2026-03-29T18:54:50.933464+00:00
Thomas Murphy,,pipesmurphy@gmail,(707) 779-9969,New,csv_import,santa_cruz,General Membership,,Just exploring,call,,"Address: 133 Felix, Santa Cruz, CA, 95060",imported,2/16/1995,133 Felix,Santa Cruz,CA,95060,2026-03-29T18:54:50.933464+00:00
Thomas Murphy,,pipcrmuspmny@gmail.com,(707) 779-9964,New,csv_import,santa_cruz,General Membership,,Just exploring,call,online,"Address: 133 Felix St, Santa Cruz, CA, 95060
How heard: online",imported,2/16/1995,133 Felix St,Santa Cruz,CA,95060,2026-03-29T18:54:50.933464+00:00
Casey Marshall,,,(831) 428-2405,New,csv_import,santa_cruz,General Membership,,Just exploring,call,,"Address: 1290 Bay St, Santa Cruz, CA, 95060",imported,4/21/1979,1290 Bay St,Santa Cruz,CA,95060,2026-03-29T18:54:50.933464+00:00
Dillon Magee,,dillonmagee@gmail.com,(650) 229-4001,New,csv_import,santa_cruz,General Membership,,Just exploring,call,location tags on Instagram,"Address: 103 Green Street, Santa Cruz, CA, 95060
How heard: location tags on Instagram",imported,5/12/1997,103 Green Street,Santa Cruz,CA,95060,2026-03-29T18:54:50.933464+00:00
Hugh Marshall,,hghmarsha@ucsc.edu,(858) 997-5775,New,csv_import,santa_cruz,General Membership,,Just exploring,call,Tyler Reed,"Address: 115 Felix St., Santa Cruz, CA, 95060
How heard: Tyler Reed",imported,1/25/1993,115 Felix St.,Santa Cruz,CA,95060,2026-03-29T18:54:50.933464+00:00
Juliana Nzongo,,jnzongo@ucsc.edu,(925) 518-9270,New,csv_import,santa_cruz,General Membership,,Just exploring,call,COREY Fromille,"Address: 424 GEARY STREET, Santa Cruz, CA, 95062
How heard: COREY Fromille",imported,11/11/1989,424 GEARY STREET,Santa Cruz,CA,95062,2026-03-29T18:54:50.933464+00:00
VIKAS PEDDU,,vikas.peddu.4@gmail.com,(347) 406-4474,New,csv_import,santa_cruz,General Membership,,Just exploring,call,GOOGLE SEARCH,"Address: 1440 Vernon St apt#6, Santa Cruz, CA, 95060
How heard: GOOGLE SEARCH",imported,12/11/1996,1440 Vernon St apt#6,Santa Cruz,CA,95060,2026-03-29T18:54:50.933464+00:00
NIALL KEOH,,desirealove@gmail.com,(331) 535-8745,New,csv_import,santa_cruz,General Membership,,Just exploring,call,HERB,"Address: 155 JOSEPHINE st., Santa Cruz, CA, 95060
How heard: HERB",imported,8/12/1982,155 JOSEPHINE st.,Santa Cruz,CA,95060,2026-03-29T18:54:50.933464+00:00
Staunton Sample,,stauntonsample@gmail.com,(318) 464-7024,New,csv_import,santa_cruz,General Membership,,Just exploring,call,,"Address: 111 Alta Ave, Santa Cruz, CA, 95060",imported,11/28/1983,111 Alta Ave,Santa Cruz,CA,95060,2026-03-29T18:54:50.933464+00:00
CHRIS STACK,,cstack802@gmail.com,(732) 570-6938,New,csv_import,santa_cruz,General Membership,,Just exploring,call,,"Address: 41 GRANDVIEW ST. UNIT 406, SANTA CRUZ, CA, 96150",imported,12/23/1985,41 GRANDVIEW ST. UNIT 406,SANTA CRUZ,CA,96150,2026-03-29T18:54:50.933464+00:00
Sebastien Sommer,,sebastienpete@yahoo.com,(831) 239-3356,New,csv_import,santa_cruz,General Membership,,Just exploring,call,Norine,"Address: 114 Wanda Court, Santa Cruz, CA, 95065
How heard: Norine",imported,8/6/1997,114 Wanda Court,Santa Cruz,CA,95065,2026-03-29T18:54:50.933464+00:00
Tyler Sano,,tysano96@gmail.com,(209) 777-1703,New,csv_import,santa_cruz,General Membership,,Just exploring,call,Fall Classic 2017 advertising,"Address: 1264 Green Acres Court, Santa Cruz, CA, 95062
How heard: Fall Classic 2017 advertising",imported,4/11/1996,1264 Green Acres Court,Santa Cruz,CA,95062,2026-03-29T18:54:50.933464+00:00
MIKHAEL MEMBERU,,mikhael2@gmail.com,(510) 612-9445,New,csv_import,santa_cruz,General Membership,,Just exploring,call,Internet,"Address: 717 32nd Ave, Santa Cruz, CA, 95062
How heard: Internet",imported,5/12/1983,717 32nd Ave,Santa Cruz,CA,95062,2026-03-29T18:54:50.933464+00:00
Julie Miritz,,juliemiritz@gmail.com,(831) 588-2589,New,csv_import,santa_cruz,General Membership,,Just exploring,call,Nick Meisser,"Address: 314 Plateau Ave, Santa Cruz, CA, 95060
How heard: Nick Meisser",imported,6/24/2006,314 Plateau Ave,Santa Cruz,CA,95060,2026-03-29T18:54:50.933464+00:00
Graham Miller,,gremille@ucsc.edu,(949) 547-2713,New,csv_import,santa_cruz,General Membership,,Just exploring,call,MONISAH (Friend),"Address: 313 Trescony St., Santa Cruz, CA, 95060
How heard: MONISAH (Friend)",imported,1/6/2000,313 Trescony St.,Santa Cruz,CA,95060,2026-03-29T18:54:50.933464+00:00
JEN MELCHOR,,email.jmelchor@gmail.com,(909) 910-7753,New,csv_import,santa_cruz,General Membership,,Just exploring,call,CHARLOTTE! (FRIEND),"Address: 412 HICKMAN CT, SANTA CRUZ, CA, 95062
How heard: CHARLOTTE! (FRIEND)",imported,12/28/1990,412 HICKMAN CT,SANTA CRUZ,CA,95062,2026-03-29T18:54:50.933464+00:00
Max Newstead,,max@newstead.org,(707) 969-7629,New,csv_import,santa_cruz,General Membership,,Just exploring,call,Aaron,"Address: 511 Chestnut St., Santa Cruz, CA, 95060
How heard: Aaron",imported,6/3/2002,511 Chestnut St.,Santa Cruz,CA,95060,2026-03-29T18:54:50.933464+00:00
Collin McColl,,2001cnote@gmail.com,(916) 390-2080,New,csv_import,santa_cruz,General Membership,,Just exploring,call,Friend,"Address: 122 Peach Terrace, Santa Cruz, CA, 95060
How heard: Friend",imported,8/19/2001,122 Peach Terrace,Santa Cruz,CA,95060,2026-03-29T18:54:50.933464+00:00
Cameron Mayten,,cameronmayten32@gmail.com,(760) 880-5164,New,csv_import,santa_cruz,General Membership,,Just exploring,call,,"Address: 501 Lowell Service Rd., Santa Cruz, CA, 95064",imported,6/4/2002,501 Lowell Service Rd.,Santa Cruz,CA,95064,2026-03-29T18:54:50.933464+00:00
Margaret Mathes,,mamathes@gmail.com,(650) 795-7000,New,csv_import,santa_cruz,General Membership,,Just exploring,call,Internet,"Address: 707 Pelton 105P, Santa Cruz, CA, 95060
How heard: Internet",imported,8/14/1975,707 Pelton 105P,Santa Cruz,CA,95060,2026-03-29T18:54:50.933464+00:00
Monisah Mehtabuddin,,monisah232@gmail.com,(510) 303-5257,New,csv_import,santa_cruz,General Membership,,Just exploring,call,Friend,"Address: 322 TRESCONY ST #A, SANTA CRUZ, CA, 95060
How heard: Friend",imported,10/19/2000,322 TRESCONY ST #A,SANTA CRUZ,CA,95060,2026-03-29T18:54:50.933464+00:00
Cara Munro,,cmomunro@gmail.com,(217) 778-0100,New,csv_import,santa_cruz,General Membership,,Just exploring,call,Can Conour,"Address: 170 Everson Dr., Santa Cruz, CA, 95060
How heard: Can Conour",imported,5/8/2001,170 Everson Dr.,Santa Cruz,CA,95060,2026-03-29T18:54:50.933464+00:00
Anton Mal Kami,,antonbf@mac.com,(408) 829-0968,New,csv_import,santa_cruz,General Membership,,Just exploring,call,Google,"Address: 106 Koshland Way, Santa Cruz, CA, 95064
How heard: Google",imported,9/25/1993,106 Koshland Way,Santa Cruz,CA,95064,2026-03-29T18:54:50.933464+00:00
Hugh Marshall,,hgmarsha@gmail.com,(858) 997-5775,New,csv_import,santa_cruz,General Membership,,Just exploring,call,Clout,"Address: 707 Pelton Ave., Santa Cruz, CA, 95060
How heard: Clout",imported,1/25/1993,707 Pelton Ave.,Santa Cruz,CA,95060,2026-03-29T18:54:50.933464+00:00
Brian McIntyre,,brian.mac56@me.com,(510) 648-5112,New,csv_import,santa_cruz,General Membership,,Just exploring,call,INTERNET,"Address: 391 Winter Creek Rd, Santa Cruz, CA, 95060
How heard: INTERNET",imported,11/14/1956,391 Winter Creek Rd,Santa Cruz,CA,95060,2026-03-29T18:54:50.933464+00:00
Madison Murphy,,emimurphy5151@gmail.com,(831) 239-6405,New,csv_import,santa_cruz,General Membership,,Just exploring,call,SCDG,"Address: 5042 Winkle Ave, Santa Cruz, CA, 95062
How heard: SCDG",imported,2/22/1996,5042 Winkle Ave,Santa Cruz,CA,95062,2026-03-29T18:54:50.933464+00:00
Molly Meehan,,mollyfmeehan@gmail.com,(860) 329-7054,New,csv_import,santa_cruz,General Membership,,Just exploring,call,Ben Fischers!,"Address: 225 Buena Vista Ave Apt 1, Santa Cruz, CA, 95062
How heard: Ben Fischers!",imported,12/13/1993,225 Buena Vista Ave Apt 1,Santa Cruz,CA,95062,2026-03-29T18:54:50.933464+00:00
Douglas McKinley,,douglasamckinley@gmail.com,(925) 528-4620,New,csv_import,santa_cruz,General Membership,,Just exploring,call,Online,"Address: 100 Jewell St., Santa Cruz, CA, 95060
How heard: Online",imported,2/12/1994,100 Jewell St.,Santa Cruz,CA,95060,2026-03-29T18:54:50.933464+00:00
Zachary Miller,,zmiller@ucsc.edu,(831) 239-6269,New,csv_import,santa_cruz,General Membership,,Just exploring,call,Word of mouth,"Address: 203 Kalkar Drive, Santa Cruz, CA, 95060
How heard: Word of mouth",imported,8/30/2001,203 Kalkar Drive,Santa Cruz,CA,95060,2026-03-29T18:54:50.933464+00:00
Thomas Murphy,,pipesmurphy@gmail.com,(707) 779-9464,New,csv_import,santa_cruz,General Membership,,Just exploring,call,,"Address: 133 felix, Santa Cruz, CA, 95060",imported,2/16/1995,133 felix,Santa Cruz,CA,95060,2026-03-29T18:54:50.933464+00:00
Thomas Murphy,,pipermurphy@gmail.com,(707) 779-9964,New,csv_import,santa_cruz,General Membership,,Just exploring,call,online,"Address: 133 Felix St, Santa Cruz, CA, 95060
How heard: online",imported,2/16/1995,133 Felix St,Santa Cruz,CA,95060,2026-03-29T18:54:50.933464+00:00
Casey Marshall,,,(831) 428-2405,New,csv_import,santa_cruz,General Membership,,Just exploring,call,,"Address: 1240 Bay St, Santa Cruz, CA, 95060",imported,4/21/1979,1240 Bay St,Santa Cruz,CA,95060,2026-03-29T18:54:50.933464+00:00
VIKAS PEDDU,,vikas.peddu@gmail.com,(347) 406-4474,New,csv_import,santa_cruz,General Membership,,Just exploring,call,Google,"Address: 140 Vernon St apt #6, Santa Cruz, CA, 95060
How heard: Google",imported,12/11/1996,140 Vernon St apt #6,Santa Cruz,CA,95060,2026-03-29T18:54:50.933464+00:00
NIALL KEOGH,,desirealone@gmail.com,(831) 535-8743,New,csv_import,santa_cruz,General Membership,,Just exploring,call,HERB,"Address: 153 JOSEPHINE ST., SANTA CRUZ, CA, 95060
How heard: HERB",imported,9/12/1982,153 JOSEPHINE ST.,SANTA CRUZ,CA,95060,2026-03-29T18:54:50.933464+00:00
Tea Nagbe,,msnagbe@gmail.com,(831) 332-9733,New,csv_import,santa_cruz,General Membership,,Just exploring,call,,"Address: 119 DAKE AVE, SANTA CRUZ, CA, 95062",imported,4/25/1998,119 DAKE AVE,SANTA CRUZ,CA,95062,2026-03-29T18:54:50.933464+00:00
Keith Nesbitt,,knesbittmusic@gmail.com,(925) 428-1205,New,csv_import,santa_cruz,General Membership,,Just exploring,call,Google,"Address: 153 Franklin St., Santa Cruz, CA, 95060
How heard: Google",imported,11/25/1991,153 Franklin St.,Santa Cruz,CA,95060,2026-03-29T18:54:50.933464+00:00
Dan Noviski,,dnoviski@gmail.com,(440) 856-6927,New,csv_import,santa_cruz,General Membership,,Just exploring,call,Online / walkthrough,"Address: ""1010 Pacific Ave, 224"", Santa Cruz, CA, 95060
How heard: Online / walkthrough",imported,10/31/1991,"""1010 Pacific Ave, 224""",Santa Cruz,CA,95060,2026-03-29T18:54:50.933464+00:00
Stephanie Nunes,,snunes@comcast.net,(831) 345-8340,New,csv_import,santa_cruz,General Membership,,Just exploring,call,Danny,"Address: 2250 Glen Canyon Rd., Santa Cruz, CA, 95060
How heard: Danny",imported,8/19/1966,2250 Glen Canyon Rd.,Santa Cruz,CA,95060,2026-03-29T18:54:50.933464+00:00
Jason Nevin,,jnevenev@yahoo.com,(831) 588-8905,New,csv_import,santa_cruz,General Membership,,Just exploring,call,,"Address: 1770 Esperanza Ct., Santa Cruz, CA, 95062",imported,11/1/1974,1770 Esperanza Ct.,Santa Cruz,CA,95062,2026-03-29T18:54:50.933464+00:00
Hilary Nihlen,,hilarynihlen@gmail.com,(805) 573-0909,New,csv_import,santa_cruz,General Membership,,Just exploring,call,,"Address: 499 Vine Hill Rd, Santa Cruz, CA, 95065",imported,9/6/1983,499 Vine Hill Rd,Santa Cruz,CA,95065,2026-03-29T18:54:50.933464+00:00
Jeremy Nelson,,jeremynel831@gmail.com,(831) 251-2220,New,csv_import,santa_cruz,General Membership,,Just exploring,call,Google!,"Address: 1040 River St #322, Santa Cruz, CA, 95060
How heard: Google!",imported,8/23/1994,1040 River St #322,Santa Cruz,CA,95060,2026-03-29T18:54:50.933464+00:00
Amy Orlandi,,amyorlandi@gmail.com,(415) 656-7479,New,csv_import,santa_cruz,General Membership,,Just exploring,call,MD,"Address: 1100 DELAWARE AVE, SANTA CRUZ, CA, 95065
How heard: MD",imported,7/23/1983,1100 DELAWARE AVE,SANTA CRUZ,CA,95065,2026-03-29T18:54:50.933464+00:00
Annie Otfinoski,,annie.clair.o@gmail.com,(860) 510-1413,New,csv_import,santa_cruz,General Membership,,Just exploring,call,Insta,"Address: 22625 E Cliff Dr., Santa Cruz, CA, 95062
How heard: Insta",imported,1/21/1994,22625 E Cliff Dr.,Santa Cruz,CA,95062,2026-03-29T18:54:50.933464+00:00
Manuel Ortega,,manuelortega247@gmail.com,(831) 435-0761,New,csv_import,santa_cruz,General Membership,,Just exploring,call,Friend (trainer) recommendation,"Address: 500 Lago Ln, Santa Cruz, CA, 95062
How heard: Friend (trainer) recommendation",imported,12/22/1997,500 Lago Ln,Santa Cruz,CA,95062,2026-03-29T18:54:50.933464+00:00
Ivette Chueco,,ivetteosanchez@gmail.com,(619) 513-3741,New,csv_import,santa_cruz,General Membership,,Just exploring,call,,"Address: 405 Koshland way, Santa Cruz, CA, 95064",imported,5/24/1995,405 Koshland way,Santa Cruz,CA,95064,2026-03-29T18:54:50.933464+00:00
Aurora O'Greenfield,,aagreenf@ucsc.edu,(707) 391-9863,New,csv_import,santa_cruz,General Membership,,Just exploring,call,Friend,"Address: 501 Cowell Service Rd #145, Santa Cruz, CA, 95060
How heard: Friend",imported,2/16/1997,501 Cowell Service Rd #145,Santa Cruz,CA,95060,2026-03-29T18:54:50.933464+00:00
Conor O'Sullivan,,conoro184@gmail.com,(408) 364-6677,New,csv_import,santa_cruz,General Membership,,Just exploring,call,Anchored S&G,"Address: 804 Riverside Ave, Santa Cruz, CA, 95060
How heard: Anchored S&G",imported,12/6/1988,804 Riverside Ave,Santa Cruz,CA,95060,2026-03-29T18:54:50.933464+00:00
Lauren E O'Brien,,postrequest@gmail.com,(408) 656-1800,New,csv_import,santa_cruz,General Membership,,Just exploring,call,,"Address: 343 Alamo Ave, Santa Cruz, CA, 95060",imported,11/1/1986,343 Alamo Ave,Santa Cruz,CA,95060,2026-03-29T18:54:50.933464+00:00
Doug Owen,,dougowen105@gmail.com,(831) 566-0676,New,csv_import,santa_cruz,General Membership,,Just exploring,call,"""Ren Schmidt, Action Chiropractic""","Address: 105 Sunnyslope Court, Santa Cruz, CA, 95060
How heard: ""Ren Schmidt, Action Chiropractic""",imported,6/10/1942,105 Sunnyslope Court,Santa Cruz,CA,95060,2026-03-29T18:54:50.933464+00:00
Desiree Phillips,,desireeloveslife@yahoo.com,(831) 239-1943,New,csv_import,santa_cruz,General Membership,,Just exploring,call,,"Address: Palisades Ave, Santa Cruz, CA, 95062",imported,,Palisades Ave,Santa Cruz,CA,95062,2026-03-29T18:54:50.933464+00:00
Jesse Pfister,,jesseryanpfister@gmail.com,(208) 215-9386,New,csv_import,santa_cruz,General Membership,,Just exploring,call,Website,"Address: 260 Moore St, Santa Cruz, CA, 95060
How heard: Website",imported,4/22/1990,260 Moore St,Santa Cruz,CA,95060,2026-03-29T18:54:50.933464+00:00
Zahra Petiwala,,zahrapetiwala@gmail.com,(737) 287-4389,New,csv_import,santa_cruz,General Membership,,Just exploring,call,Friends,"Address: 501 Cowell Service Rd, Santa Cruz, Ca, 95064
How heard: Friends",imported,9/22/2002,501 Cowell Service Rd,Santa Cruz,Ca,95064,2026-03-29T18:54:50.933464+00:00
Adrian Parrares,,aparra@gmail.com,(916) 512-7919,New,csv_import,santa_cruz,General Membership,,Just exploring,call,Ronan,"Address: 709 Mission St., Santa Cruz, CA, 95060
How heard: Ronan",imported,6/3/2000,709 Mission St.,Santa Cruz,CA,95060,2026-03-29T18:54:50.933464+00:00
Richard Prince,,rprince@ucsc.edu,(510) 909-1172,New,csv_import,santa_cruz,General Membership,,Just exploring,call,Discord,"Address: 168 Peach Terrace, Santa Cruz, CA, 95391
How heard: Discord",imported,10/30/2001,168 Peach Terrace,Santa Cruz,CA,95391,2026-03-29T18:54:50.933464+00:00
Seth Phillips,,secphill@ucsc.edu,(615) 554-1724,New,csv_import,santa_cruz,General Membership,,Just exploring,call,google,"Address: 230 Oxford Way, Santa Cruz, CA, 95060
How heard: google",imported,5/4/1993,230 Oxford Way,Santa Cruz,CA,95060,2026-03-29T18:54:50.933464+00:00
Kianna Perez,,kiannamalia@yahoo.com,(831) 251-0360,New,csv_import,santa_cruz,General Membership,,Just exploring,call,,"Address: 3112 Dee St., Santa Cruz, CA, 95062",imported,2/19/1994,3112 Dee St.,Santa Cruz,CA,95062,2026-03-29T18:54:50.933464+00:00
Kyle Palmero,,islandfam1234@gmail.com,(847) 507-3015,New,csv_import,santa_cruz,General Membership,,Just exploring,call,Online,"Address: 1611 Branciforte Dr, Santa Cruz, CA, 95065
How heard: Online",imported,4/12/1989,1611 Branciforte Dr,Santa Cruz,CA,95065,2026-03-29T18:54:50.933464+00:00
Diego Picazo,,dpicazo9@yahoo.com,(831) 566-1085,New,csv_import,santa_cruz,General Membership,,Just exploring,call,Sarah Settle,"Address: 507 Park Way, Santa Cruz, CA, 95062
How heard: Sarah Settle",imported,7/18/2000,507 Park Way,Santa Cruz,CA,95062,2026-03-29T18:54:50.933464+00:00
John Pak,,johndpak@gmail.com,(831) 334-4404,New,csv_import,santa_cruz,General Membership,,Just exploring,call,,"Address: 861 Prospect hts, Santa Cruz, CA, 95065",imported,7/18/1963,861 Prospect hts,Santa Cruz,CA,95065,2026-03-29T18:54:50.933464+00:00
Chris Cheung,,ccheun11@ucsc.edu,(415) 419-6629,New,csv_import,santa_cruz,General Membership,,Just exploring,call,Friends & Online,"Address: 1725 Escalona Dr, Santa Cruz, CA, 95060
How heard: Friends & Online",imported,3/24/1997,1725 Escalona Dr,Santa Cruz,CA,95060,2026-03-29T18:54:50.933464+00:00
Thomas Crawford,,mattcrawford370@gmail.com,(916) 521-7410,New,csv_import,santa_cruz,General Membership,,Just exploring,call,Yelp,"Address: 434 Caledonia St., Santa Cruz, CA, 95062
How heard: Yelp",imported,6/15/1985,434 Caledonia St.,Santa Cruz,CA,95062,2026-03-29T18:54:50.933464+00:00
Mark Cieslikowski,,cieslikowski.mark@yahoo.com,(760) 485-5361,New,csv_import,santa_cruz,General Membership,,Just exploring,call,Google search for area gyms,"Address: 326 Rigg St., Santa Cruz, CA, 95060
How heard: Google search for area gyms",imported,10/5/1996,326 Rigg St.,Santa Cruz,CA,95060,2026-03-29T18:54:50.933464+00:00
Alexandra M Cetta,,acretta@colarecords.com,(831) 461-5410,New,csv_import,santa_cruz,General Membership,,Just exploring,call,Trent Knebel,"Address: 3150 Scriver St, Santa Cruz, CA, 95062
How heard: Trent Knebel",imported,1/5/1992,3150 Scriver St,Santa Cruz,CA,95062,2026-03-29T18:54:50.933464+00:00
JENNIFER CHAN,,chan139@purdue.edu,(650) 946-6803,New,csv_import,santa_cruz,General Membership,,Just exploring,call,DILLON,"Address: 410 Alta Vista Dr., Santa Cruz, CA, 94024
How heard: DILLON",imported,12/7/1998,410 Alta Vista Dr.,Santa Cruz,CA,94024,2026-03-29T18:54:50.933464+00:00
Charles Cenizal,,dcenizal@ucsc.edu,(510) 599-6974,New,csv_import,santa_cruz,General Membership,,Just exploring,call,Rohan,"Address: 551 Stevenson Service Rd, Santa Cruz, CA, 95060
How heard: Rohan",imported,10/12/2000,551 Stevenson Service Rd,Santa Cruz,CA,95060,2026-03-29T18:54:50.933464+00:00
KRISTYN CROUSE,,kc.crouse@gmail.com,(541) 378-5068,New,csv_import,santa_cruz,General Membership,,Just exploring,call,Gabe Anjo,"Address: PO BOX 2151, Santa Cruz, CA
How heard: Gabe Anjo",imported,4/22/1986,PO BOX 2151,Santa Cruz,CA,,2026-03-29T18:54:50.933464+00:00
Matthew Cortez,,matthewcortezmmc@gmail.com,(951) 415-3516,New,csv_import,santa_cruz,General Membership,,Just exploring,call,Online,"Address: 207 Mora St, Santa Cruz, CA, 95060
How heard: Online",imported,9/15/1998,207 Mora St,Santa Cruz,CA,95060,2026-03-29T18:54:50.933464+00:00
Austin Cole,,acolemoney@gmail.com,(650) 387-1773,New,csv_import,santa_cruz,General Membership,,Just exploring,call,,"Address: 318 Market St., Santa Cruz, CA, 95060",imported,9/26/1997,318 Market St.,Santa Cruz,CA,95060,2026-03-29T18:54:50.933464+00:00
Lauren Albert,,lea124psu@gmail.com,(203) 214-1107,New,csv_import,santa_cruz,General Membership,,Just exploring,call,Start with Yourself Program,"Address: 427 Locust Street, Santa Cruz, CA, 95060
How heard: Start with Yourself Program",imported,4/1/1985,427 Locust Street,Santa Cruz,CA,95060,2026-03-29T18:54:50.933464+00:00
Justin Cardona,,justincardona14@gmail.com,(408) 960-9685,New,csv_import,santa_cruz,General Membership,,Just exploring,call,yelp,"Address: 132 Pryce Street Unit D, Santa Cruz, CA, 95060
How heard: yelp",imported,10/28/1993,132 Pryce Street Unit D,Santa Cruz,CA,95060,2026-03-29T18:54:50.933464+00:00
Shire Chan,,schan60@ucsc.edu,(928) 967-4634,New,csv_import,santa_cruz,General Membership,,Just exploring,call,online,"Address: 106 Bayona Dr, Santa Cruz, CA, 95060
How heard: online",imported,3/28/2000,106 Bayona Dr,Santa Cruz,CA,95060,2026-03-29T18:54:50.933464+00:00
Kevin Carter,,kevincarterfitness@gmail.com,(831) 566-7901,New,csv_import,santa_cruz,General Membership,,Just exploring,call,KC Inlow,"Address: 163 Belmont St, Santa Cruz, CA, 95060
How heard: KC Inlow",imported,3/6/1966,163 Belmont St,Santa Cruz,CA,95060,2026-03-29T18:54:50.933464+00:00
Amare Bradley,,amarebradley9@gmail.com,(910) 489-5488,New,csv_import,santa_cruz,General Membership,,Just exploring,call,Google,"Address: 135 Allegro dr, Santa Cruz, CA, 95060
How heard: Google",imported,6/24/1992,135 Allegro dr,Santa Cruz,CA,95060,2026-03-29T18:54:50.933464+00:00
Andrea Carter,,andreakisling@gmail.com,(831) 566-7755,New,csv_import,santa_cruz,General Membership,,Just exploring,call,KC Inlow,"Address: 163 Belmont St, Santa Cruz, CA, 95060
How heard: KC Inlow",imported,12/9/1976,163 Belmont St,Santa Cruz,CA,95060,2026-03-29T18:54:50.933464+00:00
SHAY CALDERON,,shcalderon@csumb.edu,(805) 268-2660,New,csv_import,santa_cruz,General Membership,,Just exploring,call,FRIENDS,"Address: 1104 E CLIFF DR APT 3, SANTA CRUZ, CA, 95062
How heard: FRIENDS",imported,11/13/1993,1104 E CLIFF DR APT 3,SANTA CRUZ,CA,95062,2026-03-29T18:54:50.933464+00:00
Spencer Chrouser,,schrouser@gmail.com,(661) 384-2977,New,csv_import,santa_cruz,General Membership,,Just exploring,call,Yelp,"Address: 154 Peach Terrace, Santa Cruz, CA, 95060
How heard: Yelp",imported,6/30/1993,154 Peach Terrace,Santa Cruz,CA,95060,2026-03-29T18:54:50.933464+00:00
Cory Curl,,hcsportstherapy@gmail.com,(808) 505-1197,New,csv_import,santa_cruz,General Membership,,Just exploring,call,Weightlifting Coach,"Address: 917 Aloha Ln., Santa Cruz, CA
How heard: Weightlifting Coach",imported,7/29/1978,917 Aloha Ln.,Santa Cruz,CA,,2026-03-29T18:54:50.933464+00:00
Marina Corcoran,,marinasky.bird116@gmail.com,(831) 325-4215,New,csv_import,santa_cruz,General Membership,,Just exploring,call,SCDG,"Address: 702 Windsor St., Santa Cruz, CA, 95062
How heard: SCDG",imported,7/16/2001,702 Windsor St.,Santa Cruz,CA,95062,2026-03-29T18:54:50.933464+00:00
Willis Clayton,,wclayton@ucsc.edu,(510) 909-8930,New,csv_import,santa_cruz,General Membership,,Just exploring,call,Online,"Address: 1314 River Street, Santa Cruz, CA, 95060
How heard: Online",imported,8/10/2000,1314 River Street,Santa Cruz,CA,95060,2026-03-29T18:54:50.933464+00:00
Pablo Cabezas,,pablocabezas11@gmail.com,(831) 795-9195,New,csv_import,santa_cruz,General Membership,,Just exploring,call,WIFE,"Address: 177 Felix St Apt 9, Santa Cruz, CA, 95060
How heard: WIFE",imported,6/29/2021,177 Felix St Apt 9,Santa Cruz,CA,95060,2026-03-29T18:54:50.933464+00:00
Stacey Chance,,stacey.chance8@gmail.com,(209) 666-0404,New,csv_import,santa_cruz,General Membership,,Just exploring,call,Googled strength,"Address: 2395 Delaware Ave 191, Santa Cruz, CA, 95060
How heard: Googled strength",imported,5/1/1978,2395 Delaware Ave 191,Santa Cruz,CA,95060,2026-03-29T18:54:50.933464+00:00
Meredith Cabezas,,meredith@motionpacific.com,(831) 915-8466,New,csv_import,santa_cruz,General Membership,,Just exploring,call,Instagram,"Address: 127 Felix Apt. 9, Santa Cruz, CA, 95060
How heard: Instagram",imported,10/16/1994,127 Felix Apt. 9,Santa Cruz,CA,95060,2026-03-29T18:54:50.933464+00:00
Anjela Coloma,,anjela.coloma@gmail.com,(201) 702-9423,New,csv_import,santa_cruz,General Membership,,Just exploring,call,google,"Address: ""216 First St, S"", Santa Cruz, CA, 95060
How heard: google",imported,10/6/1996,"""216 First St, S""",Santa Cruz,CA,95060,2026-03-29T18:54:50.933464+00:00
Kylie Cariño-Condon,,kyliecondon1@gmail.com,(831) 426-8265,New,csv_import,santa_cruz,General Membership,,Just exploring,call,SCDG,"Address: 1723 Grey Seal Rd., Santa Cruz, CA, 95062
How heard: SCDG",imported,8/25/1998,1723 Grey Seal Rd.,Santa Cruz,CA,95062,2026-03-29T18:54:50.933464+00:00
Bill Catlett,,brcatlett@gmail.com,(267) 614-3095,New,csv_import,santa_cruz,General Membership,,Just exploring,call,Web search,"Address: 222 Columbia St, Santa Cruz, CA, 95060
How heard: Web search",imported,8/30/1991,222 Columbia St,Santa Cruz,CA,95060,2026-03-29T18:54:50.933464+00:00
Sara Cohen,,scohene@gmail.com,(352) 584-1190,New,csv_import,santa_cruz,General Membership,,Just exploring,call,google,"Address: 526 Highland Ave, Santa Cruz, CA, 95060
How heard: google",imported,2/6/1987,526 Highland Ave,Santa Cruz,CA,95060,2026-03-29T18:54:50.933464+00:00
EDNA ARELY CRUZ,,cruzednaarely@gmail.com,(831) 430-6195,New,csv_import,santa_cruz,General Membership,,Just exploring,call,Online,"Address: 502 WINDSOR ST, SANTA CRUZ, CA, 95062
How heard: Online",imported,1/24/1991,502 WINDSOR ST,SANTA CRUZ,CA,95062,2026-03-29T18:54:50.933464+00:00
Max Chakhmatov,,maxchakhmatov@gmail.com,(650) 276-0915,New,csv_import,santa_cruz,General Membership,,Just exploring,call,discord,"Address: 208 castillia terrace, Santa Cruz, CA, 95060
How heard: discord",imported,7/9/1998,208 castillia terrace,Santa Cruz,CA,95060,2026-03-29T18:54:50.933464+00:00
Lauren Chambers,,lola.a.blue3@gmail.com,(650) 436-9394,New,csv_import,santa_cruz,General Membership,,Just exploring,call,discord,"Address: 207 Hubbard Street, Santa Cruz, CA, 95064
How heard: discord",imported,11/16/1999,207 Hubbard Street,Santa Cruz,CA,95064,2026-03-29T18:54:50.933464+00:00
Cody Carter,,codyrcarter1319@gmail.com,(208) 721-7417,New,csv_import,santa_cruz,General Membership,,Just exploring,call,Radiant,"Address: 500 Soquel Ave APT 8, Santa Cruz, CA, 95062
How heard: Radiant",imported,3/19/1997,500 Soquel Ave APT 8,Santa Cruz,CA,95062,2026-03-29T18:54:50.933464+00:00
Megan Ciprian,,misspriscilla1988@gmail.com,(831) 252-3048,New,csv_import,santa_cruz,General Membership,,Just exploring,call,Jeff Siragusa,"Address: 240 River St #12, Santa Cruz, CA, 95060
How heard: Jeff Siragusa",imported,10/18/1988,240 River St #12,Santa Cruz,CA,95060,2026-03-29T18:54:50.933464+00:00
Benjamin Clifford,,bcc241@nyu.edu,(831) 431-3823,New,csv_import,santa_cruz,General Membership,,Just exploring,call,google,"Address: 804 Western Dr, Santa Cruz, CA, 95060
How heard: google",imported,8/20/1987,804 Western Dr,Santa Cruz,CA,95060,2026-03-29T18:54:50.933464+00:00
Max Czapanskiy,,maxczapanskiy@gmail.com,(240) 353-7071,New,csv_import,santa_cruz,General Membership,,Just exploring,call,Word of mouth,"Address: 2025 Halterman Ave, Santa Cruz, CA, 95062
How heard: Word of mouth",imported,10/26/1987,2025 Halterman Ave,Santa Cruz,CA,95062,2026-03-29T18:54:50.933464+00:00
SHAY CALDERON,,shcalderon@gmail.com,(805) 268-2660,New,csv_import,santa_cruz,General Membership,,Just exploring,call,POWER COMPS,"Address: 1104 E CLIFF DR APT#3, SANTA CRUZ, CA, 95062
How heard: POWER COMPS",imported,11/13/1993,1104 E CLIFF DR APT#3,SANTA CRUZ,CA,95062,2026-03-29T18:54:50.933464+00:00
Rohan Coppman-Boyd,,rohancoppmanboyd@gmail.com,(831) 359-2274,New,csv_import,santa_cruz,General Membership,,Just exploring,call,Lucas Brackenborough,"Address: 105 GINA CT, SANTA CRUZ, CA, 95060
How heard: Lucas Brackenborough",imported,9/19/2001,105 GINA CT,SANTA CRUZ,CA,95060,2026-03-29T18:54:50.933464+00:00
Megna Chalanala,,megnac5370@gmail.com,(704) 231-6733,New,csv_import,santa_cruz,General Membership,,Just exploring,call,Friends,"Address: 353 Nobel Dr, Santa Cruz, CA, 95060
How heard: Friends",imported,7/27/2003,353 Nobel Dr,Santa Cruz,CA,95060,2026-03-29T18:54:50.933464+00:00
Kahlil H Cacabelos,,k.h.cacabelos@gmail.com,(708) 425-6305,New,csv_import,santa_cruz,General Membership,,Just exploring,call,Maegan King,"Address: 825 38th Ave Spc 4, Santa Cruz, CA, 95062
How heard: Maegan King",imported,9/21/1984,825 38th Ave Spc 4,Santa Cruz,CA,95062,2026-03-29T18:54:50.933464+00:00
Alexis Beatty,,lexisword@gmail.com,(831) 818-1255,New,csv_import,santa_cruz,General Membership,,Just exploring,call,,"Address: 509 Seaside St., Santa Cruz, CA, 95060",imported,3/14/1983,509 Seaside St.,Santa Cruz,CA,95060,2026-03-29T18:54:50.933464+00:00
Rohan Cooppan-Boyd,,rohancooppanboyd@gmail.com,(831) 359-2274,New,csv_import,santa_cruz,General Membership,,Just exploring,call,Lucas Brockenborough!,"Address: 105 Gina Ct, Santa Cruz, CA, 95060
How heard: Lucas Brockenborough!",imported,9/19/2001,105 Gina Ct,Santa Cruz,CA,95060,2026-03-29T18:54:50.933464+00:00
Loren Bridges-Robanom,,lorenbr@gmail.com,(831) 457-2494,New,csv_import,santa_cruz,General Membership,,Just exploring,call,,"Address: 75 Vine Hill Rd, Santa Cruz, CA, 95065",imported,5/27/1988,75 Vine Hill Rd,Santa Cruz,CA,95065,2026-03-29T18:54:50.933464+00:00
Tanya Boyle,,boyle.tanya@yahoo.com,(408) 410-0955,New,csv_import,santa_cruz,General Membership,,Just exploring,call,,"Address: 755 Eddy Lane, Santa Cruz, CA, 95062",imported,6/26/1978,755 Eddy Lane,Santa Cruz,CA,95062,2026-03-29T18:54:50.933464+00:00
Andy BACAYLAN,,abacaylan@yahoo.com,(831) 535-9412,New,csv_import,santa_cruz,General Membership,,Just exploring,call,,"Address: 146 Merced Ave, Santa Cruz, CA, 95060",imported,7/3/1964,146 Merced Ave,Santa Cruz,CA,95060,2026-03-29T18:54:50.933464+00:00
Sneha Bentley,,snehabentley@gmail.com,(510) 292-9789,New,csv_import,santa_cruz,General Membership,,Just exploring,call,Some friends / training partners @ Kaijin MMA across town!,"Address: ""UCSC College 9 #54, 702 College 9 Rd"", Santa Cruz, CA, 95064
How heard: Some friends / training partners @ Kaijin MMA across town!",imported,10/25/1996,"""UCSC College 9 #54, 702 College 9 Rd""",Santa Cruz,CA,95064,2026-03-29T18:54:50.933464+00:00
Sienna Ballon,,sballon@ucsc.edu,(360) 852-2352,New,csv_import,santa_cruz,General Membership,,Just exploring,call,Ben!,"Address: 905 Walnut Ave, Santa Cruz, CA, 95060
How heard: Ben!",imported,10/20/1995,905 Walnut Ave,Santa Cruz,CA,95060,2026-03-29T18:54:50.933464+00:00
SETH BURGESS,,the.seth.burgess@gmail,(901) 209-7066,New,csv_import,santa_cruz,General Membership,,Just exploring,call,GAVIN PILLINE,"Address: 620 CAYUGA, SANTA CRUZ, CA, 95062
How heard: GAVIN PILLINE",imported,2/11/1979,620 CAYUGA,SANTA CRUZ,CA,95062,2026-03-29T18:54:50.933464+00:00
Edbel Basaldua,,ebasaldu@ucsc.edu,(209) 507-6858,New,csv_import,santa_cruz,General Membership,,Just exploring,call,Other Members - CHRIS CHEUNG,"Address: 122 Trescony Street, Santa Cruz, CA, 95060
How heard: Other Members - CHRIS CHEUNG",imported,8/18/1996,122 Trescony Street,Santa Cruz,CA,95060,2026-03-29T18:54:50.933464+00:00
Erico Royce Bayani,,ericebayani@gmail.com,(415) 832-0080,New,csv_import,santa_cruz,General Membership,,Just exploring,call,Word of Mouth,"Address: 180 Dakota Ave., Santa Cruz, CA, 95060
How heard: Word of Mouth",imported,5/8/1998,180 Dakota Ave.,Santa Cruz,CA,95060,2026-03-29T18:54:50.933464+00:00
Loren Banducci,,ducci1982@yahoo.com,(706) 201-6583,New,csv_import,santa_cruz,General Membership,,Just exploring,call,Internet,"Address: 134 Jessie St., Santa Cruz, CA, 95060
How heard: Internet",imported,7/17/1982,134 Jessie St.,Santa Cruz,CA,95060,2026-03-29T18:54:50.933464+00:00
Lauren Burke,,lnburke@comcast.net,(408) 345-7162,New,csv_import,santa_cruz,General Membership,,Just exploring,call,,"Address: 515 California St, Santa Cruz, CA, 95060",imported,7/18/1994,515 California St,Santa Cruz,CA,95060,2026-03-29T18:54:50.933464+00:00
Kai Banks,,kaimbanks1@gmail.com,(650) 575-4127,New,csv_import,santa_cruz,General Membership,,Just exploring,call,,"Address: 429 Cayuga St, Santa Cruz, CA, 95062",imported,8/27/1995,429 Cayuga St,Santa Cruz,CA,95062,2026-03-29T18:54:50.933464+00:00
Ellen Bettinger,,ellenbettinger17@gmail.com,(070) 879-9954,New,csv_import,santa_cruz,General Membership,,Just exploring,call,my sister,"Address: 101 Hillcrest Ter, Santa Cruz, CA
How heard: my sister",imported,9/27/1977,101 Hillcrest Ter,Santa Cruz,CA,,2026-03-29T18:54:50.933464+00:00
Christopher Bradshaw,,chris.52.6@gmail.com,(203) 507-3524,New,csv_import,santa_cruz,General Membership,,Just exploring,call,Internet,"Address: 525 Washington St, Santa Cruz, CA, 95060
How heard: Internet",imported,12/12/1991,525 Washington St,Santa Cruz,CA,95060,2026-03-29T18:54:50.933464+00:00
Hilma Bettinger,,bandy-00@live.se,(831) 600-5008,New,csv_import,santa_cruz,General Membership,,Just exploring,call,,"Address: 101 Hillcrest Terrace, Santa Cruz, CA",imported,8/4/2000,101 Hillcrest Terrace,Santa Cruz,CA,,2026-03-29T18:54:50.933464+00:00
Martin Britt,,martinbritt12@gmail.com,(831) 440-6661,New,csv_import,santa_cruz,General Membership,,Just exploring,call,Caleb chui,"Address: PO Box 438, Santa Cruz, CA, 95061
How heard: Caleb chui",imported,5/10/1962,PO Box 438,Santa Cruz,CA,95061,2026-03-29T18:54:50.933464+00:00
ANNA BOHBOT,,zoolingual@yahoo.com,(770) 393-8273,New,csv_import,santa_cruz,General Membership,,Just exploring,call,KATIE FILSON,"Address: 1735 KINSLEY ST, SANTA CRUZ, CA, 95062
How heard: KATIE FILSON",imported,3/14/1987,1735 KINSLEY ST,SANTA CRUZ,CA,95062,2026-03-29T18:54:50.933464+00:00
Julian Brockenborough,,jbrockenborough@students.kirby.org,(678) 224-4173,New,csv_import,santa_cruz,General Membership,,Just exploring,call,my family members told me,"Address: 409 Windham St., Santa Cruz, CA, 95062
How heard: my family members told me",imported,2/10/2006,409 Windham St.,Santa Cruz,CA,95062,2026-03-29T18:54:50.933464+00:00
Kyle Benalcázar,,kylebenalca@gmail.com,(620) 807-9520,New,csv_import,santa_cruz,General Membership,,Just exploring,call,Online,"Address: 752 East Road, Santa Cruz, CA, 95060
How heard: Online",imported,10/17/1996,752 East Road,Santa Cruz,CA,95060,2026-03-29T18:54:50.933464+00:00
Anna Beresnev,,beresnevanna@gmail.com,(415) 910-2372,New,csv_import,santa_cruz,General Membership,,Just exploring,call,online,"Address: 2222 El Rancho Dr., Santa Cruz, CA, 95060
How heard: online",imported,12/18/2000,2222 El Rancho Dr.,Santa Cruz,CA,95060,2026-03-29T18:54:50.933464+00:00
Alessandra Barros Barreto,,alessandra.kup@gmail.com,(425) 241-9847,New,csv_import,santa_cruz,General Membership,,Just exploring,call,Online,"Address: 136 Younger Way, Santa Cruz, CA, 95060
How heard: Online",imported,6/23/1997,136 Younger Way,Santa Cruz,CA,95060,2026-03-29T18:54:50.933464+00:00
JOSEFINA BOVEE,,mfancic@gmail.com,(831) 419-7893,New,csv_import,santa_cruz,General Membership,,Just exploring,call,SCDG,"Address: 136 PEYTON ST., SANTA CRUZ, CA, 95060
How heard: SCDG",imported,7/29/2002,136 PEYTON ST.,SANTA CRUZ,CA,95060,2026-03-29T18:54:50.933464+00:00
Alex Bahram,,alexhbahram@gmail.com,(831) 341-5308,New,csv_import,santa_cruz,General Membership,,Just exploring,call,Daniel Leep,"Address: 500 Charles Hill Rd, Santa Cruz, CA, 95065
How heard: Daniel Leep",imported,1/18/1999,500 Charles Hill Rd,Santa Cruz,CA,95065,2026-03-29T18:54:50.933464+00:00
Monday Reynolds,,mondayreynolds001@gmail.com,(510) 468-9106,New,csv_import,santa_cruz,General Membership,,Just exploring,call,Website,"Address: 1301 38th Ave 1, Santa Cruz, CA, 94560
How heard: Website",imported,1/30/1978,1301 38th Ave 1,Santa Cruz,CA,94560,2026-03-29T18:54:50.933464+00:00
Ian Budesa,,ibudesa@ucsc.edu,(530) 925-6736,New,csv_import,santa_cruz,General Membership,,Just exploring,call,Other members,"Address: UCSC Merrill Rd, Santa Cruz, CA, 95064
How heard: Other members",imported,4/19/2001,UCSC Merrill Rd,Santa Cruz,CA,95064,2026-03-29T18:54:50.933464+00:00
Tyler Bentis,,tylerbentis@gmail.com,(949) 616-9337,New,csv_import,santa_cruz,General Membership,,Just exploring,call,Google,"Address: 641 Merrill Road, Santa Cruz, CA, 95060
How heard: Google",imported,11/1/1999,641 Merrill Road,Santa Cruz,CA,95060,2026-03-29T18:54:50.933464+00:00
Ryan Batterman,,rbatterman2@gmail.com,(831) 682-4045,New,csv_import,santa_cruz,General Membership,,Just exploring,call,Google,"Address: ""222 Columbia St, Apt 314"", Santa Cruz, CA, 95060
How heard: Google",imported,3/21/1993,"""222 Columbia St, Apt 314""",Santa Cruz,CA,95060,2026-03-29T18:54:50.933464+00:00
Juan Eduardo BAZU,,dodibon201@gmail.com,(831) 346-9580,New,csv_import,santa_cruz,General Membership,,Just exploring,call,Friend,"Address: 710 College Rd #47, Santa Cruz, CA, 95060
How heard: Friend",imported,1/20/2001,710 College Rd #47,Santa Cruz,CA,95060,2026-03-29T18:54:50.933464+00:00
DREW BURK,,drewemmaburk@gmail.com,(831) 566-0565,New,csv_import,santa_cruz,General Membership,,Just exploring,call,JEFF SIRAGUSA,"Address: 63 VICK DRIVE, SANTA CRUZ, CA, 95060
How heard: JEFF SIRAGUSA",imported,8/16/1990,63 VICK DRIVE,SANTA CRUZ,CA,95060,2026-03-29T18:54:50.933464+00:00
Richard Byrd,,rbyrd071701@gmail.com,(831) 247-6421,New,csv_import,santa_cruz,General Membership,,Just exploring,call,,"Address: 503 palm street, Santa Cruz, CA, 95060",imported,7/17/2001,503 palm street,Santa Cruz,CA,95060,2026-03-29T18:54:50.933464+00:00
Isaac Benson,,shadow94501@gmail.com,(510) 708-1556,New,csv_import,santa_cruz,General Membership,,Just exploring,call,UCSC unofficial club,"Address: 102 Calvin Pl., Santa Cruz, CA, 95060
How heard: UCSC unofficial club",imported,11/27/1999,102 Calvin Pl.,Santa Cruz,CA,95060,2026-03-29T18:54:50.933464+00:00
Adam Barsness,,abarsnes@ucsc.edu,(530) 782-7447,New,csv_import,santa_cruz,General Membership,,Just exploring,call,Friends,"Address: 2726 Hampton Ln., Santa Cruz, CA, 95060
How heard: Friends",imported,11/25/1998,2726 Hampton Ln.,Santa Cruz,CA,95060,2026-03-29T18:54:50.933464+00:00
Elijah Brandt,,elijahbrandt10@gmail.com,(831) 291-4349,New,csv_import,santa_cruz,General Membership,,Just exploring,call,friend,"Address: 160 Harmony Ct, Santa Cruz, CA, 95062
How heard: friend",imported,1/10/2002,160 Harmony Ct,Santa Cruz,CA,95062,2026-03-29T18:54:50.933464+00:00
Kayla Brasfield,,kabras132@gmail.com,(860) 803-6611,New,csv_import,santa_cruz,General Membership,,Just exploring,call,Hugh,"Address: 611 Rodriguez St, Santa Cruz, CA, 95062
How heard: Hugh",imported,4/13/1995,611 Rodriguez St,Santa Cruz,CA,95062,2026-03-29T18:54:50.933464+00:00
Dax Bizzell,,daxbizzell@gmail.com,(650) 801-8650,New,csv_import,santa_cruz,General Membership,,Just exploring,call,friend,"Address: 145 Mission St, Santa Cruz, CA, 95060
How heard: friend",imported,6/6/2003,145 Mission St,Santa Cruz,CA,95060,2026-03-29T18:54:50.933464+00:00
Juan Eduardo Banzon,,jbanzon@ucsc.edu,(831) 346-9580,New,csv_import,santa_cruz,General Membership,,Just exploring,call,Not My First Time here,"Address: 710 College Rd #37, Santa Cruz, CA, 95064
How heard: Not My First Time here",imported,10/20/2001,710 College Rd #37,Santa Cruz,CA,95064,2026-03-29T18:54:50.933464+00:00
Andrew Barth-Yi,,aebarthyi@yahoo.com,(949) 680-8705,New,csv_import,santa_cruz,General Membership,,Just exploring,call,friend,"Address: 206 Castillion Ter, Santa Cruz, CA, 95060
How heard: friend",imported,2/29/2000,206 Castillion Ter,Santa Cruz,CA,95060,2026-03-29T18:54:50.933464+00:00
Trevor Behar,,tsbehar@gmail.com,(919) 608-9388,New,csv_import,santa_cruz,General Membership,,Just exploring,call,,"Address: 700 Escalona Dr, Santa Cruz, CA, 95060",imported,10/22/1985,700 Escalona Dr,Santa Cruz,CA,95060,2026-03-29T18:54:50.933464+00:00
Susan Bell,,suebluebell@aol.com,(408) 205-9274,New,csv_import,santa_cruz,General Membership,,Just exploring,call,Lynn Falcon,"Address: 3111 Branciforte Dr., Santa Cruz, CA, 95065
How heard: Lynn Falcon",imported,11/25/1966,3111 Branciforte Dr.,Santa Cruz,CA,95065,2026-03-29T18:54:50.933464+00:00
Max Brinegar,,max.brinegar@gmail.com,(415) 408-1731,New,csv_import,santa_cruz,General Membership,,Just exploring,call,instagram,"Address: 330 Chestnut St, Santa Cruz, CA, 95060
How heard: instagram",imported,5/28/2003,330 Chestnut St,Santa Cruz,CA,95060,2026-03-29T18:54:50.933464+00:00
Jessica Bond,,jessicakbond@gmail.com,(831) 239-0780,New,csv_import,santa_cruz,General Membership,,Just exploring,call,Coach,"Address: 180 Harbor Oaks Cir, Santa Cruz, CA, 95062
How heard: Coach",imported,5/27/1982,180 Harbor Oaks Cir,Santa Cruz,CA,95062,2026-03-29T18:54:50.933464+00:00
CHRIS ARGOUD,,argoudchristopher@gmail.com,(619) 757-7001,New,csv_import,santa_cruz,General Membership,,Just exploring,call,GOOGLE,"Address: 222 ALHAMBRA AVE APT C, SANTA CRUZ, CA, 95062
How heard: GOOGLE",imported,6/1/1983,222 ALHAMBRA AVE APT C,SANTA CRUZ,CA,95062,2026-03-29T18:54:50.933464+00:00
Emilio Arechaederra,,eaaa_recha@gmail.com,(925) 389-4492,New,csv_import,santa_cruz,General Membership,,Just exploring,call,Word of Mouth,"Address: 1700 Escalona Dr, Santa Cruz, CA, 95060
How heard: Word of Mouth",imported,5/1/2007,1700 Escalona Dr,Santa Cruz,CA,95060,2026-03-29T18:54:50.933464+00:00
Andre Assadi,,assadiandre@gmail.com,(510) 813-1566,New,csv_import,santa_cruz,General Membership,,Just exploring,call,Friend,"Address: 1314 River Street, Santa Cruz, CA, 95060
How heard: Friend",imported,5/18/2001,1314 River Street,Santa Cruz,CA,95060,2026-03-29T18:54:50.933464+00:00
Ari Argoud,,ariargoud@gmail.com,(858) 353-9781,New,csv_import,santa_cruz,General Membership,,Just exploring,call,internet,"Address: 222 Alhambra Ave., Santa Cruz, CA, 95062
How heard: internet",imported,2/27/1998,222 Alhambra Ave.,Santa Cruz,CA,95062,2026-03-29T18:54:50.933464+00:00
Nicholas Ahumada,,stark916@hotmail.com,(831) 840-4057,New,csv_import,santa_cruz,General Membership,,Just exploring,call,Internet,"Address: 1516 Seabright Ave, Santa Cruz, CA, 95062
How heard: Internet",imported,5/28/1992,1516 Seabright Ave,Santa Cruz,CA,95062,2026-03-29T18:54:50.933464+00:00
Luis Diego Acevedo,,diegoace1015@gmail.com,(530) 601-8107,New,csv_import,santa_cruz,General Membership,,Just exploring,call,College club,"Address: 641 Merrill Road, Santa Cruz, CA, 95064
How heard: College club",imported,10/15/2000,641 Merrill Road,Santa Cruz,CA,95064,2026-03-29T18:54:50.933464+00:00
Rahul Arora,,rahul-arora@outlook.com,(209) 647-9969,New,csv_import,santa_cruz,General Membership,,Just exploring,call,Sasha Tunko,"Address: 116 Castillion Ter, Santa Cruz, CA, 95060
How heard: Sasha Tunko",imported,8/5/2000,116 Castillion Ter,Santa Cruz,CA,95060,2026-03-29T18:54:50.933464+00:00
Heather Arzouni,,heathergloeckler@gmail.com,(831) 428-5717,New,csv_import,santa_cruz,General Membership,,Just exploring,call,Jenni Roth,"Address: 693 Paradise Park, Santa Cruz, CA, 95060
How heard: Jenni Roth",imported,1/3/1985,693 Paradise Park,Santa Cruz,CA,95060,2026-03-29T18:54:50.933464+00:00
Joshua Angel,,joangel@ucsc.edu,(714) 365-7699,New,csv_import,santa_cruz,General Membership,,Just exploring,call,Discord,"Address: 551 Stevenson Service Rd, Santa Cruz, CA, 95064
How heard: Discord",imported,1/12/2002,551 Stevenson Service Rd,Santa Cruz,CA,95064,2026-03-29T18:54:50.933464+00:00
Emilio Arechederra,,eacareche@gmail.com,(925) 389-4492,New,csv_import,santa_cruz,General Membership,,Just exploring,call,Word of Mouth,"Address: 1700 Escalona Dr, Santa Cruz, CA, 95060
How heard: Word of Mouth",imported,5/1/2002,1700 Escalona Dr,Santa Cruz,CA,95060,2026-03-29T18:54:50.933464+00:00
Herb Auerbach,,xmarinawhatx@yahoo.com,(408) 802-3411,New,csv_import,santa_cruz,General Membership,,Just exploring,call,previous member,"Address: 153 Josephine Street, Santa Cruz, CA, 95060
How heard: previous member",imported,2/21/1983,153 Josephine Street,Santa Cruz,CA,95060,2026-03-29T18:54:50.933464+00:00
Garret Anderson,,garret.l.anderson@gmail.com,(916) 396-8672,New,csv_import,santa_cruz,General Membership,,Just exploring,call,Google Search,"Address: 110 S Morrissey Ave, Santa Cruz, CA, 95062
How heard: Google Search",imported,8/28/1990,110 S Morrissey Ave,Santa Cruz,CA,95062,2026-03-29T18:54:50.933464+00:00
Declan Andres-Larsen,,declan256@gmail.com,(831) 325-1699,New,csv_import,santa_cruz,General Membership,,Just exploring,call,Googled lifting gyms,"Address: 1144 Laurel Street, Santa Cruz, CA, 95060
How heard: Googled lifting gyms",imported,11/18/1989,1144 Laurel Street,Santa Cruz,CA,95060,2026-03-29T18:54:50.933464+00:00
Cherry Andrews,,leslieap@cruzio.com,(831) 588-6676,New,csv_import,santa_cruz,General Membership,,Just exploring,call,Julian Brockenborough,"Address: 905 3RD ST, Santa Cruz, CA, 95060
How heard: Julian Brockenborough",imported,7/11/2007,905 3RD ST,Santa Cruz,CA,95060,2026-03-29T18:54:50.933464+00:00
Ben Goldberg,,bengoldberg10@gmail.com,(202) 714-4202,New,csv_import,santa_cruz,General Membership,,Just exploring,call,Online,"Address: 519 Washington St., Santa Cruz, CA, 95060
How heard: Online",imported,3/24/1992,519 Washington St.,Santa Cruz,CA,95060,2026-03-29T18:54:50.933464+00:00
Colton Grady,,colton.grady@gmail.com,(860) 992-6877,New,csv_import,santa_cruz,General Membership,,Just exploring,call,Connor Grady (brother),"Address: 321 7th Ave, Santa Cruz, CA, 95062
How heard: Connor Grady (brother)",imported,7/29/1998,321 7th Ave,Santa Cruz,CA,95062,2026-03-29T18:54:50.933464+00:00
Connor Grady,,connor.grady@gmail.com,(860) 992-6733,New,csv_import,santa_cruz,General Membership,,Just exploring,call,internet,"Address: 321 7th Ave, Santa Cruz, CA, 95062
How heard: internet",imported,3/26/1996,321 7th Ave,Santa Cruz,CA,95062,2026-03-29T18:54:50.933464+00:00
Karla Alvarado,,alvaradokaa92@gmail.com,(714) 592-6453,New,csv_import,santa_cruz,General Membership,,Just exploring,call,online search,"Address: 219 Alta Vista Dr, Santa Cruz, CA, 95060
How heard: online search",imported,10/17/1992,219 Alta Vista Dr,Santa Cruz,CA,95060,2026-03-29T18:54:50.933464+00:00
Lillian Greene,,stracy5@yahoo.com,(831) 419-4656,New,csv_import,santa_cruz,General Membership,,Just exploring,call,,"Address: 311 Ocean View Ave, Santa Cruz, CA, 95062",imported,6/16/2001,311 Ocean View Ave,Santa Cruz,CA,95062,2026-03-29T18:54:50.933464+00:00
Salvador Guerrero,,salgue@ucla.edu,(818) 599-4817,New,csv_import,santa_cruz,General Membership,,Just exploring,call,,"Address: ""1630 Merrill St, Apt. 210"", Santa Cruz, CA, 95062",imported,1/27/1984,"""1630 Merrill St, Apt. 210""",Santa Cruz,CA,95062,2026-03-29T18:54:50.933464+00:00
JEFF GRENKO,,jjggg@msn.com,(459) 872-8,New,csv_import,santa_cruz,General Membership,,Just exploring,call,,"Address: 318 Walk Circle, Santa Cruz, CA, 95060",imported,2/9/1949,318 Walk Circle,Santa Cruz,CA,95060,2026-03-29T18:54:50.933464+00:00
Ricardo Garza-Giron,,ricky.gargir@gmail.com,(831) 226-9016,New,csv_import,santa_cruz,General Membership,,Just exploring,call,,"Address: 132 Kennan Street, Santa Cruz, CA, 95060",imported,11/30/1988,132 Kennan Street,Santa Cruz,CA,95060,2026-03-29T18:54:50.933464+00:00
CARLOS GARCIA,,cgarcia738@hotmail.com,(252) 303-6610,New,csv_import,santa_cruz,General Membership,,Just exploring,call,ONLINE,"Address: 1890 17TH AVE, SANTA CRUZ, CA, 95062
How heard: ONLINE",imported,10/24/1994,1890 17TH AVE,SANTA CRUZ,CA,95062,2026-03-29T18:54:50.933464+00:00
ZACH GRAFF,,zdgraff@gmail.com,(831) 566-0934,New,csv_import,santa_cruz,General Membership,,Just exploring,call,Groupon,"Address: 3420 MISSION DR., SANTA CRUZ, CA, 95065
How heard: Groupon",imported,10/7/1984,3420 MISSION DR.,SANTA CRUZ,CA,95065,2026-03-29T18:54:50.933464+00:00
Zoë Graveline,,zoegraveline@hotmail.com,(408) 807-7234,New,csv_import,santa_cruz,General Membership,,Just exploring,call,my mom - Yelp,"Address: 320 Locust St. #320, Santa Cruz, CA, 95060
How heard: my mom - Yelp",imported,1/28/1997,320 Locust St. #320,Santa Cruz,CA,95060,2026-03-29T18:54:50.933464+00:00
Cheyenne Goodman,,cheyennegoodman@gmail.com,(831) 246-1410,New,csv_import,santa_cruz,General Membership,,Just exploring,call,Belle's punch card points,"Address: 208 Bay St., Santa Cruz, CA, 95060
How heard: Belle's punch card points",imported,3/14/1972,208 Bay St.,Santa Cruz,CA,95060,2026-03-29T18:54:50.933464+00:00
Soad Grayeb,,sgrayeb1@gmail.com,(408) 394-7983,New,csv_import,santa_cruz,General Membership,,Just exploring,call,,"Address: 2236 Capitola Rd. Apt D., Santa Cruz, CA, 95062",imported,5/22/1991,2236 Capitola Rd. Apt D.,Santa Cruz,CA,95062,2026-03-29T18:54:50.933464+00:00
Carolyn Getschow,,carolyn.getschow@gmail.com,(937) 609-7112,New,csv_import,santa_cruz,General Membership,,Just exploring,call,,"Address: 224 Laurel St. #A205, Santa Cruz, CA, 95060",imported,3/30/1988,224 Laurel St. #A205,Santa Cruz,CA,95060,2026-03-29T18:54:50.933464+00:00
Jennifer Gordon,,jenejen-gordon.com,(408) 656-3895,New,csv_import,santa_cruz,General Membership,,Just exploring,call,,"Address: 1574 7th Ave, Santa Cruz, CA, 95062",imported,10/13/1969,1574 7th Ave,Santa Cruz,CA,95062,2026-03-29T18:54:50.933464+00:00
MARK GROFCSIK,,mgrofcsik@gmail.com,(561) 251-5105,New,csv_import,santa_cruz,General Membership,,Just exploring,call,online,"Address: 1739 KATRINA CT, SANTA CRUZ, CA, 95062
How heard: online",imported,7/22/1984,1739 KATRINA CT,SANTA CRUZ,CA,95062,2026-03-29T18:54:50.933464+00:00
Linda Gerson,,awakeningchi33@gmail.com,(831) 334-7757,New,csv_import,santa_cruz,General Membership,,Just exploring,call,Stacey Brown,"Address: 745 Pine St., Santa Cruz, CA, 95062
How heard: Stacey Brown",imported,7/14/1959,745 Pine St.,Santa Cruz,CA,95062,2026-03-29T18:54:50.933464+00:00
Jose Mario Gutierrez,,jgutie80@ucsc.edu,(818) 661-7830,New,csv_import,santa_cruz,General Membership,,Just exploring,call,Website,"Address: 154 Chestnut street, Santa Cruz, CA, 95060
How heard: Website",imported,3/23/2001,154 Chestnut street,Santa Cruz,CA,95060,2026-03-29T18:54:50.933464+00:00
Darhien Gaddis,,darhiengaddis3@gmail.com,(269) 405-5004,New,csv_import,santa_cruz,General Membership,,Just exploring,call,Yelp / Reddit,"Address: 154 Chestnut 210, Santa Cruz, CA, 95060
How heard: Yelp / Reddit",imported,11/1/1993,154 Chestnut 210,Santa Cruz,CA,95060,2026-03-29T18:54:50.933464+00:00
Nicholas Guddemi,,nickpguddemi@gmail.com,(908) 255-6394,New,csv_import,santa_cruz,General Membership,,Just exploring,call,Online / Friends,"Address: 417 2nd St Apt 11, Santa Cruz, CA, 95060
How heard: Online / Friends",imported,11/3/1996,417 2nd St Apt 11,Santa Cruz,CA,95060,2026-03-29T18:54:50.933464+00:00
Ben J. Gondron,,bengondron@gmail.com,(337) 739-3823,New,csv_import,santa_cruz,General Membership,,Just exploring,call,Google,"Address: 701 Beach St. #305, Santa Cruz, CA, 95060
How heard: Google",imported,12/12/1980,701 Beach St. #305,Santa Cruz,CA,95060,2026-03-29T18:54:50.933464+00:00
Ember Sloan Gonzalez,,embersloan@gmail.com,(831) 600-6760,New,csv_import,santa_cruz,General Membership,,Just exploring,call,Danny,"Address: 1135 17th Ave #13, Santa Cruz, CA, 95062
How heard: Danny",imported,10/7/2000,1135 17th Ave #13,Santa Cruz,CA,95062,2026-03-29T18:54:50.933464+00:00
David Carrillo,,daacarril@ucsc.edu,(408) 400-0305,New,csv_import,santa_cruz,General Membership,,Just exploring,call,Other Grad students,"Address: 7919 Empire Grade, Santa Cruz, CA, 95060
How heard: Other Grad students",imported,3/28/1989,7919 Empire Grade,Santa Cruz,CA,95060,2026-03-29T18:54:50.933464+00:00
Chaney Grover,,chaneygrover@ucsc.edu,(510) 915-6707,New,csv_import,santa_cruz,General Membership,,Just exploring,call,Rohan!,"Address: 1156 High Street, Santa Cruz, CA, 95064
How heard: Rohan!",imported,6/5/2001,1156 High Street,Santa Cruz,CA,95064,2026-03-29T18:54:50.933464+00:00
Chaney Grover,,cagrover@ucsc.edu,(510) 915-6707,New,csv_import,santa_cruz,General Membership,,Just exploring,call,Friends!,"Address: 41 Grandview St, Santa Cruz, CA, 95060
How heard: Friends!",imported,4/22/2023,41 Grandview St,Santa Cruz,CA,95060,2026-03-29T18:54:50.933464+00:00
Billy Gardner,,wjggytc14@gmail.com,(310) 728-0617,New,csv_import,santa_cruz,General Membership,,Just exploring,call,google,"Address: 819 Koshland Way, Santa Cruz, CA, 95064
How heard: google",imported,2/21/1990,819 Koshland Way,Santa Cruz,CA,95064,2026-03-29T18:54:50.933464+00:00
Cassondra Guzman,,cassondraguzman@gmail.com,(831) 359-8731,New,csv_import,santa_cruz,General Membership,,Just exploring,call,Jeff,"Address: 2000 Encina Dr, SANTA CRUZ, CA, 95062
How heard: Jeff",imported,6/23/1987,2000 Encina Dr,SANTA CRUZ,CA,95062,2026-03-29T18:54:50.933464+00:00
Chaney Grover,,chaneygrover@fastmail.com,(510) 915-6707,New,csv_import,santa_cruz,General Membership,,Just exploring,call,Friends,"Address: 853 Nobel Dr., Santa Cruz, CA, 95060
How heard: Friends",imported,6/5/2001,853 Nobel Dr.,Santa Cruz,CA,95060,2026-03-29T18:54:50.933464+00:00
KAREN GOBLING,,g0330lino@sbcglobal.net,(831) 508-7863,New,csv_import,santa_cruz,General Membership,,Just exploring,call,FRIEND,"Address: 132 FAIRMOUNT AVE, SANTA CRUZ, CA, 95062
How heard: FRIEND",imported,2/12/1967,132 FAIRMOUNT AVE,SANTA CRUZ,CA,95062,2026-03-29T18:54:50.933464+00:00
Benjamin Fuller,,ben.fuller@zeromotorcycles.com,(315) 559-6194,New,csv_import,santa_cruz,General Membership,,Just exploring,call,Web Search,"Address: 200 Button Street Apt 45, Santa Cruz, CA, 95060
How heard: Web Search",imported,10/14/1987,200 Button Street Apt 45,Santa Cruz,CA,95060,2026-03-29T18:54:50.933464+00:00
Samir Ghosh,,sghosh112@gmail.com,(650) 793-6186,New,csv_import,santa_cruz,General Membership,,Just exploring,call,Rohan,"Address: 500 Ocean St, Santa Cruz, CA, 95060
How heard: Rohan",imported,3/22/1996,500 Ocean St,Santa Cruz,CA,95060,2026-03-29T18:54:50.933464+00:00
Bradley Fine,,bradleyfine24@gmail.com,(408) 464-7522,New,csv_import,santa_cruz,General Membership,,Just exploring,call,From member,"Address: 141 Chestnut St. #218, Santa Cruz, CA, 95060
How heard: From member",imported,10/1/1997,141 Chestnut St. #218,Santa Cruz,CA,95060,2026-03-29T18:54:50.933464+00:00
Sydney Falcon,,slf199@pacbell.net,(831) 423-7957,New,csv_import,santa_cruz,General Membership,,Just exploring,call,,"Address: 214 Esmeralda Dr., Santa Cruz, CA, 45060",imported,5/19/1991,214 Esmeralda Dr.,Santa Cruz,CA,45060,2026-03-29T18:54:50.933464+00:00
Tom Falcon,,tfalcon@pacbell.net,(423) 795-7,New,csv_import,santa_cruz,General Membership,,Just exploring,call,,"Address: 214 Esmeralda Dr, Santa Cruz, CA, 95060",imported,3/30/1960,214 Esmeralda Dr,Santa Cruz,CA,95060,2026-03-29T18:54:50.933464+00:00
Lynn Falcon,,,(831) 423-7957,New,csv_import,santa_cruz,General Membership,,Just exploring,call,,"Address: 214 Esmeralda Dr, Santa Cruz, CA, 95060",imported,3/8/1963,214 Esmeralda Dr,Santa Cruz,CA,95060,2026-03-29T18:54:50.933464+00:00
"""Farrell, Megan""",,space-monkey420@hotmail.com,(831) 594-4428,New,csv_import,santa_cruz,General Membership,,Just exploring,call,,"Address: P.O. Box 10, Santa Cruz, CA, 95063",imported,9/3/1981,P.O. Box 10,Santa Cruz,CA,95063,2026-03-29T18:54:50.933464+00:00
michele Franzella,,michele@therapilates.com,(408) 674-0514,New,csv_import,santa_cruz,General Membership,,Just exploring,call,JEN GORDON,"Address: 408 Trevethan Ave, Santa Cruz, CA, 95062
How heard: JEN GORDON",imported,4/18/1966,408 Trevethan Ave,Santa Cruz,CA,95062,2026-03-29T18:54:50.933464+00:00
Kristen Flaniken,,kflanike@gmail.com,(901) 484-0326,New,csv_import,santa_cruz,General Membership,,Just exploring,call,Internet search,"Address: 1311 Scholl Ln., Santa Cruz, CA, 95062
How heard: Internet search",imported,9/2/1987,1311 Scholl Ln.,Santa Cruz,CA,95062,2026-03-29T18:54:50.933464+00:00
Kevin Flores,,kevinflores1695@gmail.com,(213) 864-3512,New,csv_import,santa_cruz,General Membership,,Just exploring,call,Yelp,"Address: 1710 Alice St Apt# 3, Santa Cruz, CA, 95062
How heard: Yelp",imported,1/6/1995,1710 Alice St Apt# 3,Santa Cruz,CA,95062,2026-03-29T18:54:50.933464+00:00
Katie Fairbairn,,suffolks83@gmail.com,(707) 621-2247,New,csv_import,santa_cruz,General Membership,,Just exploring,call,internet,"Address: 843 Nobel Dr., Santa Cruz, CA, 95060
How heard: internet",imported,8/25/1965,843 Nobel Dr.,Santa Cruz,CA,95060,2026-03-29T18:54:50.933464+00:00
Morris Fuller,,mjfuller@ucsc.edu,(510) 703-0226,New,csv_import,santa_cruz,General Membership,,Just exploring,call,Web Search,"Address: 408 Palm St, Santa Cruz, CA, 95060
How heard: Web Search",imported,10/31/1998,408 Palm St,Santa Cruz,CA,95060,2026-03-29T18:54:50.933464+00:00
Kathryn Ferzako,,kathryn.ferzako@gmail.com,(734) 643-0250,New,csv_import,santa_cruz,General Membership,,Just exploring,call,online,"Address: 622 Pine Street Apt B, Santa Cruz, CA, 95062
How heard: online",imported,12/18/1987,622 Pine Street Apt B,Santa Cruz,CA,95062,2026-03-29T18:54:50.933464+00:00
Emeline Fredrick,,emelinef@mac.com,(831) 266-5068,New,csv_import,santa_cruz,General Membership,,Just exploring,call,Eliana Fredrick,"Address: 209 Majors Street, Santa Cruz, CA, 95060
How heard: Eliana Fredrick",imported,7/21/2000,209 Majors Street,Santa Cruz,CA,95060,2026-03-29T18:54:50.933464+00:00
Corey Fromille,,fromill@ucsc.edu,(831) 234-4459,New,csv_import,santa_cruz,General Membership,,Just exploring,call,Instagram,"Address: 808 Koshland Way, Santa Cruz, CA, 95064
How heard: Instagram",imported,9/24/1988,808 Koshland Way,Santa Cruz,CA,95064,2026-03-29T18:54:50.933464+00:00
Jeffrey Fredrick,,jfredrick@mac.com,(831) 291-8809,New,csv_import,santa_cruz,General Membership,,Just exploring,call,Anton,"Address: 209 Majors St, Santa Cruz, CA, 95060
How heard: Anton",imported,11/23/1969,209 Majors St,Santa Cruz,CA,95060,2026-03-29T18:54:50.933464+00:00
Eliana Fredrick,,eliana.fredrick@icloud.com,(831) 266-5068,New,csv_import,santa_cruz,General Membership,,Just exploring,call,From a member.,"Address: 209 Majors Street, Santa Cruz, CA, 95060
How heard: From a member.",imported,6/11/2003,209 Majors Street,Santa Cruz,CA,95060,2026-03-29T18:54:50.933464+00:00
Angela Fuidge,,alfuidge@gmail.com,(408) 460-4035,New,csv_import,santa_cruz,General Membership,,Just exploring,call,friend,"Address: 2333 Portola Dr. #33, Santa Cruz, CA, 95062
How heard: friend",imported,8/26/1970,2333 Portola Dr. #33,Santa Cruz,CA,95062,2026-03-29T18:54:50.933464+00:00
Olivia Flores,,liviagrace713@yahoo.com,(916) 241-6769,New,csv_import,santa_cruz,General Membership,,Just exploring,call,social media,"Address: 106 Towne Terrace, Santa Cruz, CA, 95060
How heard: social media",imported,7/13/2003,106 Towne Terrace,Santa Cruz,CA,95060,2026-03-29T18:54:50.933464+00:00
Thomas Falcon,,tfalcon2145c@gmail.com,(831) 239-2213,New,csv_import,santa_cruz,General Membership,,Just exploring,call,,"Address: 214 Esmeralda Pr, Santa Cruz, CA, 95060",imported,3/30/1960,214 Esmeralda Pr,Santa Cruz,CA,95060,2026-03-29T18:54:50.933464+00:00
Dan Fenwick,,fenwick@mac.com,(831) 325-6212,New,csv_import,santa_cruz,General Membership,,Just exploring,call,Long-time resident,"Address: 124 Katherine Ln., Santa Cruz, CA, 95065
How heard: Long-time resident",imported,4/26/1958,124 Katherine Ln.,Santa Cruz,CA,95065,2026-03-29T18:54:50.933464+00:00
Andrea Feltz,,afeltz1@gmail.com,(651) 252-7554,New,csv_import,santa_cruz,General Membership,,Just exploring,call,Morgan,"Address: 235 First Ave, Santa Cruz, CA, 95062
How heard: Morgan",imported,6/26/1997,235 First Ave,Santa Cruz,CA,95062,2026-03-29T18:54:50.933464+00:00
Alex Elshyeb,,cecilyruttenberg@gmail.com,(831) 426-8658,New,csv_import,santa_cruz,General Membership,,Just exploring,call,,"Address: 113 English Dr., Santa Cruz, CA, 95065",imported,4/6/2003,113 English Dr.,Santa Cruz,CA,95065,2026-03-29T18:54:50.933464+00:00
Paige Enoch,,plenoch@gmail.com,(530) 906-8405,New,csv_import,santa_cruz,General Membership,,Just exploring,call,,"Address: 111 Alta Ave, Santa Cruz, CA, 95060",imported,1/25/1991,111 Alta Ave,Santa Cruz,CA,95060,2026-03-29T18:54:50.933464+00:00
Michael Ellis,,ellis831@hotmail.com,(831) 247-6314,New,csv_import,santa_cruz,General Membership,,Just exploring,call,Friends,"Address: 746 Nobel Drive, Santa Cruz, CA, 95060
How heard: Friends",imported,,746 Nobel Drive,Santa Cruz,CA,95060,2026-03-29T18:54:50.933464+00:00
Ben Eischens,,beneischens@gmail.com,(952) 201-0069,New,csv_import,santa_cruz,General Membership,,Just exploring,call,,"Address: 105 Sutphen St, Santa Cruz, CA, 95060",imported,4/8/1995,105 Sutphen St,Santa Cruz,CA,95060,2026-03-29T18:54:50.933464+00:00
Cosimo Enea,,cosimo.giants@gmail.com,(831) 264-3087,New,csv_import,santa_cruz,General Membership,,Just exploring,call,Online,"Address: 75 Front St Unit B, Santa Cruz, Ca, 95060
How heard: Online",imported,8/3/2000,75 Front St Unit B,Santa Cruz,Ca,95060,2026-03-29T18:54:50.933464+00:00
Daisy Espinoza,,daisyespinoza1923@gmail.com,(408) 335-3850,New,csv_import,santa_cruz,General Membership,,Just exploring,call,Stacey,"Address: 2500 Soquel Dr Apt P-10, Santa Cruz, CA, 95065
How heard: Stacey",imported,9/19/1983,2500 Soquel Dr Apt P-10,Santa Cruz,CA,95065,2026-03-29T18:54:50.933464+00:00
Olorin Thomas-Zahner,,olorinthomas@gmail.com,(831) 331-8432,New,csv_import,santa_cruz,General Membership,,Just exploring,call,online,"Address: 431 Palm St, Santa Cruz, CA, 95060
How heard: online",imported,1/27/1995,431 Palm St,Santa Cruz,CA,95060,2026-03-29T18:54:50.933464+00:00
Chris Dollar,,cj.cdollar@gmail.com,(831) 588-1718,New,csv_import,santa_cruz,General Membership,,Just exploring,call,Janet Dollar,"Address: 412 34th Ave, Santa Cruz, CA, 95062
How heard: Janet Dollar",imported,7/30/1957,412 34th Ave,Santa Cruz,CA,95062,2026-03-29T18:54:50.933464+00:00
Lori Elling,,elling.lori@gmail.com,(650) 704-7837,New,csv_import,santa_cruz,General Membership,,Just exploring,call,friend,"Address: 1020 Lewis Circle, Santa Cruz, CA, 95062
How heard: friend",imported,9/2/1989,1020 Lewis Circle,Santa Cruz,CA,95062,2026-03-29T18:54:50.933464+00:00
Louisiana Ellis,,louisianarose6@gmail.com,(831) 291-8845,New,csv_import,santa_cruz,General Membership,,Just exploring,call,PT,"Address: 127 Allegro Dr, Santa Cruz, CA, 95060
How heard: PT",imported,,127 Allegro Dr,Santa Cruz,CA,95060,2026-03-29T18:54:50.933464+00:00
Jessica Espinoza,,jessica.espinoza@gmail.com,(702) 835-3333,New,csv_import,santa_cruz,General Membership,,Just exploring,call,online,"Address: 521 Emeline Ave, Santa Cruz, CA, 95060
How heard: online",imported,7/5/1977,521 Emeline Ave,Santa Cruz,CA,95060,2026-03-29T18:54:50.933464+00:00
Stefany Erwin,,stfanypm559@gmail.com,(831) 713-9172,New,csv_import,santa_cruz,General Membership,,Just exploring,call,,"Address: 312 Tanner Heights Dr, Santa Cruz, CA, 95060",imported,7/21/1998,312 Tanner Heights Dr,Santa Cruz,CA,95060,2026-03-29T18:54:50.933464+00:00
April Davis,,apeann@apeann.com,(408) 497-5207,New,csv_import,santa_cruz,General Membership,,Just exploring,call,,"Address: 214 Mission St, Santa Cruz, Ca, 95060",imported,11/6/1977,214 Mission St,Santa Cruz,Ca,95060,2026-03-29T18:54:50.933464+00:00
Valerie Duque,,vluv76@me.com,(415) 810-9995,New,csv_import,santa_cruz,General Membership,,Just exploring,call,,"Address: 215 S Branciforte, Santa Cruz, CA, 95062",imported,10/31/1976,215 S Branciforte,Santa Cruz,CA,95062,2026-03-29T18:54:50.933464+00:00
Michelle Durst,,mdursty@yahoo.com,(831) 212-2370,New,csv_import,santa_cruz,General Membership,,Just exploring,call,online,"Address: 21678 East Cliff Dr., Santa Cruz, CA, 95062
How heard: online",imported,12/15/1990,21678 East Cliff Dr.,Santa Cruz,CA,95062,2026-03-29T18:54:50.933464+00:00
Nikola Dichev,,nickdichev@yahoo.com,(831) 818-9019,New,csv_import,santa_cruz,General Membership,,Just exploring,call,trained here before,"Address: 212 Rankin St, Santa Cruz, CA, 95060
How heard: trained here before",imported,10/1/1995,212 Rankin St,Santa Cruz,CA,95060,2026-03-29T18:54:50.933464+00:00
Gabe Discipulo,,gabediscipulo@gmail.com,(831) 419-3122,New,csv_import,santa_cruz,General Membership,,Just exploring,call,,"Address: 243A Walk Cir, Santa Cruz, CA, 95060",imported,3/7/2001,243A Walk Cir,Santa Cruz,CA,95060,2026-03-29T18:54:50.933464+00:00
Rafael Delgadillo,,rafaeldelgadillo@gmail.com,(504) 495-4803,New,csv_import,santa_cruz,General Membership,,Just exploring,call,internet,"Address: 528 California Ave, Santa Cruz, CA, 95060
How heard: internet",imported,5/21/1982,528 California Ave,Santa Cruz,CA,95060,2026-03-29T18:54:50.933464+00:00
Varun Dhananjaya,,varun.dhananjaya@looker.com,(425) 372-8787,New,csv_import,santa_cruz,General Membership,,Just exploring,call,,"Address: 200 Jeter St, Santa Cruz, CA, 95060",imported,1/7/1996,200 Jeter St,Santa Cruz,CA,95060,2026-03-29T18:54:50.933464+00:00
LLEDIF DELA SERNA,,lledifdelaserna1@gmail.com,(831) 475-2049,New,csv_import,santa_cruz,General Membership,,Just exploring,call,,"Address: 3420 GROSS RD, SANTA CRUZ, CA, 95062",imported,9/1/1996,3420 GROSS RD,SANTA CRUZ,CA,95062,2026-03-29T18:54:50.933464+00:00
DARIO DANGELO,,devioo@mail.com,(408) 674-9441,New,csv_import,santa_cruz,General Membership,,Just exploring,call,Friend (Luke),"Address: 100 JOCELYN CT, Santa Cruz, CA, 95060
How heard: Friend (Luke)",imported,9/10/1968,100 JOCELYN CT,Santa Cruz,CA,95060,2026-03-29T18:54:50.933464+00:00
Tina DAngelo,,tinamawla@gmail.com,(408) 761-4060,New,csv_import,santa_cruz,General Membership,,Just exploring,call,Dario DAngelo,"Address: 100 Jocelyn, Santa Cruz, CA, 95060
How heard: Dario DAngelo",imported,4/9/1968,100 Jocelyn,Santa Cruz,CA,95060,2026-03-29T18:54:50.933464+00:00
Vaishnavi Dornadula,,vdornadu@ucsc.edu,(510) 396-4375,New,csv_import,santa_cruz,General Membership,,Just exploring,call,Friends (David & Rohan),"Address: 167 Archer St, Santa Cruz, CA, 94539
How heard: Friends (David & Rohan)",imported,6/4/1999,167 Archer St,Santa Cruz,CA,94539,2026-03-29T18:54:50.933464+00:00
Matthew DeMartino,,demartino.matthew@gmail.com,(480) 544-6894,New,csv_import,santa_cruz,General Membership,,Just exploring,call,Google,"Address: 1224 Delaware Ave, Santa Cruz, CA, 95060
How heard: Google",imported,12/28/1976,1224 Delaware Ave,Santa Cruz,CA,95060,2026-03-29T18:54:50.933464+00:00
Julia Daniel,,huliadaniel8@gmail.com,(415) 233-0348,New,csv_import,santa_cruz,General Membership,,Just exploring,call,Aaron Daniel,"Address: 511 Chestnut St, Santa Cruz, CA, 95060
How heard: Aaron Daniel",imported,8/21/1992,511 Chestnut St,Santa Cruz,CA,95060,2026-03-29T18:54:50.933464+00:00
Jake DiBello,,jake.dibello2002@gmail.com,(760) 601-5105,New,csv_import,santa_cruz,General Membership,,Just exploring,call,Google Maps,"Address: ""UCSC, College ten 710 College 10 Rd #290"", Santa Cruz, CA, 95064
How heard: Google Maps",imported,5/13/2002,"""UCSC, College ten 710 College 10 Rd #290""",Santa Cruz,CA,95064,2026-03-29T18:54:50.933464+00:00
Gillian Davis,,gillykdavis@gmail.com,(650) 303-5775,New,csv_import,santa_cruz,General Membership,,Just exploring,call,Online,"Address: 132 Segre Pl, Santa Cruz, CA, 95060
How heard: Online",imported,11/24/1997,132 Segre Pl,Santa Cruz,CA,95060,2026-03-29T18:54:50.933464+00:00
Joaquin Dizon,,joaquindizon00@gmail.com,(510) 541-4125,New,csv_import,santa_cruz,General Membership,,Just exploring,call,friend,"Address: 141 Chestnut St #218, Santa Cruz, CA, 95060
How heard: friend",imported,10/1/2000,141 Chestnut St #218,Santa Cruz,CA,95060,2026-03-29T18:54:50.933464+00:00
Rohit Das,,d-rohit98@gmail.com,(831) 266-5298,New,csv_import,santa_cruz,General Membership,,Just exploring,call,UCSC,"Address: 122 Peach Terrace, Santa Cruz, CA, 95060
How heard: UCSC",imported,1/17/1998,122 Peach Terrace,Santa Cruz,CA,95060,2026-03-29T18:54:50.933464+00:00
Charlotte Davis,,charlottedavis81@gmail.com,(650) 996-0124,New,csv_import,santa_cruz,General Membership,,Just exploring,call,Morghan King!,"Address: 517A Darwin St, Santa Cruz, CA, 95062
How heard: Morghan King!",imported,3/1/1992,517A Darwin St,Santa Cruz,CA,95062,2026-03-29T18:54:50.933464+00:00
Ella Desmond,,dezythemoonbear@gmail.com,(831) 888-7698,New,csv_import,santa_cruz,General Membership,,Just exploring,call,google,"Address: 541 meder st, Santa Cruz, CA, 93060
How heard: google",imported,9/10/2004,541 meder st,Santa Cruz,CA,93060,2026-03-29T18:54:50.933464+00:00
Dylan Do,,dylan.do.business@gmail.com,(949) 981-9162,New,csv_import,santa_cruz,General Membership,,Just exploring,call,Friend,"Address: 139 Northrop Pl, Santa Cruz, CA, 95060
How heard: Friend",imported,1/24/2002,139 Northrop Pl,Santa Cruz,CA,95060,2026-03-29T18:54:50.933464+00:00
Shan Desmond,,dezy-1969@yahoo.com,(831) 234-8460,New,csv_import,santa_cruz,General Membership,,Just exploring,call,Ella Desmond,"Address: 541 Meder St., Santa Cruz, CA, 95060
How heard: Ella Desmond",imported,11/25/1969,541 Meder St.,Santa Cruz,CA,95060,2026-03-29T18:54:50.933464+00:00
Thomas Leidenthal,,trl24601@,(925) 522-9628,New,csv_import,santa_cruz,General Membership,,Just exploring,call,,"Address: 105 Mott Ave, Santa Cruz, CA, 95062",imported,4/18/1988,105 Mott Ave,Santa Cruz,CA,95062,2026-03-29T18:54:50.933464+00:00
Michelle Laskey,,mslaskey@yahoo.com,(831) 332-9416,New,csv_import,santa_cruz,General Membership,,Just exploring,call,,"Address: 127 Plateau Ave, Santa Cruz, CA, 95060",imported,1/26/1967,127 Plateau Ave,Santa Cruz,CA,95060,2026-03-29T18:54:50.933464+00:00
Melissa Luis,,maluis@ucsc.edu,(310) 633-3698,New,csv_import,santa_cruz,General Membership,,Just exploring,call,,"Address: 810 Fair Ave, Santa Cruz, CA, 95060",imported,5/2/1994,810 Fair Ave,Santa Cruz,CA,95060,2026-03-29T18:54:50.933464+00:00
TONY LUISI,,tonyluisijr@icloud.com,(510) 453-0019,New,csv_import,santa_cruz,General Membership,,Just exploring,call,INTERNET,"Address: ""343 SOQUEL AVE, APT 42"", SANTA CRUZ, CA, 95062
How heard: INTERNET",imported,6/15/1960,"""343 SOQUEL AVE, APT 42""",SANTA CRUZ,CA,95062,2026-03-29T18:54:50.933464+00:00
Jane Lee,,j-lee48@pacific.edu,(909) 418-1598,New,csv_import,santa_cruz,General Membership,,Just exploring,call,,"Address: 902 3rd St apt 24, Santa Cruz, CA, 95060",imported,2/27/1990,902 3rd St apt 24,Santa Cruz,CA,95060,2026-03-29T18:54:50.933464+00:00
Matthew Lopes,,lopesmatthew12226@gmail.com,(209) 217-2623,New,csv_import,santa_cruz,General Membership,,Just exploring,call,,"Address: 1630 Merrill St., Santa Cruz, CA, 95064",imported,1/29/1997,1630 Merrill St.,Santa Cruz,CA,95064,2026-03-29T18:54:50.933464+00:00
Katherine Lee,,kalamalichurchlee@gmail.com,(831) 566-3105,New,csv_import,santa_cruz,General Membership,,Just exploring,call,husband,"Address: 3414 Kenilworth Ln, Santa Cruz, CA, 95065
How heard: husband",imported,11/7/1987,3414 Kenilworth Ln,Santa Cruz,CA,95065,2026-03-29T18:54:50.933464+00:00
Demian Lee,,demianlee@hotmail.com,(831) 234-7462,New,csv_import,santa_cruz,General Membership,,Just exploring,call,Word of Mouth,"Address: 107 Post St., Santa Cruz, CA, 95060
How heard: Word of Mouth",imported,3/1/1971,107 Post St.,Santa Cruz,CA,95060,2026-03-29T18:54:50.933464+00:00
Teresa Locascio,,weliveaswedream@gmail.com,(702) 575-0264,New,csv_import,santa_cruz,General Membership,,Just exploring,call,Internet search,"Address: 336 Trescony St. Apt B, Santa Cruz, CA, 95060
How heard: Internet search",imported,12/3/1985,336 Trescony St. Apt B,Santa Cruz,CA,95060,2026-03-29T18:54:50.933464+00:00
Emily Lowdermilk,,emily.lowdermilk@gmail.com,(408) 917-0916,New,csv_import,santa_cruz,General Membership,,Just exploring,call,Friends,"Address: 607 Highland Ave, Santa Cruz, CA, 95060
How heard: Friends",imported,4/26/1997,607 Highland Ave,Santa Cruz,CA,95060,2026-03-29T18:54:50.933464+00:00
Kira Lapierre,,,(831) 251-2052,New,csv_import,santa_cruz,General Membership,,Just exploring,call,Down - DANNY'S CLIENT (DOUG THAR),"Address: 133 Jenne St, Santa Cruz, CA, 95060
How heard: Down - DANNY'S CLIENT (DOUG THAR)",imported,3/29/1998,133 Jenne St,Santa Cruz,CA,95060,2026-03-29T18:54:50.933464+00:00
Timothy Lee,,tim.s.lee423@gmail.com,(925) 329-8940,New,csv_import,santa_cruz,General Membership,,Just exploring,call,Friend - Drop In UCSC,"Address: 218 Alhambra Ave, Santa Cruz, CA, 95062
How heard: Friend - Drop In UCSC",imported,4/23/2002,218 Alhambra Ave,Santa Cruz,CA,95062,2026-03-29T18:54:50.933464+00:00
Stephanie Lain,,mostephl@gmail.com,(512) 474-4414,New,csv_import,santa_cruz,General Membership,,Just exploring,call,returning member,"Address: PO Box 1255, Santa Cruz, CA, 95061
How heard: returning member",imported,9/11/1969,PO Box 1255,Santa Cruz,CA,95061,2026-03-29T18:54:50.933464+00:00
Ryan Lund,,ryanmlund2@yahoo.com,(831) 332-3744,New,csv_import,santa_cruz,General Membership,,Just exploring,call,Danny Loop,"Address: 15 Pasatiempo Dr, Santa Cruz, CA, 95060
How heard: Danny Loop",imported,5/9/1988,15 Pasatiempo Dr,Santa Cruz,CA,95060,2026-03-29T18:54:50.933464+00:00
Marlena Luhr,,marlenamluhr@gmail.com,(631) 885-1820,New,csv_import,santa_cruz,General Membership,,Just exploring,call,Google,"Address: 624 Cayuga St, Santa Cruz, Ca, 95062
How heard: Google",imported,9/21/1992,624 Cayuga St,Santa Cruz,Ca,95062,2026-03-29T18:54:50.933464+00:00
Patrick Lopez,,patricklopez286@gmail.com,(805) 252-2516,New,csv_import,santa_cruz,General Membership,,Just exploring,call,from a member (Jake D.),"Address: 501 Cowell Service Rd, Santa Cruz, CA, 95064
How heard: from a member (Jake D.)",imported,6/30/2000,501 Cowell Service Rd,Santa Cruz,CA,95064,2026-03-29T18:54:50.933464+00:00
Ava Liu,,avamliu@outlook.com,(650) 713-6835,New,csv_import,santa_cruz,General Membership,,Just exploring,call,Jessica Yan,"Address: 183 Palo Verde Terrace, Santa Cruz, CA, 95060
How heard: Jessica Yan",imported,7/27/2004,183 Palo Verde Terrace,Santa Cruz,CA,95060,2026-03-29T18:54:50.933464+00:00
Brian Lee,,brian.lee1315@gmail.com,(626) 922-4502,New,csv_import,santa_cruz,General Membership,,Just exploring,call,ONLINE RESEARCH,"Address: 130 Pacheco Ave, Santa Cruz, CA, 95062
How heard: ONLINE RESEARCH",imported,2/8/1989,130 Pacheco Ave,Santa Cruz,CA,95062,2026-03-29T18:54:50.933464+00:00
Colleen Lee,,colleen1217@gmail.com,(408) 506-4051,New,csv_import,santa_cruz,General Membership,,Just exploring,call,word of mouth,"Address: 124 Walti Street, Santa Cruz, CA, 95060
How heard: word of mouth",imported,12/17/2000,124 Walti Street,Santa Cruz,CA,95060,2026-03-29T18:54:50.933464+00:00
Prakash Kamath,,kuashi1@gmail.com,(831) 234-5087,New,csv_import,santa_cruz,General Membership,,Just exploring,call,Doris Spencer,"Address: 1710 Jose Ave, Santa Cruz, CA, 95062
How heard: Doris Spencer",imported,8/16/1976,1710 Jose Ave,Santa Cruz,CA,95062,2026-03-29T18:54:50.933464+00:00
SYBIL LAM,,sybilwlam@gmail.com,(925) 699-8060,New,csv_import,santa_cruz,General Membership,,Just exploring,call,OLD MEMBER,"Address: 1450 MERRILL ST. APT 5, SANTA CRUZ, CA, 95062
How heard: OLD MEMBER",imported,8/5/1988,1450 MERRILL ST. APT 5,SANTA CRUZ,CA,95062,2026-03-29T18:54:50.933464+00:00
Melissa Klein,,,(831) 325-7999,New,csv_import,santa_cruz,General Membership,,Just exploring,call,,"Address: 220 8th Ave, Santa Cruz, CA, 95062",imported,12/31/1969,220 8th Ave,Santa Cruz,CA,95062,2026-03-29T18:54:50.933464+00:00
Trent Knebel,,knebel.trent@gmail.com,(831) 818-8471,New,csv_import,santa_cruz,General Membership,,Just exploring,call,,"Address: 425 Miramar Dr, Santa Cruz, CA, 95060",imported,8/24/1992,425 Miramar Dr,Santa Cruz,CA,95060,2026-03-29T18:54:50.933464+00:00
Noah Kawasaki,,ntkawasaki@gmail.com,(650) 576-9609,New,csv_import,santa_cruz,General Membership,,Just exploring,call,,"Address: 544 38th, Santa Cruz, CA, 95062",imported,7/5/1995,544 38th,Santa Cruz,CA,95062,2026-03-29T18:54:50.933464+00:00
Idan Kilburn,,ikilburn5@gmail.com,(231) 818-9540,New,csv_import,santa_cruz,General Membership,,Just exploring,call,,"Address: 122 trescony, Santa Cruz, CA, 95060",imported,9/15/1990,122 trescony,Santa Cruz,CA,95060,2026-03-29T18:54:50.933464+00:00
Aaron Klein,,aaronklein@sbcglobal.net,(847) 323-5225,New,csv_import,santa_cruz,General Membership,,Just exploring,call,,"Address: 6054 Thurber Ln, Santa Cruz, CA, 95065",imported,6/12/1975,6054 Thurber Ln,Santa Cruz,CA,95065,2026-03-29T18:54:50.933464+00:00
Narine Kadekian,,nkadekian@gmail.com,(831) 359-8652,New,csv_import,santa_cruz,General Membership,,Just exploring,call,me,"Address: 1417 Laurel St, Santa Cruz, CA, 95060
How heard: me",imported,10/21/1965,1417 Laurel St,Santa Cruz,CA,95060,2026-03-29T18:54:50.933464+00:00
KELLY KISSEE,,kelly@klautis.com,(831) 596-5233,New,csv_import,santa_cruz,General Membership,,Just exploring,call,,"Address: 111 LOS ALTOS CT, Santa Cruz, CA, 95066",imported,6/9/1969,111 LOS ALTOS CT,Santa Cruz,CA,95066,2026-03-29T18:54:50.933464+00:00
Schuyler Krawczuk,,schuylerk52@gmail.com,(510) 709-6825,New,csv_import,santa_cruz,General Membership,,Just exploring,call,Google,"Address: 231 Evergreen Street, Santa Cruz, CA, 95060
How heard: Google",imported,2/15/1994,231 Evergreen Street,Santa Cruz,CA,95060,2026-03-29T18:54:50.933464+00:00
GEOFF KANE,,gkane7680@yahoo.com,(559) 246-0461,New,csv_import,santa_cruz,General Membership,,Just exploring,call,FRIEND (BRITTANY RAYNOR),"Address: 420 LAGO LN., SANTA CRUZ, CA, 95062
How heard: FRIEND (BRITTANY RAYNOR)",imported,1/28/1976,420 LAGO LN.,SANTA CRUZ,CA,95062,2026-03-29T18:54:50.933464+00:00
Vladislav Kardash,,vladkardash@gmail.com,(650) 521-1525,New,csv_import,santa_cruz,General Membership,,Just exploring,call,UCSC Friends,"Address: 721 Modesto Ave, Santa Cruz, CA, 95060
How heard: UCSC Friends",imported,11/8/1998,721 Modesto Ave,Santa Cruz,CA,95060,2026-03-29T18:54:50.933464+00:00
Briana Kisling,,brianawrites@gmail.com,(831) 566-5783,New,csv_import,santa_cruz,General Membership,,Just exploring,call,Friend,"Address: 531 41st Avenue, Santa Cruz, CA, 95062
How heard: Friend",imported,4/7/1993,531 41st Avenue,Santa Cruz,CA,95062,2026-03-29T18:54:50.933464+00:00
Onorato Kevin,,waterbirdfamily@gmail.com,(831) 708-6607,New,csv_import,santa_cruz,General Membership,,Just exploring,call,Google,"Address: 715 Morrissey Blvd, Santa Cruz, CA, 95065
How heard: Google",imported,4/23/1971,715 Morrissey Blvd,Santa Cruz,CA,95065,2026-03-29T18:54:50.933464+00:00
Dan Krammer,,dan.krammer@gmail.com,(831) 345-2463,New,csv_import,santa_cruz,General Membership,,Just exploring,call,INTERNET / YELP,"Address: 310 MOUNTAIN VIEW AVE, SANTA CRUZ, CA, 95062
How heard: INTERNET / YELP",imported,1/24/1985,310 MOUNTAIN VIEW AVE,SANTA CRUZ,CA,95062,2026-03-29T18:54:50.933464+00:00
Max Kaplan,,maxjkaplan@gmail.com,(484) 614-6509,New,csv_import,santa_cruz,General Membership,,Just exploring,call,Word o' mouth,"Address: 513 Chestnut St, Santa Cruz, CA, 95060
How heard: Word o' mouth",imported,9/9/1990,513 Chestnut St,Santa Cruz,CA,95060,2026-03-29T18:54:50.933464+00:00
Jocelyn Kim,,jocelynhkim@gmail.com,(714) 732-1600,New,csv_import,santa_cruz,General Membership,,Just exploring,call,Google,"Address: 631 41st Ave, Santa Cruz, CA, 95062
How heard: Google",imported,5/9/1989,631 41st Ave,Santa Cruz,CA,95062,2026-03-29T18:54:50.933464+00:00
Andrey Kobzar,,headtubeangle@gmail.com,(415) 297-7400,New,csv_import,santa_cruz,General Membership,,Just exploring,call,,"Address: 141 Kenneth St, Santa Cruz, CA, 95060",imported,1/14/1987,141 Kenneth St,Santa Cruz,CA,95060,2026-03-29T18:54:50.933464+00:00
Mahalakshmi Krishna,,shielamk13@gmail.com,(510) 676-2674,New,csv_import,santa_cruz,General Membership,,Just exploring,call,people,"Address: 231 Oakes Rd, Santa Cruz, CA, 95064
How heard: people",imported,6/6/2002,231 Oakes Rd,Santa Cruz,CA,95064,2026-03-29T18:54:50.933464+00:00
Violette KOEMAN,,koemanfive@gmail.com,(831) 419-3781,New,csv_import,santa_cruz,General Membership,,Just exploring,call,DAD,"Address: 403 CALIFORNIA ST., SANTA CRUZ, CA, 95060
How heard: DAD",imported,4/10/2009,403 CALIFORNIA ST.,SANTA CRUZ,CA,95060,2026-03-29T18:54:50.933464+00:00
LINNEA JENKINS,,linneajenkins@icloud.com,(808) 339-5323,New,csv_import,santa_cruz,General Membership,,Just exploring,call,online,"Address: 333 Robles Dr., Santa Cruz, CA, 95060
How heard: online",imported,3/26/1989,333 Robles Dr.,Santa Cruz,CA,95060,2026-03-29T18:54:50.933464+00:00
Maxim Kuznetsov,,maakuzne@ucsc.edu,(650) 238-4677,New,csv_import,santa_cruz,General Membership,,Just exploring,call,friend,"Address: 1017 Nobel Dr., Santa Cruz, CA, 95060
How heard: friend",imported,11/25/1998,1017 Nobel Dr.,Santa Cruz,CA,95060,2026-03-29T18:54:50.933464+00:00
ANAND JOBANPUTRA,,ajj1612@gmail.com,(415) 426-9307,New,csv_import,santa_cruz,General Membership,,Just exploring,call,Seminar,"Address: 626 KOSHLAND WAY, SANTA CRUZ, CA, 95064
How heard: Seminar",imported,12/16/1989,626 KOSHLAND WAY,SANTA CRUZ,CA,95064,2026-03-29T18:54:50.933464+00:00
Rohan Jhangiani,,rohan280100@gmail.com,(702) 209-4105,New,csv_import,santa_cruz,General Membership,,Just exploring,call,,"Address: 551 Stevenson Sevenhood, Santa Cruz, CA, 95064",imported,12/8/2000,551 Stevenson Sevenhood,Santa Cruz,CA,95064,2026-03-29T18:54:50.933464+00:00
Kirk Johnson,,kcjohnson88@gmail.com,(831) 227-4831,New,csv_import,santa_cruz,General Membership,,Just exploring,call,,"Address: 2520 Charlene Lane, Santa Cruz, CA, 95062",imported,7/31/1988,2520 Charlene Lane,Santa Cruz,CA,95062,2026-03-29T18:54:50.933464+00:00
Kelsey Johnson,,kjohns19@gmail.com,(831) 750-5576,New,csv_import,santa_cruz,General Membership,,Just exploring,call,,"Address: 112 Oxford Way, Santa Cruz, CA, 95060",imported,4/19/1991,112 Oxford Way,Santa Cruz,CA,95060,2026-03-29T18:54:50.933464+00:00
SHELLY JAMES,,ssjchr@sbcglobal.net,(831) 430-6812,New,csv_import,santa_cruz,General Membership,,Just exploring,call,Doug Ley - JENNY CLIENT,"Address: 1036 Laurent St., Santa Cruz, CA, 95060
How heard: Doug Ley - JENNY CLIENT",imported,1/1/1957,1036 Laurent St.,Santa Cruz,CA,95060,2026-03-29T18:54:50.933464+00:00
Steven Juell,,juellsteven@gmail.com,(763) 923-8148,New,csv_import,santa_cruz,General Membership,,Just exploring,call,Internet,"Address: 1826 Hector Lane, Santa Cruz, CA, 95062
How heard: Internet",imported,7/25/1989,1826 Hector Lane,Santa Cruz,CA,95062,2026-03-29T18:54:50.933464+00:00
David Ip,,dcip@ucsc,(707) 639-2773,New,csv_import,santa_cruz,General Membership,,Just exploring,call,Discord UCSC CLUB,"Address: 1156 High St, Santa Cruz, CA, 95064
How heard: Discord UCSC CLUB",imported,1/23/2001,1156 High St,Santa Cruz,CA,95064,2026-03-29T18:54:50.933464+00:00
Cory Ibanez,,coryibanez93@gmail.com,(408) 306-8996,New,csv_import,santa_cruz,General Membership,,Just exploring,call,,"Address: 139 Segre Pl, Santa Cruz, CA, 95060",imported,4/15/1993,139 Segre Pl,Santa Cruz,CA,95060,2026-03-29T18:54:50.933464+00:00
Carly Johnson,,cmyjohnjohn@gmail.com,(831) 750-9708,New,csv_import,santa_cruz,General Membership,,Just exploring,call,James Cerbie,"Address: 112 Oxford Way, Santa Cruz, CA, 95060
How heard: James Cerbie",imported,2/9/1989,112 Oxford Way,Santa Cruz,CA,95060,2026-03-29T18:54:50.933464+00:00
ADITI JACOB,,admjacob@ucsc.edu,(732) 718-6058,New,csv_import,santa_cruz,General Membership,,Just exploring,call,Jessica,"Address: 1156 High St., Santa Cruz, CA, 95064
How heard: Jessica",imported,,1156 High St.,Santa Cruz,CA,95064,2026-03-29T18:54:50.933464+00:00
Sidra Hussain,,sidrahussain95@gmail.com,(818) 428-9163,New,csv_import,santa_cruz,General Membership,,Just exploring,call,yelp,"Address: 337 High St, Santa Cruz, CA, 95060
How heard: yelp",imported,9/5/1992,337 High St,Santa Cruz,CA,95060,2026-03-29T18:54:50.933464+00:00
Howard Heevner,,heevner@gmail.com,(773) 501-9189,New,csv_import,santa_cruz,General Membership,,Just exploring,call,Instagram,"Address: 248 Felix St. Unit B, Santa Cruz, CA, 95060
How heard: Instagram",imported,5/30/1976,248 Felix St. Unit B,Santa Cruz,CA,95060,2026-03-29T18:54:50.933464+00:00
CHRISTOPHER HANKES,,deputytopher@gmail.com,(831) 440-0522,New,csv_import,santa_cruz,General Membership,,Just exploring,call,,"Address: 2800 17TH, SANTA CRUZ, CA, 95062",imported,10/14/1980,2800 17TH,SANTA CRUZ,CA,95062,2026-03-29T18:54:50.933464+00:00
Rebecca Helme,,,(909) 273-9126,New,csv_import,santa_cruz,General Membership,,Just exploring,call,,"Address: 129 marnell ave, Santa Cruz, CA",imported,3/30/1993,129 marnell ave,Santa Cruz,CA,,2026-03-29T18:54:50.933464+00:00
SARAH HANSING,,hansing.sarah@gmail.com,(410) 908-5696,New,csv_import,santa_cruz,General Membership,,Just exploring,call,,"Address: 225 HEATY ST, SANTA CRUZ, CA, 95060",imported,12/27/1977,225 HEATY ST,SANTA CRUZ,CA,95060,2026-03-29T18:54:50.933464+00:00
JENNIFER HOOKER,,,(707) 761-6669,New,csv_import,santa_cruz,General Membership,,Just exploring,call,,"Address: PO BOX 1014, SANTA CRUZ, CA, 95061",imported,12/21/1990,PO BOX 1014,SANTA CRUZ,CA,95061,2026-03-29T18:54:50.933464+00:00
Jiarong Huang,,18666029695@163.com,(925) 490-3793,New,csv_import,santa_cruz,General Membership,,Just exploring,call,From friend,"Address: 1210 Shaffer Rd, Santa Cruz, CA, 95060
How heard: From friend",imported,6/12/1995,1210 Shaffer Rd,Santa Cruz,CA,95060,2026-03-29T18:54:50.933464+00:00
D'Shawn Hopkins,,dshawn hopkins@gmail.com,(831) 428-4981,New,csv_import,santa_cruz,General Membership,,Just exploring,call,Friend,"Address: 51 Merchant St, Santa Cruz, CA, 95060
How heard: Friend",imported,11/12/1997,51 Merchant St,Santa Cruz,CA,95060,2026-03-29T18:54:50.933464+00:00
Trevor Hoze,,trev.hoze@gmail.com,(831) 901-0239,New,csv_import,santa_cruz,General Membership,,Just exploring,call,Google,"Address: 500 Tie Gulch Rd, Santa Cruz, CA, 95065
How heard: Google",imported,10/4/1986,500 Tie Gulch Rd,Santa Cruz,CA,95065,2026-03-29T18:54:50.933464+00:00
Rachel Hall,,rehall@yahoo.com,(831) 345-0378,New,csv_import,santa_cruz,General Membership,,Just exploring,call,Katie Filson,"Address: 107 Union St, Santa Cruz, CA, 95065
How heard: Katie Filson",imported,6/18/1989,107 Union St,Santa Cruz,CA,95065,2026-03-29T18:54:50.933464+00:00
Stephan Hoffman,,stephanwhoffman@gmail.com,(917) 287-4844,New,csv_import,santa_cruz,General Membership,,Just exploring,call,Previous member,"Address: 207 Grandview St, Santa Cruz, CA, 95060
How heard: Previous member",imported,11/8/1986,207 Grandview St,Santa Cruz,CA,95060,2026-03-29T18:54:50.933464+00:00
Erin Hodges,,hodgeserin@yahoo.com,(831) 295-0802,New,csv_import,santa_cruz,General Membership,,Just exploring,call,School Auction,"Address: 121 Allerton St., Santa Cruz, CA, 95065
How heard: School Auction",imported,5/17/1976,121 Allerton St.,Santa Cruz,CA,95065,2026-03-29T18:54:50.933464+00:00
Maggie Hippman,,maggiehippman@gmail.com,(608) 235-6898,New,csv_import,santa_cruz,General Membership,,Just exploring,call,local search,"Address: 411 Escalona Drive, Santa Cruz, CA, 95060
How heard: local search",imported,3/16/1987,411 Escalona Drive,Santa Cruz,CA,95060,2026-03-29T18:54:50.933464+00:00
Jason Huggett,,jasonthuggett@gmail.com,(925) 437-6017,New,csv_import,santa_cruz,General Membership,,Just exploring,call,Meg,"Address: 939 Adelaida Ct, SANTA CRUZ, CA, 95062
How heard: Meg",imported,4/8/1986,939 Adelaida Ct,SANTA CRUZ,CA,95062,2026-03-29T18:54:50.933464+00:00
Andy He,,heandy11@yahoo.com,(510) 701-6223,New,csv_import,santa_cruz,General Membership,,Just exploring,call,Instagram,"Address: 810 Fair Avenue, Santa Cruz, CA, 95060
How heard: Instagram",imported,6/2/2000,810 Fair Avenue,Santa Cruz,CA,95060,2026-03-29T18:54:50.933464+00:00
Jeremy Hoke-garter,,dudebrohomie@hotmail.com,(209) 559-0000,New,csv_import,santa_cruz,General Membership,,Just exploring,call,Yelp,"Address: 537 California Ave, Santa Cruz, CA, 95060
How heard: Yelp",imported,8/25/1984,537 California Ave,Santa Cruz,CA,95060,2026-03-29T18:54:50.933464+00:00
Tara Handley,,thonech2@gmail.com,(707) 780-7431,New,csv_import,santa_cruz,General Membership,,Just exploring,call,H.H. Staff,"Address: 225 Mora Street, Santa Cruz, CA, 95060
How heard: H.H. Staff",imported,11/20/2001,225 Mora Street,Santa Cruz,CA,95060,2026-03-29T18:54:50.933464+00:00
Samuel Hernandez,,sherna86@ucsc.edu,(323) 495-2515,New,csv_import,santa_cruz,General Membership,,Just exploring,call,friend,"Address: 127 Burger Ln, Santa Cruz, CA, 95060
How heard: friend",imported,1/5/2001,127 Burger Ln,Santa Cruz,CA,95060,2026-03-29T18:54:50.933464+00:00
Daniel Hedin,,passbay@gmail.com,(831) 334-3007,New,csv_import,santa_cruz,General Membership,,Just exploring,call,Danny Bacchiega,"Address: 1328 Leila Ct, Santa Cruz, CA, 95062
How heard: Danny Bacchiega",imported,7/28/1985,1328 Leila Ct,Santa Cruz,CA,95062,2026-03-29T18:54:50.933464+00:00
Ricky Russell,,rrussell2013@gmail.com,(707) 235-4012,New,csv_import,santa_cruz,General Membership,,Just exploring,call,Yelp,"Address: 401 Pacific Ave #218, Santa Cruz, CA, 95060
How heard: Yelp",imported,10/1/1986,401 Pacific Ave #218,Santa Cruz,CA,95060,2026-03-29T18:54:50.933464+00:00
Will Rush,,rushwd0@gmail.com,(931) 808-4953,New,csv_import,santa_cruz,General Membership,,Just exploring,call,Sy's client,"Address: 227 Younglove Ave, Santa Cruz, CA, 95060
How heard: Sy's client",imported,6/4/1991,227 Younglove Ave,Santa Cruz,CA,95060,2026-03-29T18:54:50.933464+00:00
Nicholas Rich,,nicholasfrich13@gmail.com,(408) 856-4280,New,csv_import,santa_cruz,General Membership,,Just exploring,call,,"Address: 119 Felix St #4, Santa Cruz, CA, 95060",imported,10/8/1982,119 Felix St #4,Santa Cruz,CA,95060,2026-03-29T18:54:50.933464+00:00
Raquel Robinson,,rbreejon@gmail.com,(760) 702-6587,New,csv_import,santa_cruz,General Membership,,Just exploring,call,,"Address: 228 Mountain View Av Apt A, Santa Cruz, CA, 95062",imported,11/8/1993,228 Mountain View Av Apt A,Santa Cruz,CA,95062,2026-03-29T18:54:50.933464+00:00
Tyler Reed,,tylreeed@gmail.com,(209) 417-0447,New,csv_import,santa_cruz,General Membership,,Just exploring,call,,"Address: 328 Union St Apt C, Santa Cruz, CA, 95060",imported,8/14/1994,328 Union St Apt C,Santa Cruz,CA,95060,2026-03-29T18:54:50.933464+00:00
Jessica Rodriguez,,qjessica17@yahoo.com,(323) 423-2397,New,csv_import,santa_cruz,General Membership,,Just exploring,call,,"Address: 219 Mora St, Santa Cruz, CA, 95060",imported,2/22/1994,219 Mora St,Santa Cruz,CA,95060,2026-03-29T18:54:50.933464+00:00
SCOTT RASMANN,,scottrasmann@yahoo.com,(831) 331-9587,New,csv_import,santa_cruz,General Membership,,Just exploring,call,"""Friends: MARK MCCIRE, FAITH REID""","Address: 1040 RIVER ST. APT. 110, SANTA CRUZ, CA, 95060
How heard: ""Friends: MARK MCCIRE, FAITH REID""",imported,4/7/1970,1040 RIVER ST. APT. 110,SANTA CRUZ,CA,95060,2026-03-29T18:54:50.933464+00:00
Estevali Roldan,,estevali.roldan@gmail.com,(831) 334-6576,New,csv_import,santa_cruz,General Membership,,Just exploring,call,Iden,"Address: 810 N Branciforte Ave, Santa Cruz, CA, 95062
How heard: Iden",imported,8/17/1998,810 N Branciforte Ave,Santa Cruz,CA,95062,2026-03-29T18:54:50.933464+00:00
Joshua Runy,,jruny@ucsc.edu,(510) 472-3410,New,csv_import,santa_cruz,General Membership,,Just exploring,call,Internet,"Address: 157 Franklin St., Santa Cruz, CA, 95060
How heard: Internet",imported,6/8/1980,157 Franklin St.,Santa Cruz,CA,95060,2026-03-29T18:54:50.933464+00:00
Jillian Ritter,,jillian.ritter@gmail.com,(831) 234-1505,New,csv_import,santa_cruz,General Membership,,Just exploring,call,Friend - Christine Berge,"Address: 1356 Rodriguez St., Santa Cruz, CA, 95062
How heard: Friend - Christine Berge",imported,3/3/1983,1356 Rodriguez St.,Santa Cruz,CA,95062,2026-03-29T18:54:50.933464+00:00
DANIEL RADACH,,danielradach90@gmail.com,(213) 444-8860,New,csv_import,santa_cruz,General Membership,,Just exploring,call,GOOGLE,"Address: 617 41st AVENUE, SANTA CRUZ, CA, 95062
How heard: GOOGLE",imported,6/3/1990,617 41st AVENUE,SANTA CRUZ,CA,95062,2026-03-29T18:54:50.933464+00:00
Mikayla Reed,,breakers25.mikayla@gmail.com,(831) 431-0873,New,csv_import,santa_cruz,General Membership,,Just exploring,call,,"Address: 2021 Koopmans Ave, Santa Cruz, CA, 95062",imported,9/25/1998,2021 Koopmans Ave,Santa Cruz,CA,95062,2026-03-29T18:54:50.933464+00:00
Laura Ramirez,,lramir39@ucsc.edu,(559) 547-0710,New,csv_import,santa_cruz,General Membership,,Just exploring,call,Martin Klug-Noble,"Address: 121 Coulson Ave, Santa Cruz, CA, 95060
How heard: Martin Klug-Noble",imported,7/26/1996,121 Coulson Ave,Santa Cruz,CA,95060,2026-03-29T18:54:50.933464+00:00
Ronaldo Rodriguez,,rrodri43@ucsc.edu,(562) 417-1078,New,csv_import,santa_cruz,General Membership,,Just exploring,call,friend,"Address: 913 Laurel St, Santa Cruz, CA, 95060
How heard: friend",imported,9/24/1997,913 Laurel St,Santa Cruz,CA,95060,2026-03-29T18:54:50.933464+00:00
Stuart Rubio,,stuarthrubio95@gmail.com,(951) 965-8905,New,csv_import,santa_cruz,General Membership,,Just exploring,call,Google,"Address: 3045 Capitola Rd Apt 33, Santa Cruz, CA, 95062
How heard: Google",imported,1/12/1995,3045 Capitola Rd Apt 33,Santa Cruz,CA,95062,2026-03-29T18:54:50.933464+00:00
Tracie Root,,treeroot2013@gmail.com,(408) 687-0765,New,csv_import,santa_cruz,General Membership,,Just exploring,call,Jenny Roth,"Address: 517 Park Way, Santa Cruz, CA, 95062
How heard: Jenny Roth",imported,11/29/1968,517 Park Way,Santa Cruz,CA,95062,2026-03-29T18:54:50.933464+00:00
Rahil Rashid,,rahilr2001@gmail.com,(323) 749-1064,New,csv_import,santa_cruz,General Membership,,Just exploring,call,Rohan & David,"Address: 103 Palo Verde Terr, Santa Cruz, CA, 95060
How heard: Rohan & David",imported,4/6/2001,103 Palo Verde Terr,Santa Cruz,CA,95060,2026-03-29T18:54:50.933464+00:00
Cristian Razavi,,cristianrazavi@gmail.com,(949) 303-0142,New,csv_import,santa_cruz,General Membership,,Just exploring,call,Yelp!,"Address: 551 Stevenson Service Rd., Santa Cruz, CA, 95060
How heard: Yelp!",imported,6/30/1999,551 Stevenson Service Rd.,Santa Cruz,CA,95060,2026-03-29T18:54:50.933464+00:00
Caleb Ripley,,calebaripley@gmail.com,(480) 226-9400,New,csv_import,santa_cruz,General Membership,,Just exploring,call,Barbell Medicine Coach,"Address: 171 Emerald Forest Ln., Santa Cruz, CA, 95060
How heard: Barbell Medicine Coach",imported,11/23/1992,171 Emerald Forest Ln.,Santa Cruz,CA,95060,2026-03-29T18:54:50.933464+00:00
Shivani Rao,,surao@ucsc.edu,(925) 321-2743,New,csv_import,santa_cruz,General Membership,,Just exploring,call,Maxy!,"Address: 214 Castillion Terrace, Santa Cruz, CA, 95060
How heard: Maxy!",imported,8/13/2001,214 Castillion Terrace,Santa Cruz,CA,95060,2026-03-29T18:54:50.933464+00:00
Jordan Ramirez,,jordanrmrz47@gmail.com,(310) 648-4670,New,csv_import,santa_cruz,General Membership,,Just exploring,call,Strength Club,"Address: 801 mission street, Santa Cruz, CA, 95060
How heard: Strength Club",imported,10/14/2022,801 mission street,Santa Cruz,CA,95060,2026-03-29T18:54:50.933464+00:00
Alexandra Rudzinski,,rudzinska.alex@gmail.com,(408) 833-9639,New,csv_import,santa_cruz,General Membership,,Just exploring,call,,"Address: 332 Trescony St., Santa Cruz, CA, 95010",imported,2/8/1989,332 Trescony St.,Santa Cruz,CA,95010,2026-03-29T18:54:50.933464+00:00
HEIDI RHODES,,heidi@hhfreshfish.com,(831) 227-4484,New,csv_import,santa_cruz,General Membership,,Just exploring,call,Jeff,"Address: 307 Market St, Santa Cruz, CA, 95060
How heard: Jeff",imported,4/2/1981,307 Market St,Santa Cruz,CA,95060,2026-03-29T18:54:50.933464+00:00
Chicory Roth,,chicoryroth@gmail.com,(831) 297-0904,New,csv_import,santa_cruz,General Membership,,Just exploring,call,Google,"Address: 1770 17th ave #66, Santa Cruz, CA, 95062
How heard: Google",imported,4/29/1991,1770 17th ave #66,Santa Cruz,CA,95062,2026-03-29T18:54:50.933464+00:00
Ziyang Qin,,qinziyangjeff@outlook.com,(925) 300-5406,New,csv_import,santa_cruz,General Membership,,Just exploring,call,APP,"Address: 147 Claremont Ter, Santa Cruz, CA, 95060
How heard: APP",imported,2/28/1994,147 Claremont Ter,Santa Cruz,CA,95060,2026-03-29T18:54:50.933464+00:00
Joel Ranier,,joelbranier@gmail.com,(206) 962-0262,New,csv_import,santa_cruz,General Membership,,Just exploring,call,,"Address: 603 MIRAMAR DR, SANTA CRUZ, CA, 95060",imported,10/11/1987,603 MIRAMAR DR,SANTA CRUZ,CA,95060,2026-03-29T18:54:50.933464+00:00
Arianna Passaro,,icerosetrystle@yahoo.com,(831) 251-2636,New,csv_import,santa_cruz,General Membership,,Just exploring,call,,"Address: 509 California St, Santa Cruz, CA, 95060",imported,12/20/1990,509 California St,Santa Cruz,CA,95060,2026-03-29T18:54:50.933464+00:00
Jessica Piene,,pjessi495@gmail.com,(831) 900-8442,New,csv_import,santa_cruz,General Membership,,Just exploring,call,Yelp/Friends,"Address: 141 Felix St. #4, Santa Cruz, CA, 95060
How heard: Yelp/Friends",imported,11/22/1997,141 Felix St. #4,Santa Cruz,CA,95060,2026-03-29T18:54:50.933464+00:00
David Pheney,,dpheney@gmail.com,(209) 968-6309,New,csv_import,santa_cruz,General Membership,,Just exploring,call,yelp & clay,"Address: 150 Cool Creek Trl, Santa Cruz, CA, 95066
How heard: yelp & clay",imported,10/30/1981,150 Cool Creek Trl,Santa Cruz,CA,95066,2026-03-29T18:54:50.933464+00:00
Nishan Perera,,nishanperera@gmail.com,(831) 251-5374,New,csv_import,santa_cruz,General Membership,,Just exploring,call,Website - googling strength training and Santa Cruz,"Address: 714 Riverside Avenue #2, Santa Cruz, CA, 95060
How heard: Website - googling strength training and Santa Cruz",imported,,714 Riverside Avenue #2,Santa Cruz,CA,95060,2026-03-29T18:54:50.933464+00:00
Dylan Premo,,maboose@yahoo.com,(831) 454-6851,New,csv_import,santa_cruz,General Membership,,Just exploring,call,,"Address: 2325 Paul Minnie Ave, Santa Cruz, CA, 95062",imported,6/24/1990,2325 Paul Minnie Ave,Santa Cruz,CA,95062,2026-03-29T18:54:50.933464+00:00
Gregory Lafferty,,glaff29@gmail.com,(347) 523-1895,New,csv_import,santa_cruz,General Membership,,Just exploring,call,,"Address: 113 Plateau, Santa Cruz, CC, 95060",imported,,113 Plateau,Santa Cruz,CC,95060,2026-03-29T18:54:50.933464+00:00
Lorenzo Hernandez,,adaptivecoach505@gmail.com,(505) 901-2337,New,csv_import,santa_cruz,General Membership,,Just exploring,call,,"Address: 1012 San Lorenzo Dr., Santa Fe, NM, 87505",imported,4/30/1980,1012 San Lorenzo Dr.,Santa Fe,NM,87505,2026-03-29T18:54:50.933464+00:00
Jaden Greer,,jadeng116@gmail.com,(707) 236-4731,New,csv_import,santa_cruz,General Membership,,Just exploring,call,friend - LORI NEPHEW,"Address: 2312 APLB, Santa Rosa, CA, 95405
How heard: friend - LORI NEPHEW",imported,11/6/2006,2312 APLB,Santa Rosa,CA,95405,2026-03-29T18:54:50.933464+00:00
Emily Fleming,,flemingeme@gmail.com,(310) 351-6744,New,csv_import,santa_cruz,General Membership,,Just exploring,call,FRIEND,"Address: 1739 Bridgeway, Sausalito, CA, 94965
How heard: FRIEND",imported,,1739 Bridgeway,Sausalito,CA,94965,2026-03-29T18:54:50.933464+00:00
Shan C Sutton,,sutton.shaun@gmail.com,(831) 334-5607,New,csv_import,santa_cruz,General Membership,,Just exploring,call,Member previously,"Address: 409 Pennsylvania Ave, SC, CA, 95062
How heard: Member previously",imported,6/23/1975,409 Pennsylvania Ave,SC,CA,95062,2026-03-29T18:54:50.933464+00:00
Doug SchwaRm,,dscwarm@me.com,(808) 722-0314,New,csv_import,santa_cruz,General Membership,,Just exploring,call,Internet,"Address: 429 Clinton St, SC, CA, 95062
How heard: Internet",imported,3/19/1984,429 Clinton St,SC,CA,95062,2026-03-29T18:54:50.933464+00:00
Madeline Shuman,,hilbryant@gmail.com,(831) 427-2037,New,csv_import,santa_cruz,General Membership,,Just exploring,call,Naive,"Address: 145 Clark Ave., SC, CA, 95060
How heard: Naive",imported,6/12/2012,145 Clark Ave.,SC,CA,95060,2026-03-29T18:54:50.933464+00:00
Mel SCANAGATHA,,melascanagatha@hotmail.com,(831) 345-3912,New,csv_import,santa_cruz,General Membership,,Just exploring,call,,"Address: 150 Suburbia, SC, CA, 95062",imported,11/24/1971,150 Suburbia,SC,CA,95062,2026-03-29T18:54:50.933464+00:00
Steve McGuire,,mcguire.steve@gmail.com,(814) 777-3957,New,csv_import,santa_cruz,General Membership,,Just exploring,call,Friend,"Address: 7280 Nobel Dr, SC, CA, 95060
How heard: Friend",imported,12/28/1990,7280 Nobel Dr,SC,CA,95060,2026-03-29T18:54:50.933464+00:00
HEIDI MONTOYA,,heidiraymontoya@gmail.com,(831) 840-0027,New,csv_import,santa_cruz,General Membership,,Just exploring,call,I live in the neighborhood,"Address: 107 POST ST, SC, CA, 95060
How heard: I live in the neighborhood",imported,7/25/1972,107 POST ST,SC,CA,95060,2026-03-29T18:54:50.933464+00:00
Phillip Nguyen,,philng_100@gmail.com,(415) 569-0384,New,csv_import,santa_cruz,General Membership,,Just exploring,call,Discord,"Address: 2030 N. Pacific Ave, SC, CA, 95060
How heard: Discord",imported,7/26/2002,2030 N. Pacific Ave,SC,CA,95060,2026-03-29T18:54:50.933464+00:00
Betsy McCarty,,betsyz@baymoon.com,(831) 566-3982,New,csv_import,santa_cruz,General Membership,,Just exploring,call,From Trainer Dali,"Address: 1333 N Branciforte Dr, SC, CA, 95065
How heard: From Trainer Dali",imported,7/28/1939,1333 N Branciforte Dr,SC,CA,95065,2026-03-29T18:54:50.933464+00:00
Phillip Nguyen,,philng100@gmail.com,(415) 568-0384,New,csv_import,santa_cruz,General Membership,,Just exploring,call,Discord,"Address: 2030 N. Pacific Ave, SC, CA, 95060
How heard: Discord",imported,7/26/2002,2030 N. Pacific Ave,SC,CA,95060,2026-03-29T18:54:50.933464+00:00
Angelo Palmer,,,(408) 476-7078,New,csv_import,santa_cruz,General Membership,,Just exploring,call,Dad,"Address: 410 Van Ness, SC, CA, 95060
How heard: Dad",imported,12/3/2002,410 Van Ness,SC,CA,95060,2026-03-29T18:54:50.933464+00:00
Dan Palmer,,dpalmer595@gmail.com,(408) 476-7078,New,csv_import,santa_cruz,General Membership,,Just exploring,call,Kat G.,"Address: 410 Van Ness St, SC, CA, 95060
How heard: Kat G.",imported,3/11/1963,410 Van Ness St,SC,CA,95060,2026-03-29T18:54:50.933464+00:00
Sarah Pulley,,spulley123@gmail.com,(415) 866-0272,New,csv_import,santa_cruz,General Membership,,Just exploring,call,Self,"Address: 215 Owen St Apt A, SC, CA, 95062
How heard: Self",imported,10/18/1986,215 Owen St Apt A,SC,CA,95062,2026-03-29T18:54:50.933464+00:00
Mary Chandler Pruette,,marychandler1@gmail.com,(540) 520-6255,New,csv_import,santa_cruz,General Membership,,Just exploring,call,Cam Day,"Address: 4209 Smith Grade, SC, CA, 95060
How heard: Cam Day",imported,11/18/1987,4209 Smith Grade,SC,CA,95060,2026-03-29T18:54:50.933464+00:00
Noah Chadwick,,,(808) 282-5543,New,csv_import,santa_cruz,General Membership,,Just exploring,call,SCDG,"Address: 95 hagemann CT, SC, CA, 95062
How heard: SCDG",imported,2/9/1983,95 hagemann CT,SC,CA,95062,2026-03-29T18:54:50.933464+00:00
Tom Canada,,tjcanada@me.com,(805) 878-2708,New,csv_import,santa_cruz,General Membership,,Just exploring,call,Inter web,"Address: 1435 Jose Ave, SC, CA, 95062
How heard: Inter web",imported,1/8/1950,1435 Jose Ave,SC,CA,95062,2026-03-29T18:54:50.933464+00:00
Lucas Brockenborough,,lbrockenborough@students.kirby.org,(415) 319-2353,New,csv_import,santa_cruz,General Membership,,Just exploring,call,Website,"Address: 409 Windham, SC, CA, 95062
How heard: Website",imported,2/17/2002,409 Windham,SC,CA,95062,2026-03-29T18:54:50.933464+00:00
Aisha Brown,,foxee.firestorm@gmail.com,(831) 315-6434,New,csv_import,santa_cruz,General Membership,,Just exploring,call,Derby Derby Derby,"Address: 1724, SC, CA, 95060
How heard: Derby Derby Derby",imported,5/8/1979,1724,SC,CA,95060,2026-03-29T18:54:50.933464+00:00
JULIAN BROCKENBOROUGH,,jbrockenborough@vudvits.kirby.org,(628) 224-4143,New,csv_import,santa_cruz,General Membership,,Just exploring,call,BROTHER,"Address: 409 WINDHAM ST, SC, CA, 95062
How heard: BROTHER",imported,2/10/2006,409 WINDHAM ST,SC,CA,95062,2026-03-29T18:54:50.933464+00:00
Herb Aubach,,hja213@gmail.com,(408) 802-3411,New,csv_import,santa_cruz,General Membership,,Just exploring,call,,"Address: 319 Walnut Ave, SC, CA, 95060",imported,2/21/1983,319 Walnut Ave,SC,CA,95060,2026-03-29T18:54:50.933464+00:00
Erin Alvarez,,erinalvarez831@gmail.com,(831) 539-6818,New,csv_import,santa_cruz,General Membership,,Just exploring,call,Web Search,"Address: 308 River St. #028, SC, CA, 95060
How heard: Web Search",imported,11/18/1974,308 River St. #028,SC,CA,95060,2026-03-29T18:54:50.933464+00:00
Marc Gherardi,,marcgherardi,(831) 359-1542,New,csv_import,santa_cruz,General Membership,,Just exploring,call,Friend,"Address: 145 Laguna, SC, CA, 95060
How heard: Friend",imported,7/19/1958,145 Laguna,SC,CA,95060,2026-03-29T18:54:50.933464+00:00
Rebecca Friedman,,rebfriedman@gmail.com,(781) 201-0802,New,csv_import,santa_cruz,General Membership,,Just exploring,call,Leah,"Address: 2030 Benson Ave, SC, CA, 95065
How heard: Leah",imported,5/7/1985,2030 Benson Ave,SC,CA,95065,2026-03-29T18:54:50.933464+00:00
Karen Gill,,kgillx5@gmail.ca,(510) 386-7102,New,csv_import,santa_cruz,General Membership,,Just exploring,call,internet search,"Address: 218 Sheldon Ave, SC, CA, 95060
How heard: internet search",imported,1/29/1966,218 Sheldon Ave,SC,CA,95060,2026-03-29T18:54:50.933464+00:00
Nick Eisner,,nick.eisner@plantronics.com,(831) 566-2792,New,csv_import,santa_cruz,General Membership,,Just exploring,call,,"Address: 501 Corcoran Ave, SC, CA, 95062",imported,2/14/1957,501 Corcoran Ave,SC,CA,95062,2026-03-29T18:54:50.933464+00:00
Jackson Danforth,,jeck1998@gmail.com,(858) 208-8725,New,csv_import,santa_cruz,General Membership,,Just exploring,call,Internet,"Address: 323 Broadway, SC, CA, 95060
How heard: Internet",imported,9/24/1998,323 Broadway,SC,CA,95060,2026-03-29T18:54:50.933464+00:00
Anne DiBenedetto,,anne@dibenedettolaw.com,(831) 750-5778,New,csv_import,santa_cruz,General Membership,,Just exploring,call,Chris Smith,"Address: 239 Younglove Ave., SC, CA, 95060
How heard: Chris Smith",imported,10/16/1964,239 Younglove Ave.,SC,CA,95060,2026-03-29T18:54:50.933464+00:00
Lisa Likes,,lisa@piratepilates.com,(714) 313-5757,New,csv_import,santa_cruz,General Membership,,Just exploring,call,Lexi,"Address: 546 37th, SC, CA
How heard: Lexi",imported,3/16/1980,546 37th,SC,CA,,2026-03-29T18:54:50.933464+00:00
Douglas P. Ley,,dpley51@gmail.com,(415) 518-8614,New,csv_import,santa_cruz,General Membership,,Just exploring,call,Jenny Roth,"Address: P.O. Box 720, SC, CA, 95061
How heard: Jenny Roth",imported,7/20/1951,P.O. Box 720,SC,CA,95061,2026-03-29T18:54:50.933464+00:00
Janet Hope,,hopefamily@cruzio.com,(831) 458-1424,New,csv_import,santa_cruz,General Membership,,Just exploring,call,Marine,"Address: 500 Tie Gulch, SC, CA, 95065
How heard: Marine",imported,12/29/1958,500 Tie Gulch,SC,CA,95065,2026-03-29T18:54:50.933464+00:00
MASON HICKS,,channelone@comcast.net,(831) 713-5203,New,csv_import,santa_cruz,General Membership,,Just exploring,call,MARINE,"Address: 1920 BROADWAY, SC, CA, 95062
How heard: MARINE",imported,5/31/1975,1920 BROADWAY,SC,CA,95062,2026-03-29T18:54:50.933464+00:00
Steven Herbert,,stevenherbertphotos@yahoo,(831) 359-5875,New,csv_import,santa_cruz,General Membership,,Just exploring,call,Jerry,"Address: 4301 Grace St, SC, CA, 95010
How heard: Jerry",imported,11/29/1984,4301 Grace St,SC,CA,95010,2026-03-29T18:54:50.933464+00:00
Heidi Hoffman,,htremc@aol.com,(831) 426-2506,New,csv_import,santa_cruz,General Membership,,Just exploring,call,Jenny Roth,"Address: 318 Laurent St, SC, CA, 95060
How heard: Jenny Roth",imported,9/13/1971,318 Laurent St,SC,CA,95060,2026-03-29T18:54:50.933464+00:00
AMIE HOWARD,,amiehoward@831@gmail.com,(831) 419-5931,New,csv_import,santa_cruz,General Membership,,Just exploring,call,CINDY REEVES,"Address: 130 MARNELL AVE, SC, CA, 95062
How heard: CINDY REEVES",imported,2/7/1973,130 MARNELL AVE,SC,CA,95062,2026-03-29T18:54:50.933464+00:00
Miel Ruchman,,blissbelly@gmail.com,(831) 515-2354,New,csv_import,santa_cruz,General Membership,,Just exploring,call,Derby!,"Address: 116 Wallillon Ct, SC, CA, 95060
How heard: Derby!",imported,7/16/2006,116 Wallillon Ct,SC,CA,95060,2026-03-29T18:54:50.933464+00:00
Mary Bennion,,marybennion@hotmail.com,(408) 575-6003,New,csv_import,santa_cruz,General Membership,,Just exploring,call,previous customer,"Address: 1025 BAY ST., SC, 95060
How heard: previous customer",imported,3/11/1969,1025 BAY ST.,SC,,95060,2026-03-29T18:54:50.933464+00:00
Susan Benar,,suebenar4@gmail.com,(831) 234-7489,New,csv_import,santa_cruz,General Membership,,Just exploring,call,friends,"Address: 3031 Buckingham, SC, 95062
How heard: friends",imported,7/26/1967,3031 Buckingham,SC,,95062,2026-03-29T18:54:50.933464+00:00
LAURA LIVINGSTON,,lauralikesplants@gmail,(831) 566-4878,New,csv_import,santa_cruz,General Membership,,Just exploring,call,,"Address: 1233 LAUREL ST, SC",imported,5/21/1957,1233 LAUREL ST,SC,,,2026-03-29T18:54:50.933464+00:00
Jenny Miller,,jaxcoachk@aol.com,(610) 517-3704,New,csv_import,santa_cruz,General Membership,,Just exploring,call,Instagram,"Address: 113 Raleigh Rd, Schuylkill, PA, 19473
How heard: Instagram",imported,4/13/1968,113 Raleigh Rd,Schuylkill,PA,19473,2026-03-29T18:54:50.933464+00:00
Jenny Miller,,laxcoachk@aol.com,(610) 517-3704,New,csv_import,santa_cruz,General Membership,,Just exploring,call,Instagram,"Address: 113 Raleigh Rd, Schwenksville, PA, 19473
How heard: Instagram",imported,4/13/1968,113 Raleigh Rd,Schwenksville,PA,19473,2026-03-29T18:54:50.933464+00:00
Jace Stevens,,lexistevens212@gmail.com,(831) 247-0431,New,csv_import,santa_cruz,General Membership,,Just exploring,call,Mother is Lexi Stevens,"Address: 114 Southwood Drive, Scotts Valley, CA, 95066
How heard: Mother is Lexi Stevens",imported,2/17/2017,114 Southwood Drive,Scotts Valley,CA,95066,2026-03-29T18:54:50.933464+00:00
Cricket Sloan,,cricketsloan@gmail.com,(831) 419-6792,New,csv_import,santa_cruz,General Membership,,Just exploring,call,Danny Loop,"Address: 2932 Granite Creek, Scotts Valley, CA, 95066
How heard: Danny Loop",imported,5/12/1973,2932 Granite Creek,Scotts Valley,CA,95066,2026-03-29T18:54:50.933464+00:00
Renzo Nasser,,renme@icloud.com,(831) 234-7298,New,csv_import,santa_cruz,General Membership,,Just exploring,call,Nico Nasser - Cory Fromiloe,"Address: 10 Ridgecrest Lane, Scotts Valley, CA, 95066
How heard: Nico Nasser - Cory Fromiloe",imported,8/20/2009,10 Ridgecrest Lane,Scotts Valley,CA,95066,2026-03-29T18:54:50.933464+00:00
Micca Meccinnigh,,micca@protonmail.com,(831) 515-7421,New,csv_import,santa_cruz,General Membership,,Just exploring,call,Used to train here,"Address: 500 Thomson Lane, Scotts Valley, CA, 95066
How heard: Used to train here",imported,1/15/1979,500 Thomson Lane,Scotts Valley,CA,95066,2026-03-29T18:54:50.933464+00:00
Nico Meisger,,niluime@icloud.com,(831) 818-7204,New,csv_import,santa_cruz,General Membership,,Just exploring,call,A Friend,"Address: 18 Ridgecrest Ln, Scotts Valley, CA, 95066
How heard: A Friend",imported,1/17/2007,18 Ridgecrest Ln,Scotts Valley,CA,95066,2026-03-29T18:54:50.933464+00:00
Estefani Morales,,est.morales19@gmail.com,(614) 708-6157,New,csv_import,santa_cruz,General Membership,,Just exploring,call,Online,"Address: 100 La Canada wy, Scotts Valley, CA, 95060
How heard: Online",imported,6/21/1989,100 La Canada wy,Scotts Valley,CA,95060,2026-03-29T18:54:50.933464+00:00
Emma Massingill,,emmamassingill@gmail.com,(831) 227-8088,New,csv_import,santa_cruz,General Membership,,Just exploring,call,Yelp!,"Address: 170 Upridge Dr, Scotts Valley, CA, 95066
How heard: Yelp!",imported,5/27/1994,170 Upridge Dr,Scotts Valley,CA,95066,2026-03-29T18:54:50.933464+00:00
Michael Macatee,,mmacatee@gmail.com,(831) 334-7950,New,csv_import,santa_cruz,General Membership,,Just exploring,call,Former client,"Address: 21 Coopers Hawk Ct, Scotts Valley, CA, 95066
How heard: Former client",imported,11/25/1997,21 Coopers Hawk Ct,Scotts Valley,CA,95066,2026-03-29T18:54:50.933464+00:00
Colette Menezes,,colette.menezes@yahoo.com,(831) 706-1969,New,csv_import,santa_cruz,General Membership,,Just exploring,call,,"Address: 115 Christal Oaks Dr., Scotts Valley, CA, 95066",imported,,115 Christal Oaks Dr.,Scotts Valley,CA,95066,2026-03-29T18:54:50.933464+00:00
Megan Miller,,millarweg@me.com,(831) 331-8031,New,csv_import,santa_cruz,General Membership,,Just exploring,call,Returning Member,"Address: 790 Whispering Pines, Scotts Valley, CA, 95066
How heard: Returning Member",imported,7/4/1964,790 Whispering Pines,Scotts Valley,CA,95066,2026-03-29T18:54:50.933464+00:00
Darby McFall,,darby.mcfall@gmail.com,(831) 252-0321,New,csv_import,santa_cruz,General Membership,,Just exploring,call,,"Address: 1101 Whispering Pine Dr., Scotts Valley, CA, 95066",imported,12/4/1995,1101 Whispering Pine Dr.,Scotts Valley,CA,95066,2026-03-29T18:54:50.933464+00:00
Ryan Myers,,myersryan98@gmail.com,(831) 713-7797,New,csv_import,santa_cruz,General Membership,,Just exploring,call,Lexi Stevens,"Address: 311 Ann Court, Scotts Valley, CA, 95066
How heard: Lexi Stevens",imported,3/3/1998,311 Ann Court,Scotts Valley,CA,95066,2026-03-29T18:54:50.933464+00:00
Megan Miller,,millermeg@me.com,(831) 331-8031,New,csv_import,santa_cruz,General Membership,,Just exploring,call,Friend - SANTA CRUZ TRAINS RAT,"Address: 770 Whispering Pines, Scotts Valley, CA, 95066
How heard: Friend - SANTA CRUZ TRAINS RAT",imported,7/4/1964,770 Whispering Pines,Scotts Valley,CA,95066,2026-03-29T18:54:50.933464+00:00
Lauralee McDonald,,lauralee.mcdonald@gmail.com,(704) 724-6896,New,csv_import,santa_cruz,General Membership,,Just exploring,call,DENNIS CLASS,"Address: 124 Dunn Ln, Scotts Valley, CA, 95066
How heard: DENNIS CLASS",imported,5/18/1976,124 Dunn Ln,Scotts Valley,CA,95066,2026-03-29T18:54:50.933464+00:00
Bill Marzolla,,billmarzolla@gmail.com,(530) 575-1242,New,csv_import,santa_cruz,General Membership,,Just exploring,call,Narine (Crossfit Scotts Valley),"Address: 265 Bethany Drive, Scotts Valley, CA, 95066
How heard: Narine (Crossfit Scotts Valley)",imported,6/29/1987,265 Bethany Drive,Scotts Valley,CA,95066,2026-03-29T18:54:50.933464+00:00
Renzo Maisser,,reanme@icloud.com,(831) 234-7298,New,csv_import,santa_cruz,General Membership,,Just exploring,call,Nico Meisser - Cory Fromilloe,"Address: 18 Ridgecrest Lane, Scotts Valley, CA, 95066
How heard: Nico Meisser - Cory Fromilloe",imported,8/20/2009,18 Ridgecrest Lane,Scotts Valley,CA,95066,2026-03-29T18:54:50.933464+00:00
Mioca Maccoinneigh,,mioca@protonmail.com,(831) 515-7421,New,csv_import,santa_cruz,General Membership,,Just exploring,call,Used to train here,"Address: 500 Thomson Lane, Scotts Valley, CA, 95066
How heard: Used to train here",imported,1/15/1979,500 Thomson Lane,Scotts Valley,CA,95066,2026-03-29T18:54:50.933464+00:00
Nico Meisser,,nilvime@icloud.com,(831) 818-7708,New,csv_import,santa_cruz,General Membership,,Just exploring,call,A friend.,"Address: 18 Ridgecrest LN, Scotts Valley, CA, 95066
How heard: A friend.",imported,1/17/2007,18 Ridgecrest LN,Scotts Valley,CA,95066,2026-03-29T18:54:50.933464+00:00
Emma Messingill,,emma.messingill@gmail.com,(831) 227-8088,New,csv_import,santa_cruz,General Membership,,Just exploring,call,Yelp!,"Address: 170 Northridge Dr, Scotts Valley, CA, 95066
How heard: Yelp!",imported,5/27/1994,170 Northridge Dr,Scotts Valley,CA,95066,2026-03-29T18:54:50.933464+00:00
Michael Macatee,,mnmacatee@gmail.com,(831) 334-7950,New,csv_import,santa_cruz,General Membership,,Just exploring,call,Former client,"Address: 21 Coopers Hawk Ct, Scotts Valley, CA, 95066
How heard: Former client",imported,11/25/1997,21 Coopers Hawk Ct,Scotts Valley,CA,95066,2026-03-29T18:54:50.933464+00:00
Colette Menezes,,colette_menezes@yahoo.com,(831) 706-1469,New,csv_import,santa_cruz,General Membership,,Just exploring,call,,"Address: 115 Christel Oaks Dr., Scotts Valley, CA, 95066",imported,,115 Christel Oaks Dr.,Scotts Valley,CA,95066,2026-03-29T18:54:50.933464+00:00
Matt O'Brien-Rojo,,mobrienrojo@gmail.com,(831) 334-0485,New,csv_import,santa_cruz,General Membership,,Just exploring,call,Instagram,"Address: 444-144 Whispering Pines Dr, Scotts Valley, CA, 95066
How heard: Instagram",imported,4/4/2004,444-144 Whispering Pines Dr,Scotts Valley,CA,95066,2026-03-29T18:54:50.933464+00:00
Jennifer Corstorphine,,jnaystray@hotmail.com,(720) 261-5108,New,csv_import,santa_cruz,General Membership,,Just exploring,call,friend - SYS CLIENT REFERRED BY MIKE,"Address: 210 Weilde Dr., Scotts Valley, CA, 95066
How heard: friend - SYS CLIENT REFERRED BY MIKE",imported,6/2/1976,210 Weilde Dr.,Scotts Valley,CA,95066,2026-03-29T18:54:50.933464+00:00
Curtis Clausen,,,(831) 295-4150,New,csv_import,santa_cruz,General Membership,,Just exploring,call,friend,"Address: 131 Sunset TR., Scotts Valley, CA, 95066
How heard: friend",imported,7/9/1995,131 Sunset TR.,Scotts Valley,CA,95066,2026-03-29T18:54:50.933464+00:00
Martina Chagolla,,n/a,(831) 786-6436,New,csv_import,santa_cruz,General Membership,,Just exploring,call,Online,"Address: Trammel way, Scotts Valley, CA, 95066
How heard: Online",imported,6/28/2005,Trammel way,Scotts Valley,CA,95066,2026-03-29T18:54:50.933464+00:00
Randall Brandt,,randy545@mac.com,(831) 332-4240,New,csv_import,santa_cruz,General Membership,,Just exploring,call,ONLINE,"Address: 100 Golden Eagle Ct, Scotts Valley, CA, 95066
How heard: ONLINE",imported,8/27/1991,100 Golden Eagle Ct,Scotts Valley,CA,95066,2026-03-29T18:54:50.933464+00:00
Cody Burnett,,burnettcod7018@gmail.com,(831) 239-4682,New,csv_import,santa_cruz,General Membership,,Just exploring,call,Michelle,"Address: 412 Navarra Dr., Scotts Valley, CA, 95066
How heard: Michelle",imported,5/7/1999,412 Navarra Dr.,Scotts Valley,CA,95066,2026-03-29T18:54:50.933464+00:00
Jody Bryson,,jodybryson17@gmail.com,(408) 679-0630,New,csv_import,santa_cruz,General Membership,,Just exploring,call,,"Address: 208 Navigator Dr, Scotts Valley, CA, 95066",imported,11/23/1972,208 Navigator Dr,Scotts Valley,CA,95066,2026-03-29T18:54:50.933464+00:00
CARL GOSLINE,,carl.gosline70@gmail.com,(408) 590-8894,New,csv_import,santa_cruz,General Membership,,Just exploring,call,DARLENE,"Address: 1500 CONFIDENCE DRIVE, SCOTTS VALLEY, CA, 95066
How heard: DARLENE",imported,2/8/1962,1500 CONFIDENCE DRIVE,SCOTTS VALLEY,CA,95066,2026-03-29T18:54:50.933464+00:00
Josh Fisher,,,(831) 566-0612,New,csv_import,santa_cruz,General Membership,,Just exploring,call,Jeff the man Saragusa,"Address: 512 acorn Ct, Scotts Valley, Ca, 95066
How heard: Jeff the man Saragusa",imported,,512 acorn Ct,Scotts Valley,Ca,95066,2026-03-29T18:54:50.933464+00:00
Nathalie Dion,,natdion211@gmail.com,(831) 247-8710,New,csv_import,santa_cruz,General Membership,,Just exploring,call,Ella Desmond,"Address: 214 el camino, Scotts Valley, CA, 95066
How heard: Ella Desmond",imported,2/11/2005,214 el camino,Scotts Valley,CA,95066,2026-03-29T18:54:50.933464+00:00
BENJAMIN LOPES,,ben_lopes@yahoo.com,(831) 438-0189,New,csv_import,santa_cruz,General Membership,,Just exploring,call,,"Address: 417 SILVERWOOD DR., SCOTTS VALLEY, CA, 95066",imported,1/13/1948,417 SILVERWOOD DR.,SCOTTS VALLEY,CA,95066,2026-03-29T18:54:50.933464+00:00
Ilse Lopes,,ilse-lopes@yahoo.com,(831) 438-0189,New,csv_import,santa_cruz,General Membership,,Just exploring,call,Been here before,"Address: 417 Silverwood Dr., Scotts Valley, CA, 95066
How heard: Been here before",imported,2/1/1954,417 Silverwood Dr.,Scotts Valley,CA,95066,2026-03-29T18:54:50.933464+00:00
Jason Lennington,,jasonlennington,(831) 246-3874,New,csv_import,santa_cruz,General Membership,,Just exploring,call,Narine Kadekian,"Address: 265 Bethany Dr., Scotts Valley, CA, 95066
How heard: Narine Kadekian",imported,8/3/1986,265 Bethany Dr.,Scotts Valley,CA,95066,2026-03-29T18:54:50.933464+00:00
Christopher Lively,,chriselively2@gmail.com,(831) 345-4688,New,csv_import,santa_cruz,General Membership,,Just exploring,call,LEANNE'S SON,"Address: 8 Cabernet Court, Scotts Valley, CA, 95066
How heard: LEANNE'S SON",imported,,8 Cabernet Court,Scotts Valley,CA,95066,2026-03-29T18:54:50.933464+00:00
Leigh Ann Lively,,leighannlively@gmail.com,(831) 345-4688,New,csv_import,santa_cruz,General Membership,,Just exploring,call,,"Address: 8 Cabernet Court, Scotts Valley, Ca, 95066",imported,8/28/1967,8 Cabernet Court,Scotts Valley,Ca,95066,2026-03-29T18:54:50.933464+00:00
Jan Keating,,jan.keating@sbcglobal.net,(831) 428-6500,New,csv_import,santa_cruz,General Membership,,Just exploring,call,Nanine,"Address: 635 Tabor Dr, Scotts Valley, CA, 95066
How heard: Nanine",imported,,635 Tabor Dr,Scotts Valley,CA,95066,2026-03-29T18:54:50.933464+00:00
Tom Kindley,,kindleyton@gmail.com,(781) 267-6115,New,csv_import,santa_cruz,General Membership,,Just exploring,call,Wife,"Address: 1101 Whispering Pines Dr, Scotts Valley, CA, 95066
How heard: Wife",imported,6/18/1994,1101 Whispering Pines Dr,Scotts Valley,CA,95066,2026-03-29T18:54:50.933464+00:00
Kate Kelsey,,katekelsey,(831) 332-2265,New,csv_import,santa_cruz,General Membership,,Just exploring,call,Friend (Derby Girls) TRAINING w/ JENNY ROTH,"Address: 14 Macleod Way, Scotts Valley, CA, 95066
How heard: Friend (Derby Girls) TRAINING w/ JENNY ROTH",imported,6/26/1981,14 Macleod Way,Scotts Valley,CA,95066,2026-03-29T18:54:50.933464+00:00
ERIC JANSSEN,,ejanssen2413@yahoo.com,(408) 857-1371,New,csv_import,santa_cruz,General Membership,,Just exploring,call,,"Address: 270 TABOR DR., SCOTTS VALLEY, CA, 95066",imported,3/13/1987,270 TABOR DR.,SCOTTS VALLEY,CA,95066,2026-03-29T18:54:50.933464+00:00
Lauren Happee,,laurenhappee@gmail.com,(831) 331-0499,New,csv_import,santa_cruz,General Membership,,Just exploring,call,,"Address: 53 York rd, scotts valley, CA, 95066",imported,3/6/1995,53 York rd,scotts valley,CA,95066,2026-03-29T18:54:50.933464+00:00
Donald Hunt,,dhunt@outlook.com,(831) 428-5162,New,csv_import,santa_cruz,General Membership,,Just exploring,call,,"Address: 5000 Scotts Valley Dr, Scotts Valley, CA, 95066",imported,2/2/1980,5000 Scotts Valley Dr,Scotts Valley,CA,95066,2026-03-29T18:54:50.933464+00:00
Jon Roddick,,roddickjm@gmail.com,(831) 247-4311,New,csv_import,santa_cruz,General Membership,,Just exploring,call,JERICHO BROOK,"Address: 112 LAUREN CIRCLE, SCOTTS VALLEY, CA, 95066
How heard: JERICHO BROOK",imported,5/22/1959,112 LAUREN CIRCLE,SCOTTS VALLEY,CA,95066,2026-03-29T18:54:50.933464+00:00
Shraddha Rana,,shahshraddha81@gmail.com,(347) 251-0523,New,csv_import,santa_cruz,General Membership,,Just exploring,call,,"Address: 101 Zinfandel Circle, Scotts Valley, CA, 95066",imported,1/18/1981,101 Zinfandel Circle,Scotts Valley,CA,95066,2026-03-29T18:54:50.933464+00:00
Sobhag Rana,,sobhagrana@gmail.com,(508) 782-2103,New,csv_import,santa_cruz,General Membership,,Just exploring,call,Via my personal trainer,"Address: 101 Zinfandel Circle, Scotts Valley, CA, 95066
How heard: Via my personal trainer",imported,9/9/1979,101 Zinfandel Circle,Scotts Valley,CA,95066,2026-03-29T18:54:50.933464+00:00
JOHN RESFUR,,john.resfur@gmail.com,(408) 387-4435,New,csv_import,santa_cruz,General Membership,,Just exploring,call,INSTAGRAM,"Address: 237 BLUEBONNET LN. #704, SCOTTS VALLEY, CA, 95066
How heard: INSTAGRAM",imported,3/1/1973,237 BLUEBONNET LN. #704,SCOTTS VALLEY,CA,95066,2026-03-29T18:54:50.933464+00:00
PAUL CHUN,,firstinline@gmail.com,(408) 728-0777,New,csv_import,santa_cruz,General Membership,,Just exploring,call,PREVIOUSLY VISITED,"Address: 8 ARABIAN WAY, SCOTTS VALLEY, 95066
How heard: PREVIOUSLY VISITED",imported,9/16/1979,8 ARABIAN WAY,SCOTTS VALLEY,,95066,2026-03-29T18:54:50.933464+00:00
Heather Severson-Tavez,,hsevers@gmail.com,(320) 491-4085,New,csv_import,santa_cruz,General Membership,,Just exploring,call,,"Address: 5525 Scotts Vally Dr #S, Scotts Vally, CA, 95066",imported,2/25/1970,5525 Scotts Vally Dr #S,Scotts Vally,CA,95066,2026-03-29T18:54:50.933464+00:00
Sal Sardina,,sal@salsremodeling.com,(831) 750-2754,New,csv_import,santa_cruz,General Membership,,Just exploring,call,Internet,"Address: 1009 Trinity Ave, Seaside, CA, 93955
How heard: Internet",imported,6/9/1965,1009 Trinity Ave,Seaside,CA,93955,2026-03-29T18:54:50.933464+00:00
Marilo Solares,,msolaves3@gmail.com,(951) 295-6490,New,csv_import,santa_cruz,General Membership,,Just exploring,call,Instagram,"Address: 800 Sonora Ave, Seaside, CA, 93955
How heard: Instagram",imported,2/3/1995,800 Sonora Ave,Seaside,CA,93955,2026-03-29T18:54:50.933464+00:00
Dallas Batthe,,dallasablaze@yahoo.com,(831) 917-6056,New,csv_import,santa_cruz,General Membership,,Just exploring,call,Clay,"Address: 1893 Juarez St, Seaside, CA, 93955
How heard: Clay",imported,8/11/1986,1893 Juarez St,Seaside,CA,93955,2026-03-29T18:54:50.933464+00:00
MICHAEL BERRY,,michaelischarger@gmail.com,(434) 579-2270,New,csv_import,santa_cruz,General Membership,,Just exploring,call,GOOGLE,"Address: 3292 MONTEREY RD, SEASIDE, CA, 93955
How heard: GOOGLE",imported,10/18/1997,3292 MONTEREY RD,SEASIDE,CA,93955,2026-03-29T18:54:50.933464+00:00
Emmanuel Amador,,eamador@csumb.edu,(714) 589-5526,New,csv_import,santa_cruz,General Membership,,Just exploring,call,Social media,"Address: 504 Nijmegen, Seaside, CA, 93955
How heard: Social media",imported,6/28/1993,504 Nijmegen,Seaside,CA,93955,2026-03-29T18:54:50.933464+00:00
ABBY ELLIS,,aellis131@gmail.com,(508) 335-0032,New,csv_import,santa_cruz,General Membership,,Just exploring,call,Instagram,"Address: 800 Sonoma Ave, Seaside, CA, 93955
How heard: Instagram",imported,5/5/1992,800 Sonoma Ave,Seaside,CA,93955,2026-03-29T18:54:50.933464+00:00
Sam Hobson,,samuel.hobson121@gmail.com,(831) 601-8497,New,csv_import,santa_cruz,General Membership,,Just exploring,call,Youtube,"Address: 1266 Hamilton Ave, Seaside, CA, 93955
How heard: Youtube",imported,1/12/1990,1266 Hamilton Ave,Seaside,CA,93955,2026-03-29T18:54:50.933464+00:00
DANICKA RENCKEN,,drencken1@gmail.com,(603) 732-2002,New,csv_import,santa_cruz,General Membership,,Just exploring,call,FRIEND,"Address: 740 CASSANDRA AVE, SEASIDE, CA, 93940
How heard: FRIEND",imported,9/20/1991,740 CASSANDRA AVE,SEASIDE,CA,93940,2026-03-29T18:54:50.933464+00:00
JAMES LAUSON,,laws007@gmail.com,(817) 675-8042,New,csv_import,santa_cruz,General Membership,,Just exploring,call,website,"Address: 909 5TH AVE #300, SEATTLE, WA, 98164
How heard: website",imported,6/28/1976,909 5TH AVE #300,SEATTLE,WA,98164,2026-03-29T18:54:50.933464+00:00
William Linden,,speedster479@yahoo.com,(206) 963-8037,New,csv_import,santa_cruz,General Membership,,Just exploring,call,friend,"Address: 3230 Hunter Blvd S, Seattle, WA, 98144
How heard: friend",imported,1/7/2003,3230 Hunter Blvd S,Seattle,WA,98144,2026-03-29T18:54:50.933464+00:00
Liam O'Keefe,,liampringle0@gmail.com,(415) 646-1171,New,csv_import,santa_cruz,General Membership,,Just exploring,call,Friend,"Address: 7165 Calder, Sebastopol, CA
How heard: Friend",imported,6/28/2005,7165 Calder,Sebastopol,CA,,2026-03-29T18:54:50.933464+00:00
Dara Menard,,dmenardh gmail.com,""",null""",New,csv_import,santa_cruz,General Membership,,Just exploring,call,SCGC,"Address: 784 W Ave, SF, CA, 94112
How heard: SCGC",imported,5/23/1987,784 W Ave,SF,CA,94112,2026-03-29T18:54:50.933464+00:00
Dara Menashi,,dmenashi@gmail.com,(312) 680-2001,New,csv_import,santa_cruz,General Membership,,Just exploring,call,SCDG,"Address: 2841 16th Ave, SF, CA, 94112
How heard: SCDG",imported,5/23/1987,2841 16th Ave,SF,CA,94112,2026-03-29T18:54:50.933464+00:00
THOMAS CAMPITELLI,,tomc.spamcatcher@gmail.com,(415) 955-9040,New,csv_import,santa_cruz,General Membership,,Just exploring,call,"""Some dude named Scion - like the car, I think""","Address: 540 MONTGOMERY ST, SF, CA, 94601
How heard: ""Some dude named Scion - like the car, I think""",imported,1/1/1976,540 MONTGOMERY ST,SF,CA,94601,2026-03-29T18:54:50.933464+00:00
William Brockenbrough,,billbrockenbrough@me.com,(510) 385-1703,New,csv_import,santa_cruz,General Membership,,Just exploring,call,my son,"Address: 250 Connecticut, SF, CA, 94107
How heard: my son",imported,3/6/1963,250 Connecticut,SF,CA,94107,2026-03-29T18:54:50.933464+00:00
AKASH GARG,,akash.garg@gmail.com,(650) 580-4681,New,csv_import,santa_cruz,General Membership,,Just exploring,call,Friend,"Address: 1116 7th Ave, SF, CA, 94122
How heard: Friend",imported,4/19/1998,1116 7th Ave,SF,CA,94122,2026-03-29T18:54:50.933464+00:00
David Favaloro,,dfavaloro@gmail.com,(650) 823-5346,New,csv_import,santa_cruz,General Membership,,Just exploring,call,website,"Address: 171 Albion St, SF, CA, 94110
How heard: website",imported,11/18/1989,171 Albion St,SF,CA,94110,2026-03-29T18:54:50.933464+00:00
Jen Flaxman,,jenniferflaxman@gmail.com,(414) 806-5354,New,csv_import,santa_cruz,General Membership,,Just exploring,call,google,"Address: 1043 Page St, SF, CA, 94117
How heard: google",imported,8/29/1988,1043 Page St,SF,CA,94117,2026-03-29T18:54:50.933464+00:00
Erik Ramirez,,erik2eramirez@yahoo.com,(415) 525-9068,New,csv_import,santa_cruz,General Membership,,Just exploring,call,A friend,"Address: 231 Seneca Ave., SF, CA, 94112
How heard: A friend",imported,12/21/1998,231 Seneca Ave.,SF,CA,94112,2026-03-29T18:54:50.933464+00:00
Nick Lapid,,nick7lap@gmail.com,(805) 404-6680,New,csv_import,santa_cruz,General Membership,,Just exploring,call,USAW,"Address: 9 Brookpebble Lane, Simi Valley, CA, 93065
How heard: USAW",imported,3/11/1999,9 Brookpebble Lane,Simi Valley,CA,93065,2026-03-29T18:54:50.933464+00:00
Jennifer MARTINEZ,,jeamartinez40@yahoo.com,(408) 205-2032,New,csv_import,santa_cruz,General Membership,,Just exploring,call,Strongman Camp,"Address: 3301 ARAMIS DR, SJ, CA, 95127
How heard: Strongman Camp",imported,10/31/1979,3301 ARAMIS DR,SJ,CA,95127,2026-03-29T18:54:50.933464+00:00
Jenifer Martinez,,jenmartinez40@yahoo.com,(408) 205-2022,New,csv_import,santa_cruz,General Membership,,Just exploring,call,Strongman Camp,"Address: 3331 Aramis Dr, SJ, CA, 95127
How heard: Strongman Camp",imported,10/31/1979,3331 Aramis Dr,SJ,CA,95127,2026-03-29T18:54:50.933464+00:00
April Charles,,aprilcharles1988@gmail.com,(408) 428-2876,New,csv_import,santa_cruz,General Membership,,Just exploring,call,Instagram,"Address: 341 N. 8th St, SJ, CA, 95112
How heard: Instagram",imported,4/15/1988,341 N. 8th St,SJ,CA,95112,2026-03-29T18:54:50.933464+00:00
Alex Chiang,,alexchiang2000@gmail.com,(972) 428-5980,New,csv_import,santa_cruz,General Membership,,Just exploring,call,Friend,"Address: 2817 Lucera Dr, SJ, CA, 95132
How heard: Friend",imported,,2817 Lucera Dr,SJ,CA,95132,2026-03-29T18:54:50.933464+00:00
MYRA AMPARO,,amparo.myra13@gmail.com,(408) 887-7905,New,csv_import,santa_cruz,General Membership,,Just exploring,call,USPA PL,"Address: 4921 SPEAKIN, SJ, CA
How heard: USPA PL",imported,,4921 SPEAKIN,SJ,CA,,2026-03-29T18:54:50.933464+00:00
Damien Hernandez,,demon3512@yahoo.com,(828) 315-0950,New,csv_import,santa_cruz,General Membership,,Just exploring,call,Google,"Address: 335 Santa Hidalgo, Solana Beach, CA, 92075
How heard: Google",imported,11/12/1985,335 Santa Hidalgo,Solana Beach,CA,92075,2026-03-29T18:54:50.933464+00:00
Jaclyn Bianchi,,jkwalters@live.com,(858) 736-4578,New,csv_import,santa_cruz,General Membership,,Just exploring,call,friend,"Address: 35604 foothill rd, Soledad, CA, 93960
How heard: friend",imported,4/21/1991,35604 foothill rd,Soledad,CA,93960,2026-03-29T18:54:50.933464+00:00
Valerie Longoria,,longoriavalerie18@gmail.com,(831) 214-3105,New,csv_import,santa_cruz,General Membership,,Just exploring,call,Friend (Athena Suich),"Address: 1335 West St., Soledad, CA, 93960
How heard: Friend (Athena Suich)",imported,10/18/1996,1335 West St.,Soledad,CA,93960,2026-03-29T18:54:50.933464+00:00
Emanuel Rico,,ricoemanuel@yahoo.com,(831) 224-9916,New,csv_import,santa_cruz,General Membership,,Just exploring,call,,"Address: 512 Hansen Circle, Soledad, CA, 93960",imported,9/26/1998,512 Hansen Circle,Soledad,CA,93960,2026-03-29T18:54:50.933464+00:00
Ann Marie Molynaux,,annmoly@mac.com,(512) 658-5913,New,csv_import,santa_cruz,General Membership,,Just exploring,call,Mountain King Classic,"Address: 5320 Glen Haven Rd, Soquel, CA, 95073
How heard: Mountain King Classic",imported,4/12/2000,5320 Glen Haven Rd,Soquel,CA,95073,2026-03-29T18:54:50.933464+00:00
Ana Marie Moloneaux,,ana.mol@mac.com,(512) 658-5913,New,csv_import,santa_cruz,General Membership,,Just exploring,call,@the gym,"Address: 5320 Glen Haven Rd, Soquel, CA, 95073
How heard: @the gym",imported,4/2/1960,5320 Glen Haven Rd,Soquel,CA,95073,2026-03-29T18:54:50.933464+00:00
Marla Mecire,,mmecire@gmail.com,(863) 430-3858,New,csv_import,santa_cruz,General Membership,,Just exploring,call,"""Dan Green, Boss Barbell""","Address: 4700 Rodeo Gulch Ln, Soquel, CA, 95073
How heard: ""Dan Green, Boss Barbell""",imported,2/2/1976,4700 Rodeo Gulch Ln,Soquel,CA,95073,2026-03-29T18:54:50.933464+00:00
Ann Marie Molyneaux,,anamoly@mac.com,(512) 658-5913,New,csv_import,santa_cruz,General Membership,,Just exploring,call,@ the gym,"Address: 5320 Glen Haven Rd, Soquel, CA, 95073
How heard: @ the gym",imported,4/2/1960,5320 Glen Haven Rd,Soquel,CA,95073,2026-03-29T18:54:50.933464+00:00
Mark Micire,,mmicire@gmail.com,(863) 430-3888,New,csv_import,santa_cruz,General Membership,,Just exploring,call,"""Dan Green, Boss Barbell""","Address: 4700 Rodeo Gulch Ln, Soquel, CA, 95073
How heard: ""Dan Green, Boss Barbell""",imported,2/2/1976,4700 Rodeo Gulch Ln,Soquel,CA,95073,2026-03-29T18:54:50.933464+00:00
Rebecca Padgett,,padgett.rz8@gmail.com,(831) 210-6774,New,csv_import,santa_cruz,General Membership,,Just exploring,call,Loukas Kalendiris,"Address: 166 Timberview, Soquel, CA, 95073
How heard: Loukas Kalendiris",imported,5/28/1984,166 Timberview,Soquel,CA,95073,2026-03-29T18:54:50.933464+00:00
Rebecca Padgett,,padgett.rz28@gmail.com,(831) 210-6774,New,csv_import,santa_cruz,General Membership,,Just exploring,call,Loukas Kalendiris,"Address: 166 Timberview St, Soquel, CA, 95073
How heard: Loukas Kalendiris",imported,5/28/1984,166 Timberview St,Soquel,CA,95073,2026-03-29T18:54:50.933464+00:00
Jenny Piela,,jpiela@gmail.com,(413) 658-0185,New,csv_import,santa_cruz,General Membership,,Just exploring,call,Google,"Address: 400 Bronco Rd., Soquel, CA, 95073
How heard: Google",imported,12/24/1990,400 Bronco Rd.,Soquel,CA,95073,2026-03-29T18:54:50.933464+00:00
JAMIE CHAPPELL,,jamiechappell@gmail.com,(540) 818-3862,New,csv_import,santa_cruz,General Membership,,Just exploring,call,Internet,"Address: 2752 N RODEO GULCH, SOQUEL, CA, 95073
How heard: Internet",imported,11/13/1982,2752 N RODEO GULCH,SOQUEL,CA,95073,2026-03-29T18:54:50.933464+00:00
Joey Burgos,,padgett.r28@gmail.com,(831) 210-6774,New,csv_import,santa_cruz,General Membership,,Just exploring,call,Loukas Kalenderidis,"Address: 1166 Timberview, Soquel, CA, 95073
How heard: Loukas Kalenderidis",imported,3/28/2009,1166 Timberview,Soquel,CA,95073,2026-03-29T18:54:50.933464+00:00
Taylor Alaimo,,alaimotaylor@gmail.com,(831) 588-0539,New,csv_import,santa_cruz,General Membership,,Just exploring,call,,"Address: 3435 Main St, Soquel, CA, 95073",imported,3/22/2019,3435 Main St,Soquel,CA,95073,2026-03-29T18:54:50.933464+00:00
Robert Gomez,,gomezrob.a@gmail.com,(714) 616-0639,New,csv_import,santa_cruz,General Membership,,Just exploring,call,Santa Cruz County Benefits Fair,"Address: 202 Alturas Way, Soquel, CA, 95073
How heard: Santa Cruz County Benefits Fair",imported,10/20/1984,202 Alturas Way,Soquel,CA,95073,2026-03-29T18:54:50.933464+00:00
Cole Fontes,,cole.fontes@gmail.com,(831) 431-3948,New,csv_import,santa_cruz,General Membership,,Just exploring,call,word of mouth,"Address: 3768 Vista Drive, Soquel, CA, 95073
How heard: word of mouth",imported,3/8/1992,3768 Vista Drive,Soquel,CA,95073,2026-03-29T18:54:50.933464+00:00
Hannah Delight,,,(803) 317-5543,New,csv_import,santa_cruz,General Membership,,Just exploring,call,Ross,"Address: 3470 N Main St, Soquel, CA
How heard: Ross",imported,,3470 N Main St,Soquel,CA,,2026-03-29T18:54:50.933464+00:00
LOUKAS KALENDERIDIS,,loukas@me.com,(831) 818-2914,New,csv_import,santa_cruz,General Membership,,Just exploring,call,GOOGLE,"Address: 166 TIMBERVIEW ST, SOQUEL, CA, 95073
How heard: GOOGLE",imported,10/1/1981,166 TIMBERVIEW ST,SOQUEL,CA,95073,2026-03-29T18:54:50.933464+00:00
Caitlyn Jackson-Bernos,,jacksoncj16@gmail.com,(408) 908-9117,New,csv_import,santa_cruz,General Membership,,Just exploring,call,Internet,"Address: 5483 Soquel PR, Soquel, CA, 95073
How heard: Internet",imported,9/1/1993,5483 Soquel PR,Soquel,CA,95073,2026-03-29T18:54:50.933464+00:00
Tanner Heath,,tanner@beautysolutions.com,(831) 419-5049,New,csv_import,santa_cruz,General Membership,,Just exploring,call,Neighbor,"Address: 525 Tola Ranch Rd, Soquel, CA, 95073
How heard: Neighbor",imported,3/24/1993,525 Tola Ranch Rd,Soquel,CA,95073,2026-03-29T18:54:50.933464+00:00
Bradley Frame,,bframe@gmail.com,(831) 251-5548,New,csv_import,santa_cruz,General Membership,,Just exploring,call,Julian Brockenbouragh,"Address: 15 Ladera Ln, Soquel, CA, 95073
How heard: Julian Brockenbouragh",imported,4/7/2005,15 Ladera Ln,Soquel,CA,95073,2026-03-29T18:54:50.933464+00:00
Faith Reed,,philobat@gmail.com,(415) 595-4248,New,csv_import,santa_cruz,General Membership,,Just exploring,call,Facebook,"Address: 4700 Rodeo Gulch Ln, Soquel, CA, 95073
How heard: Facebook",imported,3/11/1978,4700 Rodeo Gulch Ln,Soquel,CA,95073,2026-03-29T18:54:50.933464+00:00
Ayzha Quidit,,alquidit@gmail.com,(707) 816-7799,New,csv_import,santa_cruz,General Membership,,Just exploring,call,,"Address: 5410 Baffy Court, Soquel, CA, 95073",imported,9/4/1996,5410 Baffy Court,Soquel,CA,95073,2026-03-29T18:54:50.933464+00:00
Spencer Peterson,,speterson10@gmail.com,(415) 845-3911,New,csv_import,santa_cruz,General Membership,,Just exploring,call,Ian Bodaken,"Address: 8000 Glen Haven Rd, Soquel, CA, 95073
How heard: Ian Bodaken",imported,12/12/1989,8000 Glen Haven Rd,Soquel,CA,95073,2026-03-29T18:54:50.933464+00:00
Joey Okesson,,joeyokesson@gmail.com,(203) 556-4733,New,csv_import,santa_cruz,General Membership,,Just exploring,call,a friend,"Address: 37 country woods lane, Southbury, CT, 6488
How heard: a friend",imported,8/23/2002,37 country woods lane,Southbury,CT,6488,2026-03-29T18:54:50.933464+00:00
Geoff Park,,geoff@campsummit.ca,(604) 213-1400,New,csv_import,santa_cruz,General Membership,,Just exploring,call,WEB,"Address: PO Box 48, Squamish, BC, V8B 0A1
How heard: WEB",imported,,PO Box 48,Squamish,BC,V8B 0A1,2026-03-29T18:54:50.933464+00:00
Ryan Barry,,phresus@gmail.com,(651) 815-4306,New,csv_import,santa_cruz,General Membership,,Just exploring,call,INTERNET,"Address: 208 N Cass St, St Johns, MI, 48879
How heard: INTERNET",imported,12/2/1982,208 N Cass St,St Johns,MI,48879,2026-03-29T18:54:50.933464+00:00
Harper Lux,,harperen@gmail.com,(612) 469-5511,New,csv_import,santa_cruz,General Membership,,Just exploring,call,Instagram,"Address: 1777 Wordsworth Ave, St. Paul, MN, 55116
How heard: Instagram",imported,11/7/2003,1777 Wordsworth Ave,St. Paul,MN,55116,2026-03-29T18:54:50.933464+00:00
BRIAN NOWICKI,,,(616) 325-8447,New,csv_import,santa_cruz,General Membership,,Just exploring,call,MAPS,"Address: 3469 W BEN HOLT, STOCKTON, CA, 95219
How heard: MAPS",imported,10/7/1976,3469 W BEN HOLT,STOCKTON,CA,95219,2026-03-29T18:54:50.933464+00:00
BRIAN NOWICKI,,,(616) 325-8447,New,csv_import,santa_cruz,General Membership,,Just exploring,call,ONLINE,"Address: 3469 W BENJAMIN HOLT, STOCKTON, CA, 95125
How heard: ONLINE",imported,,3469 W BENJAMIN HOLT,STOCKTON,CA,95125,2026-03-29T18:54:50.933464+00:00
Victor Stone,,sandsnip3r@gmail.com,(702) 875-2584,New,csv_import,santa_cruz,General Membership,,Just exploring,call,,"Address: 1220 N Fair Oaks Ave, Sunnyvale, CA, 94089",imported,4/4/1992,1220 N Fair Oaks Ave,Sunnyvale,CA,94089,2026-03-29T18:54:50.933464+00:00
Avesh Muralitharan,,avmuralitharan@gmail.com,(408) 332-9370,New,csv_import,santa_cruz,General Membership,,Just exploring,call,Discord,"Address: 898 S M. AVE, Sunnyvale, CA, 94087
How heard: Discord",imported,5/24/2002,898 S M. AVE,Sunnyvale,CA,94087,2026-03-29T18:54:50.933464+00:00
JONATHAN WAGLIO,,jonathanwaglio@gmail.com,(408) 242-9849,New,csv_import,santa_cruz,General Membership,,Just exploring,call,FRIENDS,"Address: 1199 FAIRWOOD AVE, SUNNYVALE, CA, 94085
How heard: FRIENDS",imported,10/20/1980,1199 FAIRWOOD AVE,SUNNYVALE,CA,94085,2026-03-29T18:54:50.933464+00:00
Avreesh Muralitharan,,avn.muralitharan@gmail.com,(408) 332-9329,New,csv_import,santa_cruz,General Membership,,Just exploring,call,Discord,"Address: 898 S M. AVE, Sunnyvale, CA, 94087
How heard: Discord",imported,5/24/2002,898 S M. AVE,Sunnyvale,CA,94087,2026-03-29T18:54:50.933464+00:00
JONATHAN MAGLIULO,,jonathanmagliulo@gmail.com,(408) 242-9849,New,csv_import,santa_cruz,General Membership,,Just exploring,call,FRIENDS,"Address: 1199 FAIRWOOD AVE, SUNNYVALE, CA, 94089
How heard: FRIENDS",imported,10/20/1985,1199 FAIRWOOD AVE,SUNNYVALE,CA,94089,2026-03-29T18:54:50.933464+00:00
NEWTON CHENG,,newtoncheng@gmail.com,(650) 814-9238,New,csv_import,santa_cruz,General Membership,,Just exploring,call,,"Address: 1020 THE DALLES AVE, SUNNYVALE, CA, 94087",imported,9/15/1978,1020 THE DALLES AVE,SUNNYVALE,CA,94087,2026-03-29T18:54:50.933464+00:00
Krispin Elliott,,elliottkae@gmail.com,(210) 365-3264,New,csv_import,santa_cruz,General Membership,,Just exploring,call,SCDG,"Address: 674 Bellflower Avenue #40, Sunnyvale, CA, 94086
How heard: SCDG",imported,11/17/1986,674 Bellflower Avenue #40,Sunnyvale,CA,94086,2026-03-29T18:54:50.933464+00:00
Harold Abraham Joseph,,abejoseph96@gmail.com,(352) 870-6084,New,csv_import,santa_cruz,General Membership,,Just exploring,call,Friend,"Address: 555 E El Camino Real, Sunnyvale, CA, 94087
How heard: Friend",imported,9/8/1996,555 E El Camino Real,Sunnyvale,CA,94087,2026-03-29T18:54:50.933464+00:00
Chris Mott,,unchamedsteengte@gmail.com,451911293,New,csv_import,santa_cruz,General Membership,,Just exploring,call,Instagram,"Address: 120/91 Mapderson Street, Sydney, NSW, 2102
How heard: Instagram",imported,,120/91 Mapderson Street,Sydney,NSW,2102,2026-03-29T18:54:50.933464+00:00
Chris Mott,,unchainedstrength@gmail.com,(045) 191-1293,New,csv_import,santa_cruz,General Membership,,Just exploring,call,Instagram,"Address: 120/79-91 Macpherson Street, Sydney, NSW, 2102
How heard: Instagram",imported,,120/79-91 Macpherson Street,Sydney,NSW,2102,2026-03-29T18:54:50.933464+00:00
Mikaela Reffold,,mikreffold@gmail.com,(044) 899-0459,New,csv_import,santa_cruz,General Membership,,Just exploring,call,instagram,"Address: 2 Harewood Place, Sydney, NSW, 2107
How heard: instagram",imported,12/17/1996,2 Harewood Place,Sydney,NSW,2107,2026-03-29T18:54:50.933464+00:00
Hilal Morrar,,hilalmorrar@gmail.com,(510) 320-9271,New,csv_import,santa_cruz,General Membership,,Just exploring,call,Friend,"Address: 355 Swist Hills Pl, Tacy, CA, 95376
How heard: Friend",imported,3/20/2000,355 Swist Hills Pl,Tacy,CA,95376,2026-03-29T18:54:50.933464+00:00
Clayton Keller,,clayton.keller44@gmail.com,(860) 248-0178,New,csv_import,santa_cruz,General Membership,,Just exploring,call,Google,"Address: 9278 Pacific Crest Dr, Telluride Springs, CO, 80927
How heard: Google",imported,12/26/1990,9278 Pacific Crest Dr,Telluride Springs,CO,80927,2026-03-29T18:54:50.933464+00:00
Kristine Palmieri,,kris.palmieri@gmail.com,(609) 306-3235,New,csv_import,santa_cruz,General Membership,,Just exploring,call,Internet!,"Address: 682 College st apt 3A, Toronto, ON, M6G 1C1
How heard: Internet!",imported,,682 College st apt 3A,Toronto,ON,M6G 1C1,2026-03-29T18:54:50.933464+00:00
Markel Grady,,grady.markel@gmail.com,(209) 596-0525,New,csv_import,santa_cruz,General Membership,,Just exploring,call,Matthew Lopes,"Address: 3255 Antonio Loop, Tracy, Ca, 95377
How heard: Matthew Lopes",imported,12/1/1996,3255 Antonio Loop,Tracy,Ca,95377,2026-03-29T18:54:50.933464+00:00
Laura Caggiano,,laura.caggiano730@gmail.com,(513) 693-7703,New,csv_import,santa_cruz,General Membership,,Just exploring,call,,"Address: 2382 Medlow Rd, Tustin, CA, 92780",imported,7/30/1992,2382 Medlow Rd,Tustin,CA,92780,2026-03-29T18:54:50.933464+00:00
RL Blackwell,,rlblackwell888@yahoo.com,(408) 817-0992,New,csv_import,santa_cruz,General Membership,,Just exploring,call,Friends,"Address: 19345 Superior Dr, Twain Harte, CA, 95383
How heard: Friends",imported,6/8/1990,19345 Superior Dr,Twain Harte,CA,95383,2026-03-29T18:54:50.933464+00:00
BRYANT SILVA,,bsilva95@gmail.com,(510) 789-5392,New,csv_import,santa_cruz,General Membership,,Just exploring,call,FRIENDS - JOHN NONG,"Address: 3286 SANTA RITA CT, UNION, CA, 94587
How heard: FRIENDS - JOHN NONG",imported,9/15/1993,3286 SANTA RITA CT,UNION,CA,94587,2026-03-29T18:54:50.933464+00:00
Sarah Stokes,,sarahstokes82@gmail.com,(530) 503-7204,New,csv_import,santa_cruz,General Membership,,Just exploring,call,Meg Huggett,"Address: 634 Marshall Rd, Vacaville, CA, 95687
How heard: Meg Huggett",imported,4/1/1982,634 Marshall Rd,Vacaville,CA,95687,2026-03-29T18:54:50.933464+00:00
Andrew Parker,,dotjp42@gmail.com,(863) 200-2307,New,csv_import,santa_cruz,General Membership,,Just exploring,call,Old Skool Iron,"Address: 1200 Allison Dr, Vacaville, CA, 95687
How heard: Old Skool Iron",imported,12/21/2000,1200 Allison Dr,Vacaville,CA,95687,2026-03-29T18:54:50.933464+00:00
Lisa Lethbridge,,lisa.lethbridge@gmail.com,(604) 704-4985,New,csv_import,santa_cruz,General Membership,,Just exploring,call,,"Address: 4222 MT Seymour Pkwy, Vancouver, BC, V7G 1C7",imported,5/23/1992,4222 MT Seymour Pkwy,Vancouver,BC,V7G 1C7,2026-03-29T18:54:50.933464+00:00
Russell Manning,,r.manning@uvic.ca,(204) 960-7246,New,csv_import,santa_cruz,General Membership,,Just exploring,call,Internet,"Address: 2931 Goward Rd, Victoria, BC, V8T 5C8
How heard: Internet",imported,4/16/1995,2931 Goward Rd,Victoria,BC,V8T 5C8,2026-03-29T18:54:50.933464+00:00
Russell Manning,,rmanning@uvic.ca,(204) 960-2245,New,csv_import,santa_cruz,General Membership,,Just exploring,call,Internet,"Address: 2931 Gosworth Rd, Victoria, BC, V8T 3C8
How heard: Internet",imported,4/16/1995,2931 Gosworth Rd,Victoria,BC,V8T 3C8,2026-03-29T18:54:50.933464+00:00
Manuel Delgado,,,(559) 909-0747,New,csv_import,santa_cruz,General Membership,,Just exploring,call,Internet,"Address: 2304 W Elwin, Visalia, CA, 93291
How heard: Internet",imported,7/21/1989,2304 W Elwin,Visalia,CA,93291,2026-03-29T18:54:50.933464+00:00
Nathan Moore,,nmoore@gmail.com,(760) 565-5687,New,csv_import,santa_cruz,General Membership,,Just exploring,call,Robyn,"Address: 1422 Antonia Court, Vista, CA, 92081
How heard: Robyn",imported,6/18/1997,1422 Antonia Court,Vista,CA,92081,2026-03-29T18:54:50.933464+00:00
Nathan Moore,,nmoore507@gmail.com,(760) 505-5687,New,csv_import,santa_cruz,General Membership,,Just exploring,call,Rohan,"Address: 1422 Andorra Court, Vista, CA, 92081
How heard: Rohan",imported,6/10/1997,1422 Andorra Court,Vista,CA,92081,2026-03-29T18:54:50.933464+00:00
KILEY BURNETT,,secoy.kiley@gmail.com,(916) 969-9285,New,csv_import,santa_cruz,General Membership,,Just exploring,call,SIGNED UP FOR STRONG GIRL SUMMER!,"Address: 1507 VIRGINIA AVE, W. SAC, CA, 95891
How heard: SIGNED UP FOR STRONG GIRL SUMMER!",imported,1/18/1989,1507 VIRGINIA AVE,W. SAC,CA,95891,2026-03-29T18:54:50.933464+00:00
Kristine Martinez,,kristinemartinez698@yahoo.com,(626) 347-6958,New,csv_import,santa_cruz,General Membership,,Just exploring,call,,"Address: 1246 Kinglake Dr., Walnut, CA, 91789",imported,12/2/1998,1246 Kinglake Dr.,Walnut,CA,91789,2026-03-29T18:54:50.933464+00:00
Vlad Lounegov,,lounegov@gmail.com,(415) 627-7770,New,csv_import,santa_cruz,General Membership,,Just exploring,call,,"Address: 1460 CORTEZ CT, WALNUT CREEK, CA, 94598",imported,9/28/2018,1460 CORTEZ CT,WALNUT CREEK,CA,94598,2026-03-29T18:54:50.933464+00:00
Cat Bechtold,,cat.bechtold@gmail.com,(831) 227-4722,New,csv_import,santa_cruz,General Membership,,Just exploring,call,,"Address: 8 Vista Verde Ct, Wat, CA, 95076",imported,8/21/1977,8 Vista Verde Ct,Wat,CA,95076,2026-03-29T18:54:50.933464+00:00
Sarah Settle,,sest777@att.net,(831) 740-9563,New,csv_import,santa_cruz,General Membership,,Just exploring,call,Comp,"Address: 68 Cutler Dr., Watsonville, CA, 95076
How heard: Comp",imported,5/22/1996,68 Cutler Dr.,Watsonville,CA,95076,2026-03-29T18:54:50.933464+00:00
Carlos Suarez,,csuarez0890@gmail.com,(831) 726-6916,New,csv_import,santa_cruz,General Membership,,Just exploring,call,Social media (IG),"Address: 350 Bret Ln Apt E, Watsonville, CA, 95076
How heard: Social media (IG)",imported,8/24/1990,350 Bret Ln Apt E,Watsonville,CA,95076,2026-03-29T18:54:50.933464+00:00
Aaron Mercado,,aaron.153291@gmail.com,(831) 288-4857,New,csv_import,santa_cruz,General Membership,,Just exploring,call,friend,"Address: 308 Clifford Ave Apt C, Watsonville, CA, 95076
How heard: friend",imported,9/1/2005,308 Clifford Ave Apt C,Watsonville,CA,95076,2026-03-29T18:54:50.933464+00:00
Claire McCoy,,cmccoy3@gmail.com,(831) 726-6411,New,csv_import,santa_cruz,General Membership,,Just exploring,call,derby,"Address: 1018 Amesti Rd, Watsonville, CA, 95076
How heard: derby",imported,11/4/1980,1018 Amesti Rd,Watsonville,CA,95076,2026-03-29T18:54:50.933464+00:00
Carlos Suarez,,casuarez0890@gmail.com,(831) 726-6916,New,csv_import,santa_cruz,General Membership,,Just exploring,call,Social media (IG),"Address: 300 Bree Ln Apt E, Watsonville, CA, 95076
How heard: Social media (IG)",imported,8/24/1990,300 Bree Ln Apt E,Watsonville,CA,95076,2026-03-29T18:54:50.933464+00:00
Aaron Mercado,,yoyo458391@gmail.com,(831) 288-4857,New,csv_import,santa_cruz,General Membership,,Just exploring,call,friend,"Address: 308 Clifford Ave Apt 1, Watsonville, CA, 95076
How heard: friend",imported,9/11/2005,308 Clifford Ave Apt 1,Watsonville,CA,95076,2026-03-29T18:54:50.933464+00:00
Claire McCoy,,cmmccoy3@gmail.com,(831) 726-6411,New,csv_import,santa_cruz,General Membership,,Just exploring,call,derby,"Address: 1018 Amesti Rd, Watsonville, CA, 95076
How heard: derby",imported,11/4/1980,1018 Amesti Rd,Watsonville,CA,95076,2026-03-29T18:54:50.933464+00:00
Daniel Ornelas,,daorne5095@gmail.com,(831) 763-0627,New,csv_import,santa_cruz,General Membership,,Just exploring,call,Friend,"Address: 574 Tuttle Ave, Watsonville, CA, 95076
How heard: Friend",imported,6/21/1996,574 Tuttle Ave,Watsonville,CA,95076,2026-03-29T18:54:50.933464+00:00
Areli Pina,,arelipina@gmail.com,(831) 348-2055,New,csv_import,santa_cruz,General Membership,,Just exploring,call,Iron Roses,"Address: 178 Hammer Dr, Watsonville, CA, 95076
How heard: Iron Roses",imported,12/26/2024,178 Hammer Dr,Watsonville,CA,95076,2026-03-29T18:54:50.933464+00:00
Brittany Parker,,britt.thibodeaux@gmail.com,(831) 254-4445,New,csv_import,santa_cruz,General Membership,,Just exploring,call,return member,"Address: 127 Anderson Dr, Watsonville, CA, 95076
How heard: return member",imported,2/14/1985,127 Anderson Dr,Watsonville,CA,95076,2026-03-29T18:54:50.933464+00:00
Antonio Ambriz,,tonito_ambriz@yahoo.com,(831) 750-2811,New,csv_import,santa_cruz,General Membership,,Just exploring,call,Friends,"Address: 23 1/2 B Las Lomas Dr., Watsonville, CA, 95076
How heard: Friends",imported,5/14/1990,23 1/2 B Las Lomas Dr.,Watsonville,CA,95076,2026-03-29T18:54:50.933464+00:00
Cristianna Ashley,,cristianna.tvansue.1004.07@gmail.com,(530) 616-5288,New,csv_import,santa_cruz,General Membership,,Just exploring,call,Meg huggett & terresa lacasio,"Address: 107 Pauline Dr, Watsonville, CA, 95076
How heard: Meg huggett & terresa lacasio",imported,10/4/2007,107 Pauline Dr,Watsonville,CA,95076,2026-03-29T18:54:50.933464+00:00
Alex Andrew Zepeda-Ortiz,,azepeda112@icloud.com,(831) 202-5079,New,csv_import,santa_cruz,General Membership,,Just exploring,call,friend,"Address: 112 Atkinson Ln, Watsonville, CA, 95076
How heard: friend",imported,12/11/2004,112 Atkinson Ln,Watsonville,CA,95076,2026-03-29T18:54:50.933464+00:00
Eric Farrell,,eric.farrell@att.net,(831) 741-6159,New,csv_import,santa_cruz,General Membership,,Just exploring,call,,"Address: 21 Corrala Vista Dr., Watsonville, CA, 95073",imported,11/30/1962,21 Corrala Vista Dr.,Watsonville,CA,95073,2026-03-29T18:54:50.933464+00:00
Brianna Farias,,briannafarias29@gmail.com,(831) 713-9960,New,csv_import,santa_cruz,General Membership,,Just exploring,call,Sarah / meet competition,"Address: 521 Manzana St, Watsonville, CA, 95076
How heard: Sarah / meet competition",imported,6/13/1997,521 Manzana St,Watsonville,CA,95076,2026-03-29T18:54:50.933464+00:00
Brian Fish,,briangfish84@gmail.com,(530) 574-6793,New,csv_import,santa_cruz,General Membership,,Just exploring,call,Girlfriend,"Address: 198 Hammer Dr., Watsonville, CA, 95076
How heard: Girlfriend",imported,9/8/1984,198 Hammer Dr.,Watsonville,CA,95076,2026-03-29T18:54:50.933464+00:00
Julia Falk,,julia.a.falk@gmail.com,(703) 472-8067,New,csv_import,santa_cruz,General Membership,,Just exploring,call,Megan!,"Address: 835 Browns Valley Rd., Watsonville, CA, 95076
How heard: Megan!",imported,12/18/1986,835 Browns Valley Rd.,Watsonville,CA,95076,2026-03-29T18:54:50.933464+00:00
Erik Estrada,,manofsteeltraining@hotmail.com,(831) 247-9363,New,csv_import,santa_cruz,General Membership,,Just exploring,call,Jess Pierce,"Address: 525 Secoya St., Watsonville, CA, 95076
How heard: Jess Pierce",imported,8/1/1981,525 Secoya St.,Watsonville,CA,95076,2026-03-29T18:54:50.933464+00:00
Alfonso Duran,,alfonso.d24@gmail.com,(831) 247-0987,New,csv_import,santa_cruz,General Membership,,Just exploring,call,Social Media,"Address: 21 Monterey Vista Dr., Watsonville, Ca, 95076
How heard: Social Media",imported,2/15/1996,21 Monterey Vista Dr.,Watsonville,Ca,95076,2026-03-29T18:54:50.933464+00:00
ALVIARO LEAL,,alvaroleal20@gmail.com,(831) 332-0055,New,csv_import,santa_cruz,General Membership,,Just exploring,call,Social Media (IG),"Address: 605 Martinelli St, Watsonville, CA, 95076
How heard: Social Media (IG)",imported,1/8/1994,605 Martinelli St,Watsonville,CA,95076,2026-03-29T18:54:50.933464+00:00
John Loza,,johnloza95@gmail.com,(831) 840-0276,New,csv_import,santa_cruz,General Membership,,Just exploring,call,SARAH,"Address: 140 E Riverside, Watsonville, CA, 95076
How heard: SARAH",imported,7/26/1995,140 E Riverside,Watsonville,CA,95076,2026-03-29T18:54:50.933464+00:00
Keenan Jackson,,keenanjackson30@gmail.com,(625) 755-8367,New,csv_import,santa_cruz,General Membership,,Just exploring,call,Syon,"Address: 224 Silver Leaf Dr. #A, Watsonville, CA, 95076
How heard: Syon",imported,7/30/1984,224 Silver Leaf Dr. #A,Watsonville,CA,95076,2026-03-29T18:54:50.933464+00:00
Natalya Hammond,,,(831) 345-1179,New,csv_import,santa_cruz,General Membership,,Just exploring,call,Teresa,"Address: 825 Lake Village Dr., Watsonville, CA, 95076
How heard: Teresa",imported,10/25/2006,825 Lake Village Dr.,Watsonville,CA,95076,2026-03-29T18:54:50.933464+00:00
Iesha Rodriguez,,iesharodriguez7@gmail.com,(831) 666-7583,New,csv_import,santa_cruz,General Membership,,Just exploring,call,,"Address: 1232 Eureka Canyon Rd, Watsonville, CA, 95076",imported,2/11/1996,1232 Eureka Canyon Rd,Watsonville,CA,95076,2026-03-29T18:54:50.933464+00:00
Franki Mary Poellnitz,,poellnitz.mary@yahoo.com,(509) 881-4683,New,csv_import,santa_cruz,General Membership,,Just exploring,call,,"Address: 730 Yakima St, Wenatchee, WA, 98801",imported,10/9/1992,730 Yakima St,Wenatchee,WA,98801,2026-03-29T18:54:50.933464+00:00
Devin Solar,,devinsolar.27@gmail.com,(845) 825-2253,New,csv_import,santa_cruz,General Membership,,Just exploring,call,Online,"Address: 20 Stonehedge Dr., West Nyack, NY, 10994
How heard: Online",imported,6/10/1999,20 Stonehedge Dr.,West Nyack,NY,10994,2026-03-29T18:54:50.933464+00:00
Rodger Broomé,,broomero@uvu.edu,(801) 703-7134,New,csv_import,santa_cruz,General Membership,,Just exploring,call,Google Search,"Address: 3890 S. 1605 W., West Valley, UT, 84119
How heard: Google Search",imported,3/28/1968,3890 S. 1605 W.,West Valley,UT,84119,2026-03-29T18:54:50.933464+00:00
JAMES BROOKS,,james.brooks22@btinternet.com,(447) 840-5445,New,csv_import,santa_cruz,General Membership,,Just exploring,call,Found online,"Address: 50 TURTON ST, WESTMINSTER, UK, SW1P 3RA
How heard: Found online",imported,3/27/1994,50 TURTON ST,WESTMINSTER,UK,SW1P 3RA,2026-03-29T18:54:50.933464+00:00
Heather Garbez,,hgarbez76@gmail.com,(209) 814-8645,New,csv_import,santa_cruz,General Membership,,Just exploring,call,Facebook,"Address: 1620 Passion Vine Cir, Weston, FL, 33326
How heard: Facebook",imported,5/13/1976,1620 Passion Vine Cir,Weston,FL,33326,2026-03-29T18:54:50.933464+00:00
Shawn Sansom,,shawn.sansom@gmail.com,(571) 970-8352,New,csv_import,santa_cruz,General Membership,,Just exploring,call,Keith Lutz,"Address: 727 5th St., Wichita, DC, 20007
How heard: Keith Lutz",imported,2/17/1982,727 5th St.,Wichita,DC,20007,2026-03-29T18:54:50.933464+00:00
Jesse Barragan,,barraganj@ymail.com,(818) 621-4605,New,csv_import,santa_cruz,General Membership,,Just exploring,call,social media,"Address: 7910 Mason Ave, Winnetka, CA, 91306
How heard: social media",imported,4/30/1993,7910 Mason Ave,Winnetka,CA,91306,2026-03-29T18:54:50.933464+00:00
Jacqueline Alvarado,,jacklynalv1@gmail,(209) 489-4359,New,csv_import,santa_cruz,General Membership,,Just exploring,call,Online,"Address: 7360 Jones Road, Winton, CA, 95388
How heard: Online",imported,9/13/1996,7360 Jones Road,Winton,CA,95388,2026-03-29T18:54:50.933464+00:00
Joshua Rotmensz,,joshuarotmensz@gmail.com,(818) 854-5971,New,csv_import,santa_cruz,General Membership,,Just exploring,call,my brother,"Address: 6433 Oakdale Ave, Woodland Hills, CA, 91367
How heard: my brother",imported,2/13/2005,6433 Oakdale Ave,Woodland Hills,CA,91367,2026-03-29T18:54:50.933464+00:00
Nathan Rotmensz,,nathanrotmensz@gmail.com,(323) 356-3968,New,csv_import,santa_cruz,General Membership,,Just exploring,call,son,"Address: 6433 Oakdale Ave, Woodland Hills, CA, 91367
How heard: son",imported,5/23/1966,6433 Oakdale Ave,Woodland Hills,CA,91367,2026-03-29T18:54:50.933464+00:00
Alexander Rotmensz,,alexanderrotmensz@gmail.com,(818) 359-6008,New,csv_import,santa_cruz,General Membership,,Just exploring,call,online,"Address: 6433 Oakdale Ave., Woodland Hills, CA, 91367
How heard: online",imported,1/19/2002,6433 Oakdale Ave.,Woodland Hills,CA,91367,2026-03-29T18:54:50.933464+00:00
Eva Lancaster,,evamarielancaster215@gmail.com,(530) 755-6584,New,csv_import,santa_cruz,General Membership,,Just exploring,call,Family,"Address: 1230 Pearsall Way, Yuba City, CA, 95991
How heard: Family",imported,2/15/2008,1230 Pearsall Way,Yuba City,CA,95991,2026-03-29T18:54:50.933464+00:00
Chris Lee,,askchrislee@gmail.com,(609) 285-8893,New,csv_import,santa_cruz,General Membership,,Just exploring,call,yelp,"Address: 865 S. Barrett, Yuba City, CA, 95991
How heard: yelp",imported,5/15/1995,865 S. Barrett,Yuba City,CA,95991,2026-03-29T18:54:50.933464+00:00
JASON KRISTAL,,jasonkristal@hotmail.com,(775) 339-1526,New,csv_import,santa_cruz,General Membership,,Just exploring,call,,"Address: PO BOX 11058, ZEPHYR COVE, NV, 89448",imported,8/27/1979,PO BOX 11058,ZEPHYR COVE,NV,89448,2026-03-29T18:54:50.933464+00:00
Henry + Frank Snyder,,,(415) 407-1356,New,csv_import,santa_cruz,General Membership,,Just exploring,call,Member - Dad,"Address: CA, 95003
How heard: Member - Dad",imported,,,,CA,95003,2026-03-29T18:54:50.933464+00:00
Samantha Richman,,samantha.rachel.richman@gmail.com,(917) 697-3219,New,csv_import,santa_cruz,General Membership,,Just exploring,call,google,"Address: 25 Central Park West Apt 6E, NY, 10023
How heard: google",imported,3/30/1994,25 Central Park West Apt 6E,,NY,10023,2026-03-29T18:54:50.933464+00:00
Mike Deal,,mkdeal@gmail.com,(703) 362-5977,New,csv_import,santa_cruz,General Membership,,Just exploring,call,,"Address: Falls Church, VA, 22042",imported,2/19/1982,Falls Church,,VA,22042,2026-03-29T18:54:50.933464+00:00
Nico Salvemini,,nico.salvemini.13@gmail.com,(415) 497-6012,New,csv_import,santa_cruz,General Membership,,Just exploring,call,Online,"Address: 770 Knollton Way
How heard: Online",imported,3/1/2000,770 Knollton Way,,,,2026-03-29T18:54:50.933464+00:00
Janna Mordan,,jannamordanosborne@gmail.com,(408) 608-7557,New,csv_import,santa_cruz,General Membership,,Just exploring,call,Social media,How heard: Social media,imported,1/11/1978,,,,,2026-03-29T18:54:50.933464+00:00
Jordan Marriott,,jordan.marriott@hotmail.com,(905) 325-3526,New,csv_import,santa_cruz,General Membership,,Just exploring,call,,,imported,5/19/1989,,,,,2026-03-29T18:54:50.933464+00:00
Misty Nutone,,mistytaz85@gmail.com,(205) 478-4697,New,csv_import,santa_cruz,General Membership,,Just exploring,call,,,imported,9/20/1985,,,,,2026-03-29T18:54:50.933464+00:00
Jian Ouyang,,jianojang@gmail.com,(571) 353-5619,New,csv_import,santa_cruz,General Membership,,Just exploring,call,,,imported,,,,,,2026-03-29T18:54:50.933464+00:00
Robert Oberst,,,(831) 998-0292,New,csv_import,santa_cruz,General Membership,,Just exploring,call,,,imported,,,,,,2026-03-29T18:54:50.933464+00:00
RL Blackwell,,rlblackwell88@yahoo.com,(408) 817-0992,New,csv_import,santa_cruz,General Membership,,Just exploring,call,,Address: 95383,imported,,,,,95383,2026-03-29T18:54:50.933464+00:00
STACY BROWN,,,(831) 000-0000,New,csv_import,santa_cruz,General Membership,,Just exploring,call,,Address: 95061,imported,,,,,95061,2026-03-29T18:54:50.933464+00:00
Lauren M. Balistreri,,laurenbalistreri@gmail.com,(408) 628-9661,New,csv_import,santa_cruz,General Membership,,Just exploring,call,,Address: 95010,imported,,,,,95010,2026-03-29T18:54:50.933464+00:00
BRAD BUGNA,,bradbugna1@gmail.com,(845) 803-0536,New,csv_import,santa_cruz,General Membership,,Just exploring,call,,Address: 10009,imported,,,,,10009,2026-03-29T18:54:50.933464+00:00
Anton Bischoff-Fredrick,,antonbfc@mac.com,(408) 829-0968,New,csv_import,santa_cruz,General Membership,,Just exploring,call,,Address: 95064,imported,4/3/2021,,,,95064,2026-03-29T18:54:50.933464+00:00
Joseph Bradford,,xcemtbjb@gmail.com,(831) 521-2024,New,csv_import,santa_cruz,General Membership,,Just exploring,call,,Address: 93940,imported,11/4/2023,,,,93940,2026-03-29T18:54:50.933464+00:00
Jeffery Bertalotto,,bertalottoj@gmail.com,(209) 648-5806,New,csv_import,santa_cruz,General Membership,,Just exploring,call,,Address: 95062,imported,3/11/2020,,,,95062,2026-03-29T18:54:50.933464+00:00
LUCAS BROCKENBOROUGH,,lucasbrockenborough@gmail.com,(415) 319-2393,New,csv_import,santa_cruz,General Membership,,Just exploring,call,,Address: 95062,imported,6/1/2022,,,,95062,2026-03-29T18:54:50.933464+00:00
Adam Ivan Barsness,,admbarsness@gmail.com,(530) 782-7447,New,csv_import,santa_cruz,General Membership,,Just exploring,call,,Address: 96052,imported,5/27/2023,,,,96052,2026-03-29T18:54:50.933464+00:00
Richard Acuña,,acuna.richarda@gmail.com,(248) 842-6552,New,csv_import,santa_cruz,General Membership,,Just exploring,call,,Address: 48026,imported,6/25/2022,,,,48026,2026-03-29T18:54:50.933464+00:00
Garret Anderson,,garretl.anderson@gmail.com,(916) 396-8672,New,csv_import,santa_cruz,General Membership,,Just exploring,call,,Address: 95062,imported,4/8/2022,,,,95062,2026-03-29T18:54:50.933464+00:00
Nicole Anicetti,,nanicetti92@gmail.com,(650) 580-7702,New,csv_import,santa_cruz,General Membership,,Just exploring,call,,Address: 94402,imported,12/29/2021,,,,94402,2026-03-29T18:54:50.933464+00:00
MIEKAEL HENBERU,,miekhel10@gmail.com,(510) 612-9445,New,csv_import,santa_cruz,General Membership,,Just exploring,call,,Address: 94605,imported,9/3/2024,,,,94605,2026-03-29T18:54:50.933464+00:00
James Whitson,,jmswhtsn@gmail.com,(949) 241-5017,New,csv_import,santa_cruz,General Membership,,Just exploring,call,,Address: 95060,imported,7/16/2024,,,,95060,2026-03-29T18:54:50.933464+00:00
Bryan Amaral,,bryunamaral88@gmail.com,(916) 606-9483,New,csv_import,santa_cruz,General Membership,,Just exploring,call,,Address: 95757,imported,6/5/2024,,,,95757,2026-03-29T18:54:50.933464+00:00
Karla Alexandra Alvarado,,alvarado kaa 92@gmail.com,(714) 592-6453,New,csv_import,santa_cruz,General Membership,,Just exploring,call,,Address: 95060,imported,1/31/2024,,,,95060,2026-03-29T18:54:50.933464+00:00
Leslie J Andrews,,lesliea@scitso.com,(831) 588-6676,New,csv_import,santa_cruz,General Membership,,Just exploring,call,,Address: 95060,imported,5/24/2023,,,,95060,2026-03-29T18:54:50.933464+00:00
EVAN ALBRIGHT,,jchbinevane@gmail.com,(650) 380-3798,New,csv_import,santa_cruz,General Membership,,Just exploring,call,,Address: 94301,imported,9/24/2022,,,,94301,2026-03-29T18:54:50.933464+00:00
Emilio Arechaderra,,eaaarecha@gmail.com,(925) 389-4492,New,csv_import,santa_cruz,General Membership,,Just exploring,call,,Address: 94507,imported,9/10/2022,,,,94507,2026-03-29T18:54:50.933464+00:00
Joseph Bradfold,,analyticblnx@gmail.com,(831) 521-7024,New,csv_import,santa_cruz,General Membership,,Just exploring,call,,Address: 93940,imported,7/17/2023,,,,93940,2026-03-29T18:54:50.933464+00:00
Lisa Cervantes,,lisacervantes@hotmail.com,(831) 227-1650,New,csv_import,santa_cruz,General Membership,,Just exploring,call,,Address: 95062,imported,7/11/2023,,,,95062,2026-03-29T18:54:50.933464+00:00
Lynn Falcon,,lfalcon@pacbell.net,(831) 239-2359,New,csv_import,santa_cruz,General Membership,,Just exploring,call,,Address: 95060,imported,8/21/2024,,,,95060,2026-03-29T18:54:50.933464+00:00
Andres Gonzales,,drejustdid@gmail.com,(707) 803-7371,New,csv_import,santa_cruz,General Membership,,Just exploring,call,,Address: 94833,imported,10/10/2023,,,,94833,2026-03-29T18:54:50.933464+00:00
Dylan Maung,,maungdylan@gmail.com,(415) 988-1006,New,csv_import,santa_cruz,General Membership,,Just exploring,call,,Address: 94132,imported,10/2/2023,,,,94132,2026-03-29T18:54:50.933464+00:00
Adrian Brasoveanu,,abrasvnu@gmail.com,(831) 331-1156,New,csv_import,santa_cruz,General Membership,,Just exploring,call,online - openhouse,How heard: online - openhouse,imported,1/28/1977,,,,,2026-03-29T18:54:50.933464+00:00
John Barlow,,,(408) 710-9497,New,csv_import,santa_cruz,General Membership,,Just exploring,call,,,imported,12/28/1986,,,,,2026-03-29T18:54:50.933464+00:00
Dustin Behne,,,(530) 327-8608,New,csv_import,santa_cruz,General Membership,,Just exploring,call,,,imported,3/9/1981,,,,,2026-03-29T18:54:50.933464+00:00
Daisy Baxter,,flower9power@yahoo.com,(831) 535-9353,New,csv_import,santa_cruz,General Membership,,Just exploring,call,SCDG,"Address: 207 Continental Street
How heard: SCDG",imported,3/5/1999,207 Continental Street,,,,2026-03-29T18:54:50.933464+00:00
Grace Ball,,gracemball@gmail.com,(614) 995-9552,New,csv_import,santa_cruz,General Membership,,Just exploring,call,,,imported,,,,,,2026-03-29T18:54:50.933464+00:00
David Ball,,ihaveeverything19@gmail.com,(614) 875-3784,New,csv_import,santa_cruz,General Membership,,Just exploring,call,,,imported,9/17/2006,,,,,2026-03-29T18:54:50.933464+00:00
Travis Duffy,,,(508) 567-8689,New,csv_import,santa_cruz,General Membership,,Just exploring,call,MAPS,How heard: MAPS,imported,11/16/1990,,,,,2026-03-29T18:54:50.933464+00:00
Aubrey Lincoln,,alincoln36@gmail.com,(480) 404-3629,New,csv_import,santa_cruz,General Membership,,Just exploring,call,google,How heard: google,imported,4/23/1993,,,,,2026-03-29T18:54:50.933464+00:00
Matthew Lim,,matthlim00@gmail.com,(770) 350-8686,New,csv_import,santa_cruz,General Membership,,Just exploring,call,,,imported,,,,,,2026-03-29T18:54:50.933464+00:00
Aidan Lucero,,aidanplucero@gmail.com,(831) 430-6074,New,csv_import,santa_cruz,General Membership,,Just exploring,call,Boss,"Address: 14 Torrey Oaks Ct
How heard: Boss",imported,3/6/2001,14 Torrey Oaks Ct,,,,2026-03-29T18:54:50.933464+00:00
Marisa Hur,,summer.snow129@gmail.com,(734) 678-7690,New,csv_import,santa_cruz,General Membership,,Just exploring,call,,,imported,1/29/1994,,,,,2026-03-29T18:54:50.933464+00:00
James Holloway,,jamesc1123@aim.com,(910) 922-0077,New,csv_import,santa_cruz,General Membership,,Just exploring,call,Apple Maps,How heard: Apple Maps,imported,,,,,,2026-03-29T18:54:50.933464+00:00
Jon Wells,,jon.steven.wells@gmail.com,(831) 239-0153,New,csv_import,santa_cruz,General Membership,,Just exploring,call,,Address: 95066,imported,2/10/2022,,,,95066,2026-03-29T18:54:50.933464+00:00
Joseph C Wood,,joecwood12@gmail.com,(925) 395-3552,New,csv_import,santa_cruz,General Membership,,Just exploring,call,,Address: 94549,imported,1/17/2022,,,,94549,2026-03-29T18:54:50.933464+00:00
Kara Wernick,,kara.wernick@gmail.com,(240) 449-7471,New,csv_import,santa_cruz,General Membership,,Just exploring,call,,Address: 95060,imported,7/22/2021,,,,95060,2026-03-29T18:54:50.933464+00:00
Parker Woodard,,parkerjwoodard@gmail.com,(831) 254-4500,New,csv_import,santa_cruz,General Membership,,Just exploring,call,,Address: 95062,imported,6/26/2020,,,,95062,2026-03-29T18:54:50.933464+00:00
Mingsheng Xu,,mingshengx@outlook.com,(831) 854-6648,New,csv_import,santa_cruz,General Membership,,Just exploring,call,,Address: 95060,imported,6/14/2024,,,,95060,2026-03-29T18:54:50.933464+00:00
Jessica Yan,,yanjessica353@gmail.com,(847) 922-0929,New,csv_import,santa_cruz,General Membership,,Just exploring,call,,Address: 94404,imported,2/24/2023,,,,94404,2026-03-29T18:54:50.933464+00:00
Jeremy Yamashiro,,jkyamashiro@yahoo.com,(801) 718-5695,New,csv_import,santa_cruz,General Membership,,Just exploring,call,,Address: 95060,imported,4/13/2021,,,,95060,2026-03-29T18:54:50.933464+00:00
Kourosh Ghadiri Zahrani,,kghadiri@usc.edu,(213) 568-5335,New,csv_import,santa_cruz,General Membership,,Just exploring,call,,Address: 90020,imported,9/20/2021,,,,90020,2026-03-29T18:54:50.933464+00:00
Marjorie Tranfield,,mitranfield@gmail.com,(317) 985-5767,New,csv_import,santa_cruz,General Membership,,Just exploring,call,,Address: 98250,imported,11/1/2022,,,,98250,2026-03-29T18:54:50.933464+00:00
Karina Tumko,,karina.tumko@gmail.com,(408) 341-5885,New,csv_import,santa_cruz,General Membership,,Just exploring,call,,Address: 95030,imported,6/16/2023,,,,95030,2026-03-29T18:54:50.933464+00:00
Julian Thompson,,thompsonneumann@gmail.com,(831) 359-3761,New,csv_import,santa_cruz,General Membership,,Just exploring,call,,Address: 94549,imported,7/11/2022,,,,94549,2026-03-29T18:54:50.933464+00:00
Joseph A Tobin,,jobin212@gmail.com,(908) 347-6932,New,csv_import,santa_cruz,General Membership,,Just exploring,call,,Address: 7916,imported,1/18/2022,,,,7916,2026-03-29T18:54:50.933464+00:00
Corey D Witt,,coreywitt630@gmail.com,(805) 630-9309,New,csv_import,santa_cruz,General Membership,,Just exploring,call,,Address: 95064,imported,6/27/2023,,,,95064,2026-03-29T18:54:50.933464+00:00
Matthew Wygant,,mw@matthewwygant.com,(408) 905-7630,New,csv_import,santa_cruz,General Membership,,Just exploring,call,,Address: 95033,imported,11/10/2022,,,,95033,2026-03-29T18:54:50.933464+00:00
CALEB M WINTERS,,winters.caleb@gmail.com,(765) 215-8058,New,csv_import,santa_cruz,General Membership,,Just exploring,call,,Address: 95126,imported,7/20/2022,,,,95126,2026-03-29T18:54:50.933464+00:00
Conor Warshawsky,,cawarshawsky@gmail.com,(707) 724-0555,New,csv_import,santa_cruz,General Membership,,Just exploring,call,,Address: 95687,imported,5/12/2022,,,,95687,2026-03-29T18:54:50.933464+00:00
Wesley Souder,,wesley.souder@gmail.com,(415) 858-9326,New,csv_import,santa_cruz,General Membership,,Just exploring,call,,Address: 95060,imported,,,,,95060,2026-03-29T18:54:50.933464+00:00
Richard Scholten,,pacificbuilder@sbcglobal.net,(408) 839-0967,New,csv_import,santa_cruz,General Membership,,Just exploring,call,,Address: 95010,imported,,,,,95010,2026-03-29T18:54:50.933464+00:00
Syon T Shaddox,,syon2113@gmail.com,(209) 256-1405,New,csv_import,santa_cruz,General Membership,,Just exploring,call,,Address: 95062,imported,,,,,95062,2026-03-29T18:54:50.933464+00:00
Tim Silva,,surf.secondpeak@gmail.com,(831) 345-0602,New,csv_import,santa_cruz,General Membership,,Just exploring,call,,Address: 95062,imported,,,,,95062,2026-03-29T18:54:50.933464+00:00
Aubrie Taut,,adtaut97@gmail.com,(909) 744-2186,New,csv_import,santa_cruz,General Membership,,Just exploring,call,,Address: 92584,imported,,,,,92584,2026-03-29T18:54:50.933464+00:00
Courtney Triggs,,ctriggs818@gmail.com,(931) 252-1099,New,csv_import,santa_cruz,General Membership,,Just exploring,call,,Address: 95060,imported,,,,,95060,2026-03-29T18:54:50.933464+00:00
Christopher G Sullivan,,musicalcardist@gmail.com,(805) 440-2173,New,csv_import,santa_cruz,General Membership,,Just exploring,call,,Address: 93444,imported,,,,,93444,2026-03-29T18:54:50.933464+00:00
Anthony Colicchio,,tony@tcdesignfab.com,(510) 589-8231,New,csv_import,santa_cruz,General Membership,,Just exploring,call,,Address: 95008,imported,09/19/23,,,,95008,2026-03-29T18:54:50.933464+00:00
Owen E Cottingnam,,owencottingham@gmail.com,(406) 599-8961,New,csv_import,santa_cruz,General Membership,,Just exploring,call,,Address: 59783,imported,05/15/23,,,,59783,2026-03-29T18:54:50.933464+00:00
Shayla Calderon,,shcalderon93@gmail.com,(305) 268-2660,New,csv_import,santa_cruz,General Membership,,Just exploring,call,,Address: 95062,imported,09/13/22,,,,95062,2026-03-29T18:54:50.933464+00:00
David Carrillo,,daacarri@ucsc.edu,(408) 480-0305,New,csv_import,santa_cruz,General Membership,,Just exploring,call,,Address: 95060,imported,01/03/22,,,,95060,2026-03-29T18:54:50.933464+00:00
